INSERT INTO country (code) VALUES
  ('ru'),
  ('by'),
  ('de'),
  ('en'),
  ('ua'),
  ('fr'),
  ('lt'),
  ('lv'),
  ('cn'),
  ('es'),
  ('us'),
  ('nl'),
  ('md'),
  ('jp'),
  ('bg'),
  ('cz'),
  ('si'),
  ('in'),
  ('is'),
  ('it'),
  ('at'),
  ('rs'),
  ('gb'),
  ('eg'),
  ('ch'),
  ('ps'),
  ('hr'),
  ('ca'),
  ('cy'),
  ('tr'),
  ('pl');

INSERT INTO language (language_name) VALUES
  ('be'),
  ('ru'),
  ('cz'),
  ('en'),
  ('fr'),
  ('de'),
  ('uk');


INSERT INTO language_translate (language_to_translate,language_name,name) VALUES
  ('be','ru','белорусский'),
  ('ru','ru','русский'),
  ('cz','ru','чешский'),
  ('en','ru','английский'),
  ('fr','ru','французский'),
  ('de','ru','немецкий'),
  ('uk','ru','украинский'),
  ('ru','en','russian'),
  ('be','en','belarusian');

INSERT INTO country_translate (country_code, lan_name, name) VALUES
  ('ru', 'ru', 'Российская Федерация'),
  ('ru', 'en', 'Russian Federation'),
  ('by', 'ru', 'Республика Беларусь'),
  ('by', 'en', 'Republic of Belarus'),
  ('de', 'ru', 'Федеративная Республика Германия'),
  ('de', 'en', 'Federal Republic of Germany'),
  ('en', 'ru', 'Англия'),
  ('en', 'en', 'England'),
  ('ua', 'ru', 'Украина'),
  ('ua', 'en', 'Ukraine'),
  ('lt', 'ru', 'Литовская Республика'),
  ('lt', 'en', 'Lithuania'),
  ('cn', 'ru', 'Китайская Народная Республика'),
  ('cn', 'en', 'Peoples Republic of China'),
  ('es', 'ru', 'Королевство Испания'),
  ('es', 'en', 'Kingdom of Spain'),
  ('us', 'ru', 'Соединённые Штаты Америки'),
  ('us', 'en', 'United States of America');


INSERT INTO user (login,password,name,surname,phone,email) VALUES
('pavel', MD5('3455'), 'Pavel', 'Sinelnikov', '+3252525', 'asd@gmail.com'),
('login8o5vj4mdkd','74214088','Дмитрий','Иванов','+375382868518','8o5vj4mdkd@gmail.com'),
('loginxl5k8m24lx','02621165','Артем','Иванов','+375814434644','xl5k8m24lx@gmail.com'),
('login4o47zru1qt','46406567','Алексей','Козик','+375357181627','4o47zru1qt@gmail.com'),
('loginsoxy3dh1oh','74867656','Георгий','Савченко','+375362377832','soxy3dh1oh@gmail.com'),
('loginhmbzyff23i','26842132','Игорь','Синельников','+375282618364','hmbzyff23i@gmail.com'),
('logina2he41ruqt','10576626','Александр','Иванов','+375304078702','a2he41ruqt@gmail.com'),
('loging8hh9rbbdo','30511444','Афанасий','Рубин','+375027031451','g8hh9rbbdo@gmail.com'),
('login162t4vq0q4','76578436','Александр','Ковалев','+375874263752','162t4vq0q4@gmail.com'),
('login544xypysab','20241538','Михаил','Синельников','+375700238872','544xypysab@gmail.com'),
('loginipgkuremit','35078618','Алексей','Слука','+375504002332','ipgkuremit@gmail.com'),
('login5lo48unl8m','10627721','Артем','Зверуго','+375270723210','5lo48unl8m@gmail.com'),
('login1ops7yx5ne','06521422','Афанасий','Сергеев','+375174743271','1ops7yx5ne@gmail.com'),
('loginmzjghkwlza','14734833','Александр','Давыденко','+375068502703','mzjghkwlza@gmail.com'),
('loginogra2w3kuf','78213046','Иван','Сергеев','+375687766466','ogra2w3kuf@gmail.com'),
('loginev7zwofk3o','54048744','Афанасий','Давыденко','+375626585864','ev7zwofk3o@gmail.com'),
('logins44mw2i37v','30388612','Афанасий','Савченко','+375188200151','s44mw2i37v@gmail.com'),
('loginysh0uvbi81','10524715','Юрий','Богумильчик','+375635133330','ysh0uvbi81@gmail.com'),
('logintgb5a54fg0','80258226','Михаил','Синельников','+375880108802','tgb5a54fg0@gmail.com'),
('login78lc85tfjh','60026136','Иван','Иванов','+375186873424','78lc85tfjh@gmail.com'),
('loginsz2xgpyewd','81871738','Генрих','Сергеев','+375201615614','sz2xgpyewd@gmail.com'),
('login60xsvllj8k','13678225','Павел','Сергеев','+375348754431','60xsvllj8k@gmail.com'),
('loginbwgz9ag30a','87484366','Михаил','Рубин','+375823338401','bwgz9ag30a@gmail.com'),
('loginvy2zb4cpym','11081362','Павел','Рябцев','+375672245635','vy2zb4cpym@gmail.com'),
('login9lxonsuw25','28623080','Павел','Иванов','+375765483227','9lxonsuw25@gmail.com'),
('login3q8jiw0ax8','72585837','Андрей','Богумильчик','+375420253618','3q8jiw0ax8@gmail.com'),
('loginqczv7p7ghw','25070501','Александр','Борискин','+375182286553','qczv7p7ghw@gmail.com'),
('loginombjs1ul2r','53608648','Михаил','Синельников','+375012410623','ombjs1ul2r@gmail.com'),
('login2cpwwwmas9','52733186','Генрих','Иванов','+375837566877','2cpwwwmas9@gmail.com'),
('login8qtxpbp9yc','63563215','Юрий','Гапеенко','+375152840600','8qtxpbp9yc@gmail.com'),
('loginc1fdcbdypu','83883788','Евгений','Сергеев','+375763077312','c1fdcbdypu@gmail.com'),
('login24icbmyg8r','62505311','Дмитрий','Синельников','+375116126870','24icbmyg8r@gmail.com'),
('loginvg1b3g1gbz','85066583','Александр','Иванов','+375242554483','vg1b3g1gbz@gmail.com'),
('loginlfnti6x97m','31755125','Генрих','Артемьев','+375841364373','lfnti6x97m@gmail.com'),
('logindxzrcotfyi','53450133','Александр','Савченко','+375233751118','dxzrcotfyi@gmail.com'),
('login1yeky7f5ll','44485071','Юрий','Иванов','+375733612631','1yeky7f5ll@gmail.com'),
('login5cyzf9dst9','73362122','Александр','Гапеенко','+375564224455','5cyzf9dst9@gmail.com'),
('loginuugvsr5fay','62055030','Дмитрий','Синельников','+375878544637','uugvsr5fay@gmail.com'),
('loginybh3tbdyhq','21801258','Георгий','Давыденко','+375845650873','ybh3tbdyhq@gmail.com'),
('logingidfnofwb6','27427188','Генрих','Артемьев','+375446837545','gidfnofwb6@gmail.com'),
('login8w7enfqwk5','23574656','Георгий','Борискин','+375678444476','8w7enfqwk5@gmail.com'),
('loginm95pfexz2x','61450570','Евгений','Иванов','+375358381770','m95pfexz2x@gmail.com'),
('loginn08yb20sn7','82474560','Дмитрий','Слука','+375247256814','n08yb20sn7@gmail.com'),
('loginfegt9s3s2m','15333454','Георгий','Козик','+375271742858','fegt9s3s2m@gmail.com'),
('loginyp1865nydm','06675783','Иван','Козик','+375384302300','yp1865nydm@gmail.com'),
('loginiiikjgyj59','40368656','Георгий','Борискин','+375580688772','iiikjgyj59@gmail.com'),
('loginro0wz5xcko','03400755','Генрих','Ковалев','+375327751147','ro0wz5xcko@gmail.com'),
('loginkn9q0k8kuj','37040144','Дмитрий','Богумильчик','+375517055162','kn9q0k8kuj@gmail.com'),
('login1pesumlh4t','40635322','Георгий','Богумильчик','+375683024707','1pesumlh4t@gmail.com'),
('loginqnhajxzigg','83411341','Федор','Зверуго','+375376861375','qnhajxzigg@gmail.com'),
('logina7bnqv5l6m','12285160','Александр','Артемьев','+375317001832','a7bnqv5l6m@gmail.com'),
('loginu0irwvlk8w','10205717','Павел','Слука','+375568606523','u0irwvlk8w@gmail.com'),
('loginbv1vg3pqu2','38606640','Генрих','Давыденко','+375862208543','bv1vg3pqu2@gmail.com'),
('logini7t94grubo','45703013','Андрей','Ковалев','+375700512727','i7t94grubo@gmail.com'),
('login6x06mnmnmv','32286736','Георгий','Рябцев','+375370742784','6x06mnmnmv@gmail.com'),
('logindogovd5u53','87416436','Алексей','Иванов','+375238232530','dogovd5u53@gmail.com'),
('logins1iwebyq30','68456140','Евгений','Ковалев','+375308882745','s1iwebyq30@gmail.com'),
('loginnif1g5ne6v','37878278','Игорь','Артемьев','+375561446260','nif1g5ne6v@gmail.com'),
('loginqdds0487rv','45354688','Павел','Ковалев','+375314210528','qdds0487rv@gmail.com'),
('loginwlaqsyjo9l','03748461','Иван','Артемьев','+375237267467','wlaqsyjo9l@gmail.com'),
('loginul3hg7tm0c','84481721','Георгий','Иванов','+375148265023','ul3hg7tm0c@gmail.com'),
('login95324a5k6v','34788518','Евгений','Богумильчик','+375354267762','95324a5k6v@gmail.com'),
('loginp1lfk5bjki','67223152','Павел','Давыденко','+375647242654','p1lfk5bjki@gmail.com'),
('loging1iyvfpw9h','44017233','Генрих','Козик','+375355801600','g1iyvfpw9h@gmail.com'),
('loginmhyxedd0rq','00136218','Афанасий','Иванов','+375552646773','mhyxedd0rq@gmail.com'),
('loginapn3phykcu','53738865','Юрий','Давыденко','+375233540005','apn3phykcu@gmail.com'),
('loginofo5fvrtbe','85444227','Алексей','Сергеев','+375486472877','ofo5fvrtbe@gmail.com'),
('loginzcalktrht0','82676140','Андрей','Савченко','+375626132331','zcalktrht0@gmail.com'),
('login7g5tzsx1cc','36718457','Александр','Гапеенко','+375683070537','7g5tzsx1cc@gmail.com'),
('loginmyl9xlyz12','61863030','Афанасий','Борискин','+375550160307','myl9xlyz12@gmail.com'),
('loginknji8smuij','62824134','Александр','Рубин','+375185854107','knji8smuij@gmail.com'),
('login25hf3gsyvr','78738030','Федор','Сергеев','+375651277611','25hf3gsyvr@gmail.com'),
('loginhzol30m8df','40213120','Иван','Иванов','+375058720786','hzol30m8df@gmail.com'),
('loginmiee6fpgje','76044662','Артем','Иванов','+375824758473','miee6fpgje@gmail.com'),
('loginnos767az7u','28880576','Иван','Синельников','+375077100857','nos767az7u@gmail.com'),
('loginlf4v4e3apg','76274266','Афанасий','Гапеенко','+375725523305','lf4v4e3apg@gmail.com'),
('loginizj7nnx6nn','07680877','Максим','Рябцев','+375006608271','izj7nnx6nn@gmail.com'),
('login3dxpt6oedk','08728730','Юрий','Иванов','+375874500801','3dxpt6oedk@gmail.com'),
('loginmvxvdi7awl','82306573','Павел','Иванов','+375301426016','mvxvdi7awl@gmail.com'),
('loginyj8z368thf','16724205','Генрих','Иванов','+375646252423','yj8z368thf@gmail.com'),
('loginqwh71rryho','04330545','Андрей','Давыденко','+375787258842','qwh71rryho@gmail.com'),
('loginecqm5kwz50','38057020','Михаил','Богумильчик','+375253211334','ecqm5kwz50@gmail.com'),
('loginxw4ls1oaff','67414344','Михаил','Гапеенко','+375686575016','xw4ls1oaff@gmail.com'),
('loginotzrykf1vx','73437427','Георгий','Иванов','+375612258118','otzrykf1vx@gmail.com'),
('loginrhga32f7t2','03286725','Федор','Рябцев','+375267505127','rhga32f7t2@gmail.com'),
('loginbg00i8myy6','50455131','Дмитрий','Козик','+375855163070','bg00i8myy6@gmail.com'),
('loginx33pki1ude','48207050','Игорь','Синельников','+375606312572','x33pki1ude@gmail.com'),
('loginenpu26jq6a','87605844','Игорь','Артемьев','+375540130275','enpu26jq6a@gmail.com'),
('logindjufl9w4hg','52206128','Георгий','Гапеенко','+375467484334','djufl9w4hg@gmail.com'),
('login66s0v465g4','15638167','Александр','Артемьев','+375033270876','66s0v465g4@gmail.com'),
('loginl3yrk10308','01575806','Андрей','Зверуго','+375866134304','l3yrk10308@gmail.com'),
('loginjssedsc8t4','85745223','Георгий','Козик','+375700877126','jssedsc8t4@gmail.com'),
('loginw2j918d24r','86013848','Алексей','Борискин','+375176583127','w2j918d24r@gmail.com'),
('loginp6cn3ue4xg','57520465','Александр','Зверуго','+375685330253','p6cn3ue4xg@gmail.com'),
('login2zrkk6raoi','28173873','Михаил','Савченко','+375237726038','2zrkk6raoi@gmail.com'),
('login5u9vaqj83a','33374125','Генрих','Слука','+375741456624','5u9vaqj83a@gmail.com'),
('login5yd1sor9e5','40380241','Алексей','Гапеенко','+375580130788','5yd1sor9e5@gmail.com'),
('loginvsj84qowmq','85275861','Максим','Зверуго','+375666807474','vsj84qowmq@gmail.com'),
('loginb7n44lftiy','77540443','Максим','Богумильчик','+375184506751','b7n44lftiy@gmail.com'),
('loginuj43ssxqr0','17623207','Евгений','Синельников','+375042572400','uj43ssxqr0@gmail.com'),
('logino2t76uko5r','41382706','Иван','Слука','+375516756121','o2t76uko5r@gmail.com'),
('login4bbydl53rh','42726151','Александр','Богумильчик','+375101142721','4bbydl53rh@gmail.com'),
('logindxj7l8b82i','71608527','Алексей','Борискин','+375054178458','dxj7l8b82i@gmail.com'),
('login3ixzwivexj','17558066','Алексей','Рубин','+375375065003','3ixzwivexj@gmail.com'),
('login1hvt4elyvd','43218214','Михаил','Борискин','+375382537665','1hvt4elyvd@gmail.com'),
('login1khnxlwvm0','23806865','Артем','Слука','+375446688631','1khnxlwvm0@gmail.com'),
('loginae37dt1k5e','56728023','Артем','Иванов','+375886403240','ae37dt1k5e@gmail.com'),
('login8b2hdoxu0u','48814450','Алексей','Богумильчик','+375443132481','8b2hdoxu0u@gmail.com'),
('loginl6x2gjw6cy','61725768','Юрий','Савченко','+375724007156','l6x2gjw6cy@gmail.com'),
('login3hidkqghse','84454587','Дмитрий','Гапеенко','+375247313836','3hidkqghse@gmail.com'),
('loginebwq8pde12','84301384','Александр','Ковалев','+375725471223','ebwq8pde12@gmail.com'),
('login0b5e4tmpr0','03044404','Федор','Синельников','+375528577428','0b5e4tmpr0@gmail.com'),
('loginlaq8job2ej','02680860','Юрий','Иванов','+375713521043','laq8job2ej@gmail.com'),
('login22gt77m679','73365824','Максим','Гапеенко','+375480145220','22gt77m679@gmail.com'),
('logincgcg5din82','62103572','Федор','Рубин','+375155384481','cgcg5din82@gmail.com'),
('login1wb546qyz7','61762653','Максим','Козик','+375844582145','1wb546qyz7@gmail.com'),
('loginvvz6kjmzyh','60113766','Дмитрий','Артемьев','+375524726767','vvz6kjmzyh@gmail.com'),
('loginqr97b08j3i','12037324','Дмитрий','Иванов','+375571815346','qr97b08j3i@gmail.com'),
('loginqcktk0b0ig','87401202','Павел','Синельников','+375783782345','qcktk0b0ig@gmail.com'),
('logina3qoyxi1qv','03212741','Андрей','Ковалев','+375001836251','a3qoyxi1qv@gmail.com'),
('loginlunek8igzf','30027704','Игорь','Иванов','+375087226751','lunek8igzf@gmail.com'),
('loginukst4hlcya','44030358','Евгений','Борискин','+375543548056','ukst4hlcya@gmail.com'),
('loginoeh7xtm8wo','46757522','Игорь','Зверуго','+375261726454','oeh7xtm8wo@gmail.com'),
('logincrx8io9l90','67672587','Александр','Иванов','+375133755375','crx8io9l90@gmail.com'),
('login618sssd8ua','61772508','Максим','Гапеенко','+375257730551','618sssd8ua@gmail.com'),
('loginzb9iheowpm','85040785','Игорь','Борискин','+375571418214','zb9iheowpm@gmail.com'),
('logintav6657n6m','60172538','Артем','Савченко','+375166131047','tav6657n6m@gmail.com'),
('login2wpu2ktym8','47172460','Георгий','Гапеенко','+375454443873','2wpu2ktym8@gmail.com'),
('loginmxaupt1reg','36431322','Афанасий','Зверуго','+375080821527','mxaupt1reg@gmail.com'),
('loginos8jdf3f1k','17065672','Андрей','Ковалев','+375625084507','os8jdf3f1k@gmail.com'),
('loginx5rvhszib7','22485330','Генрих','Гапеенко','+375020657782','x5rvhszib7@gmail.com'),
('loginpl2axw4a5s','71620177','Игорь','Иванов','+375472523186','pl2axw4a5s@gmail.com'),
('login1csuk692xe','51442364','Генрих','Рубин','+375335348037','1csuk692xe@gmail.com'),
('login399gg3ahz5','01640818','Павел','Иванов','+375852674664','399gg3ahz5@gmail.com'),
('loginely1r97vhq','16714161','Артем','Богумильчик','+375213084542','ely1r97vhq@gmail.com'),
('loginzm4kerfau6','16445511','Максим','Артемьев','+375076740400','zm4kerfau6@gmail.com'),
('loginlelrqb4o8z','22788614','Михаил','Давыденко','+375774687638','lelrqb4o8z@gmail.com'),
('loginhnm21hnml2','11416365','Алексей','Богумильчик','+375016227273','hnm21hnml2@gmail.com'),
('logino8z6w0uh8k','32216710','Андрей','Давыденко','+375776817751','o8z6w0uh8k@gmail.com'),
('logint39n26rpn8','11562281','Федор','Богумильчик','+375534708035','t39n26rpn8@gmail.com'),
('login6n4zkpq04a','10706045','Иван','Давыденко','+375617250077','6n4zkpq04a@gmail.com'),
('loginxiqabxsfs2','37827571','Афанасий','Борискин','+375335524485','xiqabxsfs2@gmail.com'),
('loginzau0hxdiyi','07734245','Андрей','Савченко','+375436156748','zau0hxdiyi@gmail.com'),
('logind9kpwv3ymb','38874453','Игорь','Сергеев','+375723736456','d9kpwv3ymb@gmail.com'),
('logingyg056xod8','82725448','Федор','Синельников','+375856757161','gyg056xod8@gmail.com'),
('login6z3jf8e0kf','45208188','Федор','Артемьев','+375355474445','6z3jf8e0kf@gmail.com'),
('loginfxclfaj5s6','68186267','Максим','Козик','+375468805163','fxclfaj5s6@gmail.com'),
('login1e2rn0n8mm','71286216','Михаил','Рябцев','+375633362436','1e2rn0n8mm@gmail.com'),
('loginrb8lvq67rd','26372076','Алексей','Савченко','+375823477286','rb8lvq67rd@gmail.com'),
('login6nuvw1i018','17567714','Алексей','Сергеев','+375333475258','6nuvw1i018@gmail.com'),
('loginti4ys1gcsg','20700747','Иван','Рубин','+375310534046','ti4ys1gcsg@gmail.com'),
('loginlotlp6a9i0','02318132','Павел','Иванов','+375550103030','lotlp6a9i0@gmail.com'),
('loginpv5ia76144','68702256','Андрей','Рубин','+375182370044','pv5ia76144@gmail.com'),
('loginko0h8ra6d6','34733472','Михаил','Иванов','+375840640481','ko0h8ra6d6@gmail.com'),
('loginflwxuoqa7f','68310305','Юрий','Ковалев','+375727617877','flwxuoqa7f@gmail.com'),
('login3petsgiq5q','23583534','Артем','Иванов','+375626254633','3petsgiq5q@gmail.com'),
('loginh87dutmlig','85845557','Евгений','Богумильчик','+375374645216','h87dutmlig@gmail.com'),
('loginlximyqzggu','73012564','Иван','Слука','+375332805680','lximyqzggu@gmail.com'),
('login25xzwfsix9','80785011','Георгий','Рябцев','+375454082262','25xzwfsix9@gmail.com'),
('loginbojxy9tb0n','61021437','Иван','Давыденко','+375517368756','bojxy9tb0n@gmail.com'),
('login8xdtunvdwm','11622254','Максим','Гапеенко','+375067585202','8xdtunvdwm@gmail.com'),
('loginrdbq8g2mi9','03238781','Михаил','Синельников','+375532333577','rdbq8g2mi9@gmail.com'),
('logintonlpt30u0','27473413','Павел','Рябцев','+375088353062','tonlpt30u0@gmail.com'),
('loginkjij2ztse4','56554255','Афанасий','Слука','+375636810561','kjij2ztse4@gmail.com'),
('loginkri2vamst7','02037046','Александр','Синельников','+375068758740','kri2vamst7@gmail.com'),
('loginkrvx5s6bbo','12056535','Генрих','Артемьев','+375043071620','krvx5s6bbo@gmail.com'),
('loginvnpv7cpcb9','58173634','Павел','Синельников','+375772308702','vnpv7cpcb9@gmail.com'),
('loginryouo43b5t','73288701','Андрей','Рубин','+375433300145','ryouo43b5t@gmail.com'),
('login0fjjf0dh0l','12818877','Федор','Зверуго','+375307884061','0fjjf0dh0l@gmail.com'),
('loginhdfnjun11j','48043045','Андрей','Рябцев','+375244244573','hdfnjun11j@gmail.com'),
('loginrp47lyisj9','06144254','Игорь','Иванов','+375657752360','rp47lyisj9@gmail.com'),
('login8dx46yc7h8','36227361','Юрий','Козик','+375865164882','8dx46yc7h8@gmail.com'),
('login0yntf4t4ct','25730732','Юрий','Рябцев','+375358867134','0yntf4t4ct@gmail.com'),
('loginwbhqjsagi6','41188376','Андрей','Артемьев','+375732080344','wbhqjsagi6@gmail.com'),
('login19l2s6m54z','63801475','Максим','Ковалев','+375032684114','19l2s6m54z@gmail.com'),
('login7u8rcqrm0l','03104670','Артем','Иванов','+375118748160','7u8rcqrm0l@gmail.com'),
('login751ervgjfd','67246155','Евгений','Богумильчик','+375721011171','751ervgjfd@gmail.com'),
('loginga0ah9wgvo','85003380','Артем','Богумильчик','+375658811634','ga0ah9wgvo@gmail.com'),
('loginjp89m78rmn','16482317','Игорь','Слука','+375418123276','jp89m78rmn@gmail.com'),
('login5ho8d9mcta','66855222','Юрий','Козик','+375203572252','5ho8d9mcta@gmail.com'),
('loginfit0cghwbd','86057228','Юрий','Борискин','+375062637258','fit0cghwbd@gmail.com'),
('loginnqeanuzj03','88570841','Максим','Сергеев','+375036587215','nqeanuzj03@gmail.com'),
('login7vpw9qijw2','20258832','Александр','Синельников','+375520708120','7vpw9qijw2@gmail.com'),
('loginj91jh3amru','37158157','Федор','Козик','+375508032817','j91jh3amru@gmail.com'),
('login0dxlnllfma','57011775','Генрих','Гапеенко','+375272381724','0dxlnllfma@gmail.com'),
('loginf92g86yhti','24363704','Федор','Сергеев','+375812255246','f92g86yhti@gmail.com'),
('logind5lv79ln59','20765074','Андрей','Богумильчик','+375630685406','d5lv79ln59@gmail.com'),
('loginviybl7z2q4','34573115','Андрей','Гапеенко','+375350600834','viybl7z2q4@gmail.com'),
('logintfokv1vzjk','74628672','Алексей','Гапеенко','+375832327852','tfokv1vzjk@gmail.com'),
('loginx1zpd27pwd','47263832','Александр','Борискин','+375560357438','x1zpd27pwd@gmail.com'),
('loginme8bh5ls0u','01142105','Александр','Слука','+375823784622','me8bh5ls0u@gmail.com'),
('login47xvqt4psl','73873457','Игорь','Козик','+375185040627','47xvqt4psl@gmail.com'),
('loginbzhq5i54j0','66208635','Михаил','Козик','+375707728516','bzhq5i54j0@gmail.com'),
('loginxak3v1idnf','11675348','Генрих','Богумильчик','+375260223128','xak3v1idnf@gmail.com'),
('logindddwju3qof','47081415','Иван','Иванов','+375541437560','dddwju3qof@gmail.com'),
('loginb74ukkt0cr','44123065','Алексей','Ковалев','+375123051248','b74ukkt0cr@gmail.com'),
('loginlqy66utl6f','14316077','Афанасий','Ковалев','+375550483451','lqy66utl6f@gmail.com'),
('loginmry2yume7q','75034071','Андрей','Савченко','+375333124510','mry2yume7q@gmail.com'),
('logini81e6oc6hv','34456725','Павел','Рубин','+375224042152','i81e6oc6hv@gmail.com'),
('loginoa79esxrjj','74446568','Михаил','Козик','+375568455883','oa79esxrjj@gmail.com'),
('logint38vhlqond','75853207','Максим','Зверуго','+375445030841','t38vhlqond@gmail.com'),
('login8xqzjlmi3u','51385227','Павел','Борискин','+375156270264','8xqzjlmi3u@gmail.com'),
('loginsh8mxsj8si','30024338','Александр','Артемьев','+375230257015','sh8mxsj8si@gmail.com'),
('loginvtehjmyxsv','45081126','Евгений','Ковалев','+375710328513','vtehjmyxsv@gmail.com'),
('loging053b8tlc4','17837801','Георгий','Артемьев','+375814415342','g053b8tlc4@gmail.com'),
('loginecht8lp3ts','33246120','Афанасий','Рябцев','+375505530061','echt8lp3ts@gmail.com'),
('loginaqjvj5p4i3','16005473','Дмитрий','Ковалев','+375730727140','aqjvj5p4i3@gmail.com'),
('logind91hjulq0a','25772503','Павел','Козик','+375333218573','d91hjulq0a@gmail.com'),
('logingrblwjkkmm','22260481','Павел','Сергеев','+375681112472','grblwjkkmm@gmail.com'),
('login6rfgw4ijsb','12643864','Максим','Гапеенко','+375214338327','6rfgw4ijsb@gmail.com'),
('login7v4hy2u8sz','24346817','Федор','Слука','+375264385662','7v4hy2u8sz@gmail.com'),
('loginww4yp2nb48','83040734','Михаил','Рубин','+375167445036','ww4yp2nb48@gmail.com'),
('loginaoduopc55g','34343026','Андрей','Зверуго','+375005430823','aoduopc55g@gmail.com'),
('loginzt8xeaxhxu','70808824','Алексей','Синельников','+375161836885','zt8xeaxhxu@gmail.com'),
('logintzu81dsinr','87540850','Алексей','Давыденко','+375560088053','tzu81dsinr@gmail.com'),
('login6ufac5uei7','53417543','Федор','Давыденко','+375157715626','6ufac5uei7@gmail.com'),
('logink8nnn6h6o8','58743255','Евгений','Зверуго','+375573016312','k8nnn6h6o8@gmail.com'),
('loginw3lgyuirmj','76174232','Павел','Ковалев','+375661061844','w3lgyuirmj@gmail.com'),
('logincq9ysmbddc','24531282','Игорь','Савченко','+375262057255','cq9ysmbddc@gmail.com'),
('loginhqbv78v0xk','36177506','Иван','Савченко','+375602007375','hqbv78v0xk@gmail.com'),
('loginyubw7ik9dm','46210432','Андрей','Борискин','+375766318258','yubw7ik9dm@gmail.com'),
('logins0ifj855vn','27323200','Иван','Савченко','+375740675155','s0ifj855vn@gmail.com'),
('loginq9zf07z25y','56182785','Афанасий','Богумильчик','+375608357635','q9zf07z25y@gmail.com'),
('loginzsk3rdenby','35188141','Александр','Иванов','+375871418131','zsk3rdenby@gmail.com'),
('loginieif17lwbx','47562786','Федор','Зверуго','+375458251204','ieif17lwbx@gmail.com'),
('logint6ptns3co0','20754554','Павел','Гапеенко','+375023114553','t6ptns3co0@gmail.com'),
('login5f7j6lrqal','51800676','Михаил','Савченко','+375116668226','5f7j6lrqal@gmail.com'),
('loginqtam7mvwpn','43484845','Игорь','Слука','+375160668126','qtam7mvwpn@gmail.com'),
('login0h737xuh9d','13860683','Михаил','Богумильчик','+375043528365','0h737xuh9d@gmail.com'),
('loginqu14t015xq','33740477','Георгий','Богумильчик','+375264013317','qu14t015xq@gmail.com'),
('loginjv84eiwt0n','65113022','Федор','Борискин','+375187044573','jv84eiwt0n@gmail.com'),
('loginjk25rzmu4t','11077353','Евгений','Иванов','+375054548031','jk25rzmu4t@gmail.com'),
('loginn3n3xudwa2','11423846','Афанасий','Борискин','+375857661864','n3n3xudwa2@gmail.com'),
('logingxdb0zugw5','86860438','Александр','Синельников','+375606216321','gxdb0zugw5@gmail.com'),
('logingdhs22womi','52766523','Игорь','Иванов','+375401003611','gdhs22womi@gmail.com'),
('loginrsn2wkteor','08377261','Максим','Давыденко','+375756668533','rsn2wkteor@gmail.com'),
('login04cz7tvwie','85763270','Игорь','Савченко','+375324236543','04cz7tvwie@gmail.com'),
('loginpovami7fi0','55782260','Александр','Борискин','+375640541202','povami7fi0@gmail.com'),
('loginh1jwfdrdz2','00757680','Иван','Борискин','+375413567805','h1jwfdrdz2@gmail.com'),
('loginfiwn3igiad','22437086','Максим','Слука','+375862138814','fiwn3igiad@gmail.com'),
('loginn4a3mj78sg','66331844','Афанасий','Рябцев','+375378776346','n4a3mj78sg@gmail.com'),
('logintq47j1uiyb','75174410','Андрей','Ковалев','+375528524466','tq47j1uiyb@gmail.com'),
('loginsz6v8cgnk3','60370152','Генрих','Зверуго','+375583014247','sz6v8cgnk3@gmail.com'),
('loginnn73j10gkn','03033840','Александр','Богумильчик','+375538613726','nn73j10gkn@gmail.com'),
('loginysi57ozqv6','87657216','Михаил','Сергеев','+375125242335','ysi57ozqv6@gmail.com'),
('loginvt1fhskpnn','20483581','Генрих','Сергеев','+375773213461','vt1fhskpnn@gmail.com'),
('login7qbfnslon1','06435381','Евгений','Савченко','+375436608820','7qbfnslon1@gmail.com'),
('loginhfc4d7uek0','05277303','Дмитрий','Ковалев','+375425840323','hfc4d7uek0@gmail.com'),
('loginnqoejzkjpc','02668067','Игорь','Богумильчик','+375547152401','nqoejzkjpc@gmail.com'),
('login7kvlsmqig6','42461767','Афанасий','Иванов','+375026073204','7kvlsmqig6@gmail.com'),
('login3ft1ou6gqm','26517783','Федор','Ковалев','+375324185556','3ft1ou6gqm@gmail.com'),
('loginyxernq1lz8','65657428','Алексей','Артемьев','+375320005746','yxernq1lz8@gmail.com'),
('login99qf8rma3y','28667644','Иван','Артемьев','+375554047212','99qf8rma3y@gmail.com'),
('logintd5na5l9zp','58865702','Павел','Гапеенко','+375850230005','td5na5l9zp@gmail.com'),
('logincm6iebv5qy','78184588','Афанасий','Иванов','+375852286041','cm6iebv5qy@gmail.com'),
('loginda0no9cah6','55102404','Александр','Давыденко','+375287776232','da0no9cah6@gmail.com'),
('loginjss5x2jhqf','80301742','Иван','Иванов','+375264783567','jss5x2jhqf@gmail.com'),
('loginxtnldshrf5','38800008','Иван','Иванов','+375055614142','xtnldshrf5@gmail.com'),
('logind8ljgo954y','52836726','Евгений','Рябцев','+375764185726','d8ljgo954y@gmail.com'),
('loginmy9h9en5wi','28478286','Евгений','Борискин','+375320635471','my9h9en5wi@gmail.com'),
('loginv8wrespfgf','40535648','Федор','Зверуго','+375782722408','v8wrespfgf@gmail.com'),
('loginarldktc1z7','13155206','Максим','Зверуго','+375252158183','arldktc1z7@gmail.com'),
('loginvxv1ho2ubx','17114034','Андрей','Зверуго','+375250557635','vxv1ho2ubx@gmail.com'),
('loginlfgy00v82m','75888182','Федор','Давыденко','+375222087801','lfgy00v82m@gmail.com'),
('loginym735324ft','66266054','Михаил','Козик','+375217200244','ym735324ft@gmail.com'),
('login5a36nonxjn','86654160','Александр','Богумильчик','+375041780273','5a36nonxjn@gmail.com'),
('loginyyjt8jjssq','44852070','Генрих','Ковалев','+375664421050','yyjt8jjssq@gmail.com'),
('login892lrm1exu','45755072','Георгий','Зверуго','+375703835340','892lrm1exu@gmail.com'),
('login1osocdooia','40858336','Михаил','Савченко','+375512781667','1osocdooia@gmail.com'),
('login3517y2m43n','12461520','Федор','Сергеев','+375360840551','3517y2m43n@gmail.com'),
('loginjvc3egh1kh','06472005','Афанасий','Слука','+375406486006','jvc3egh1kh@gmail.com'),
('loginp1gj2japq9','83421860','Максим','Давыденко','+375416008550','p1gj2japq9@gmail.com'),
('loginvz8nhoy4fn','23654304','Дмитрий','Иванов','+375451370750','vz8nhoy4fn@gmail.com'),
('loginadyjwhkp0w','23658312','Генрих','Синельников','+375625557008','adyjwhkp0w@gmail.com'),
('logini4x16jjddm','84114465','Максим','Синельников','+375271883724','i4x16jjddm@gmail.com'),
('loginis6zg9path','13455481','Андрей','Козик','+375118165568','is6zg9path@gmail.com'),
('logint7lxwvd02x','46074124','Иван','Давыденко','+375616761430','t7lxwvd02x@gmail.com'),
('loginy87p1ot64i','01885157','Иван','Рубин','+375615754332','y87p1ot64i@gmail.com'),
('loginpl3r4t8103','66736087','Алексей','Рябцев','+375018515733','pl3r4t8103@gmail.com'),
('logincx5honqpwx','83108555','Игорь','Савченко','+375442585247','cx5honqpwx@gmail.com'),
('loginqddsd5khx1','30170546','Генрих','Козик','+375323206852','qddsd5khx1@gmail.com'),
('loging8x8d85myq','74400780','Афанасий','Зверуго','+375848073035','g8x8d85myq@gmail.com'),
('login38i3seb40x','05631563','Георгий','Синельников','+375802820511','38i3seb40x@gmail.com'),
('login6ohpf7f0r6','88871257','Игорь','Слука','+375753163505','6ohpf7f0r6@gmail.com'),
('logina6u11ltkhk','31361237','Иван','Артемьев','+375723828753','a6u11ltkhk@gmail.com'),
('loginpv9xqk8vyy','66453446','Дмитрий','Синельников','+375525865167','pv9xqk8vyy@gmail.com'),
('login1zswvc3aep','12705025','Генрих','Иванов','+375282568268','1zswvc3aep@gmail.com'),
('login0t4gq1rgt4','45552421','Евгений','Рябцев','+375622617280','0t4gq1rgt4@gmail.com'),
('login8ic088u9w6','07022456','Иван','Иванов','+375584404456','8ic088u9w6@gmail.com'),
('loginxu04scj73w','13548762','Иван','Сергеев','+375404244801','xu04scj73w@gmail.com'),
('loginzw5ot4j18a','24588156','Павел','Иванов','+375834761754','zw5ot4j18a@gmail.com'),
('loginoxow1a74y8','56608314','Александр','Иванов','+375651351446','oxow1a74y8@gmail.com'),
('logintef8clswdx','50207414','Артем','Савченко','+375851757540','tef8clswdx@gmail.com'),
('login4nddzg52ml','41077686','Иван','Ковалев','+375807848413','4nddzg52ml@gmail.com'),
('loginayempauzl9','71751517','Георгий','Зверуго','+375503884017','ayempauzl9@gmail.com'),
('login3hcyfb6mau','71684381','Артем','Иванов','+375647385077','3hcyfb6mau@gmail.com'),
('logina3yvieric7','65261447','Михаил','Сергеев','+375800458425','a3yvieric7@gmail.com'),
('loginlyl2junwcw','74665128','Андрей','Иванов','+375640283603','lyl2junwcw@gmail.com'),
('login7pgw8kwqum','37735328','Юрий','Иванов','+375826826621','7pgw8kwqum@gmail.com'),
('loginn11hts3bk3','03537805','Максим','Гапеенко','+375311022312','n11hts3bk3@gmail.com'),
('login7hrsyfyl72','33772534','Игорь','Борискин','+375856657017','7hrsyfyl72@gmail.com'),
('loginc8mmc4thr7','13385103','Иван','Слука','+375383778852','c8mmc4thr7@gmail.com'),
('login6269a1e15j','16011403','Георгий','Слука','+375167335721','6269a1e15j@gmail.com'),
('login5r0imyyg5q','30211824','Евгений','Ковалев','+375130075138','5r0imyyg5q@gmail.com'),
('loginynogu22g3f','35481721','Михаил','Зверуго','+375541775130','ynogu22g3f@gmail.com'),
('loginecwfdy1ztu','36616224','Евгений','Синельников','+375858317083','ecwfdy1ztu@gmail.com'),
('loginjarhij1uau','37802754','Алексей','Давыденко','+375384112364','jarhij1uau@gmail.com'),
('loginsz0qjua14u','84830845','Федор','Борискин','+375006367657','sz0qjua14u@gmail.com'),
('loginyy5yw538x4','84285252','Михаил','Рябцев','+375112854441','yy5yw538x4@gmail.com'),
('login79uocdjb8r','10757412','Евгений','Гапеенко','+375015622708','79uocdjb8r@gmail.com'),
('login8cdlo0j12l','36775557','Андрей','Рябцев','+375446681767','8cdlo0j12l@gmail.com'),
('logins580e2q6ht','48641715','Федор','Богумильчик','+375587125478','s580e2q6ht@gmail.com'),
('loging8o5wv6a54','45462881','Павел','Давыденко','+375573662435','g8o5wv6a54@gmail.com'),
('loginrjl0dl137e','40050518','Юрий','Синельников','+375866557773','rjl0dl137e@gmail.com'),
('loginzemt8q9klz','81388078','Георгий','Давыденко','+375801155643','zemt8q9klz@gmail.com'),
('loginl1bkvb07n5','43188205','Георгий','Савченко','+375320302383','l1bkvb07n5@gmail.com'),
('logint195jowq1a','46836236','Юрий','Козик','+375835272672','t195jowq1a@gmail.com'),
('loginjk0c26cswr','71501441','Михаил','Давыденко','+375156054574','jk0c26cswr@gmail.com'),
('logingwty9sw8as','08507577','Георгий','Рябцев','+375035048066','gwty9sw8as@gmail.com'),
('loginfinll6o03m','48660560','Дмитрий','Козик','+375068545177','finll6o03m@gmail.com'),
('logingkdvdb973n','85280662','Артем','Гапеенко','+375233026641','gkdvdb973n@gmail.com'),
('loginqx9witxu2f','16872454','Игорь','Борискин','+375720753317','qx9witxu2f@gmail.com'),
('loginc8eo199m77','34122820','Георгий','Богумильчик','+375263210770','c8eo199m77@gmail.com'),
('loginndmq5bxf7x','45285523','Георгий','Борискин','+375843785355','ndmq5bxf7x@gmail.com'),
('login2dgjbno5nz','54762065','Генрих','Ковалев','+375588008601','2dgjbno5nz@gmail.com'),
('login2z3kaiokor','74342525','Михаил','Ковалев','+375050440308','2z3kaiokor@gmail.com'),
('login62bn1sjufa','70305420','Артем','Зверуго','+375053142254','62bn1sjufa@gmail.com'),
('loginqocnfgb3pn','30577320','Федор','Давыденко','+375703133311','qocnfgb3pn@gmail.com'),
('loginqaz6upc7cs','61831658','Дмитрий','Зверуго','+375824136044','qaz6upc7cs@gmail.com'),
('loginemvl95rsro','43002777','Александр','Сергеев','+375081807237','emvl95rsro@gmail.com'),
('login078j3slezg','88006030','Евгений','Рубин','+375300370646','078j3slezg@gmail.com'),
('login8u4wnysl96','14220836','Дмитрий','Давыденко','+375518434571','8u4wnysl96@gmail.com'),
('loginmbnb51wkx4','20752077','Алексей','Борискин','+375152866674','mbnb51wkx4@gmail.com'),
('loginyfan1a0lbi','33038023','Евгений','Козик','+375422331784','yfan1a0lbi@gmail.com'),
('login057jgbayur','54377022','Генрих','Иванов','+375655484873','057jgbayur@gmail.com'),
('loginhl0bbdyzjd','23767714','Федор','Богумильчик','+375032655020','hl0bbdyzjd@gmail.com'),
('loginslubp1j3q8','27658677','Юрий','Козик','+375800645332','slubp1j3q8@gmail.com'),
('loginl0jkqvp2vd','71457563','Юрий','Давыденко','+375773553816','l0jkqvp2vd@gmail.com'),
('loginvn1ulkeymg','01810735','Дмитрий','Иванов','+375348806302','vn1ulkeymg@gmail.com'),
('loginhn99fkrnkv','65471425','Георгий','Иванов','+375746011620','hn99fkrnkv@gmail.com'),
('loginzqtucz2yrk','15308853','Генрих','Ковалев','+375720745168','zqtucz2yrk@gmail.com'),
('loginztdvzjhhzb','75703111','Евгений','Рябцев','+375850772656','ztdvzjhhzb@gmail.com'),
('logingmtgrbpxos','57501235','Игорь','Давыденко','+375137677486','gmtgrbpxos@gmail.com'),
('loginvn3pi0si9w','21582768','Дмитрий','Иванов','+375216463865','vn3pi0si9w@gmail.com'),
('login4b6bu6iy75','32078454','Дмитрий','Савченко','+375825067043','4b6bu6iy75@gmail.com'),
('loginaofazq2bp0','67015133','Евгений','Козик','+375533767872','aofazq2bp0@gmail.com'),
('loginvjqdj7jw6r','10271523','Александр','Савченко','+375617720380','vjqdj7jw6r@gmail.com'),
('loginx4d16wrtae','47600660','Афанасий','Рубин','+375102533080','x4d16wrtae@gmail.com'),
('loginr0boo23fpl','40731758','Александр','Иванов','+375446470671','r0boo23fpl@gmail.com'),
('loginlph7q4sqld','06231058','Александр','Синельников','+375123206070','lph7q4sqld@gmail.com'),
('loginq882aptf9f','43340472','Евгений','Савченко','+375174322174','q882aptf9f@gmail.com'),
('logint4gu8iuzxt','13080235','Федор','Иванов','+375065827636','t4gu8iuzxt@gmail.com'),
('loginbpxfc51u5u','36455345','Дмитрий','Слука','+375671270047','bpxfc51u5u@gmail.com'),
('login7m46lpca7j','15418623','Юрий','Артемьев','+375343781053','7m46lpca7j@gmail.com'),
('loginxmud4dva96','40010207','Игорь','Борискин','+375435153832','xmud4dva96@gmail.com'),
('loginbnsy4vz16o','87178134','Афанасий','Артемьев','+375740461715','bnsy4vz16o@gmail.com'),
('loginifxuzeektn','33373658','Федор','Зверуго','+375433836403','ifxuzeektn@gmail.com'),
('loginaf1nbfl4fo','71040231','Игорь','Иванов','+375668438111','af1nbfl4fo@gmail.com'),
('logindu1lg2t9z9','62143207','Максим','Богумильчик','+375635280006','du1lg2t9z9@gmail.com'),
('loginff1z7a9ejh','68335725','Павел','Козик','+375508865643','ff1z7a9ejh@gmail.com'),
('login8l172tugru','82632121','Афанасий','Сергеев','+375306403826','8l172tugru@gmail.com'),
('loginxf960g3v39','11654352','Иван','Богумильчик','+375480470544','xf960g3v39@gmail.com'),
('logini9jgs0hosu','44342142','Максим','Артемьев','+375388425444','i9jgs0hosu@gmail.com'),
('loging3i8929ja6','83828322','Алексей','Козик','+375156467827','g3i8929ja6@gmail.com'),
('logindpw1bbse6u','34241308','Афанасий','Артемьев','+375722827477','dpw1bbse6u@gmail.com'),
('login0zvpsr4bxy','07660837','Генрих','Савченко','+375145722721','0zvpsr4bxy@gmail.com'),
('logindcrbqwan23','46042824','Алексей','Козик','+375128124872','dcrbqwan23@gmail.com'),
('loginh2afhgz7qt','42560204','Алексей','Иванов','+375356704206','h2afhgz7qt@gmail.com'),
('logindz9h0aqrs0','25480703','Юрий','Артемьев','+375410344671','dz9h0aqrs0@gmail.com'),
('loginfvb5myke66','85115720','Генрих','Рубин','+375805711415','fvb5myke66@gmail.com'),
('logindow3q2pt3m','55452646','Павел','Синельников','+375185637157','dow3q2pt3m@gmail.com'),
('loginznidze7lq4','41513584','Юрий','Гапеенко','+375183821274','znidze7lq4@gmail.com'),
('logindpzj8jsbvp','31272873','Георгий','Иванов','+375137185184','dpzj8jsbvp@gmail.com'),
('loginu1sw25fftz','00342558','Андрей','Давыденко','+375171831562','u1sw25fftz@gmail.com'),
('login7y2iwtw76q','38757684','Артем','Иванов','+375254063332','7y2iwtw76q@gmail.com'),
('logingnvyntgurw','52272465','Александр','Савченко','+375526336457','gnvyntgurw@gmail.com'),
('logins8b6ijpq1m','02663603','Юрий','Зверуго','+375404668006','s8b6ijpq1m@gmail.com'),
('loginmva4n2za1r','20143153','Максим','Иванов','+375316863752','mva4n2za1r@gmail.com'),
('login09jm844k1w','38468166','Афанасий','Ковалев','+375145035073','09jm844k1w@gmail.com'),
('loginqkrgp5lzi6','64572070','Георгий','Гапеенко','+375400247813','qkrgp5lzi6@gmail.com'),
('loginsvr7ithgjv','80700882','Александр','Артемьев','+375330458001','svr7ithgjv@gmail.com'),
('loginaqlagscdyr','17832866','Дмитрий','Рубин','+375710600155','aqlagscdyr@gmail.com'),
('logins6b7jnmavs','56016766','Федор','Артемьев','+375328273462','s6b7jnmavs@gmail.com'),
('logino1kt6nlwsd','22182850','Игорь','Иванов','+375552861400','o1kt6nlwsd@gmail.com'),
('loginksfadrycnm','04263151','Федор','Иванов','+375018786044','ksfadrycnm@gmail.com'),
('logindg7e1r450p','43006884','Иван','Слука','+375082570565','dg7e1r450p@gmail.com'),
('logingannhtnkdv','42427075','Евгений','Синельников','+375078000166','gannhtnkdv@gmail.com'),
('loginbdqd7uyrhk','22864666','Федор','Борискин','+375704042702','bdqd7uyrhk@gmail.com'),
('loginoywna4jb73','62606780','Иван','Сергеев','+375418272453','oywna4jb73@gmail.com'),
('logingce6nmdewg','20026511','Михаил','Иванов','+375106071302','gce6nmdewg@gmail.com'),
('loginj8cxxds7mj','43855054','Иван','Савченко','+375654111638','j8cxxds7mj@gmail.com'),
('loginhtjqdbd2u3','58833746','Федор','Савченко','+375501661057','htjqdbd2u3@gmail.com'),
('loginf3i1t67iyw','32546217','Андрей','Иванов','+375325517212','f3i1t67iyw@gmail.com'),
('login0p3kxnq2jg','67340277','Генрих','Сергеев','+375525283740','0p3kxnq2jg@gmail.com'),
('login4z0zptj01j','12444700','Игорь','Зверуго','+375378347255','4z0zptj01j@gmail.com'),
('login4kplqlk79y','15128816','Иван','Артемьев','+375657587510','4kplqlk79y@gmail.com'),
('loginva2agzg997','77665441','Михаил','Артемьев','+375783824163','va2agzg997@gmail.com'),
('login9quzdptsfx','74756241','Александр','Слука','+375481705648','9quzdptsfx@gmail.com'),
('logintug2gwroev','04523644','Александр','Иванов','+375772143315','tug2gwroev@gmail.com'),
('loginq1cc0xn8xw','73676034','Павел','Рябцев','+375202521546','q1cc0xn8xw@gmail.com'),
('login9mgrofsu3t','82508053','Дмитрий','Иванов','+375414317617','9mgrofsu3t@gmail.com'),
('loginvsbwun0e13','57608656','Афанасий','Рубин','+375222771431','vsbwun0e13@gmail.com'),
('loginhrntyvq68o','41671877','Андрей','Сергеев','+375160300856','hrntyvq68o@gmail.com'),
('loginh120zadygj','84312116','Дмитрий','Слука','+375480468735','h120zadygj@gmail.com'),
('loginobpsaj818c','07722621','Афанасий','Иванов','+375602201473','obpsaj818c@gmail.com'),
('loginn4xbdf75hm','53363453','Александр','Рубин','+375465883060','n4xbdf75hm@gmail.com'),
('logine62suqjb7g','43426627','Павел','Борискин','+375583175504','e62suqjb7g@gmail.com'),
('login72977p9gg6','47684577','Артем','Козик','+375402836145','72977p9gg6@gmail.com'),
('login5s6r4idw9j','04638560','Игорь','Иванов','+375407744536','5s6r4idw9j@gmail.com'),
('loginlr86rm0nrz','42406412','Дмитрий','Рубин','+375386325344','lr86rm0nrz@gmail.com'),
('login6chftnh6hz','34448308','Артем','Рубин','+375022357056','6chftnh6hz@gmail.com'),
('loginp1mm5cbsgt','25733272','Михаил','Артемьев','+375685053711','p1mm5cbsgt@gmail.com'),
('login0s02fw3n83','00833000','Павел','Рубин','+375768013134','0s02fw3n83@gmail.com'),
('logindsinakfkrw','57724558','Юрий','Савченко','+375154317146','dsinakfkrw@gmail.com'),
('login1f1z2luypd','18258055','Георгий','Рябцев','+375387617877','1f1z2luypd@gmail.com'),
('loginwvg9a8122j','70013465','Юрий','Артемьев','+375058862538','wvg9a8122j@gmail.com'),
('loginyerseibc7a','21651208','Афанасий','Рубин','+375821560167','yerseibc7a@gmail.com'),
('login481vc9edd6','67774204','Дмитрий','Иванов','+375033727545','481vc9edd6@gmail.com'),
('loginl1wb8w8fx3','10462013','Дмитрий','Рубин','+375280100503','l1wb8w8fx3@gmail.com'),
('loginmny29i5gn9','70071308','Михаил','Гапеенко','+375617145772','mny29i5gn9@gmail.com'),
('login20suif0jw6','41872765','Андрей','Рябцев','+375334450336','20suif0jw6@gmail.com'),
('logino44dti3gv0','04531760','Михаил','Ковалев','+375058567004','o44dti3gv0@gmail.com'),
('loginzclsczgd40','10022025','Генрих','Артемьев','+375627653346','zclsczgd40@gmail.com'),
('loginj4xxnt9pfj','01124122','Иван','Иванов','+375645144700','j4xxnt9pfj@gmail.com'),
('login6qre1op5qr','21071834','Дмитрий','Артемьев','+375277085255','6qre1op5qr@gmail.com'),
('loginhracli4vfw','05637487','Артем','Рубин','+375766014432','hracli4vfw@gmail.com'),
('logind2g10622pq','03102535','Иван','Синельников','+375847611824','d2g10622pq@gmail.com'),
('loginffq7r7b81x','78376628','Иван','Слука','+375156022250','ffq7r7b81x@gmail.com'),
('loginx21ohz9l4z','13486288','Артем','Иванов','+375600137447','x21ohz9l4z@gmail.com'),
('login17cldd09lv','34754483','Афанасий','Борискин','+375255107616','17cldd09lv@gmail.com'),
('loginjkz8dn9a86','76664632','Андрей','Гапеенко','+375276273083','jkz8dn9a86@gmail.com'),
('logint6fjlhv2a7','36641532','Федор','Богумильчик','+375528364040','t6fjlhv2a7@gmail.com'),
('login7csr2i9e6t','86464281','Максим','Зверуго','+375575163265','7csr2i9e6t@gmail.com'),
('loginax4ofwa9iy','71284751','Павел','Гапеенко','+375718056678','ax4ofwa9iy@gmail.com'),
('loginux7gd6xkd5','57568621','Павел','Иванов','+375611354536','ux7gd6xkd5@gmail.com'),
('loging375stqqob','03826277','Евгений','Козик','+375384547853','g375stqqob@gmail.com'),
('login7lagvpe0np','54684381','Алексей','Иванов','+375846636137','7lagvpe0np@gmail.com'),
('loginousn26fbbu','08705341','Михаил','Артемьев','+375483857206','ousn26fbbu@gmail.com'),
('loginyzmqrnt4mc','46165325','Андрей','Сергеев','+375480247020','yzmqrnt4mc@gmail.com'),
('loginxgugcc0yn6','06013446','Афанасий','Иванов','+375248666745','xgugcc0yn6@gmail.com'),
('loginqbvdo878sf','85228538','Андрей','Слука','+375212328002','qbvdo878sf@gmail.com'),
('loging3yhvpcxdp','65433800','Алексей','Давыденко','+375761106610','g3yhvpcxdp@gmail.com'),
('login0udrnu2uxr','28032518','Иван','Иванов','+375618844761','0udrnu2uxr@gmail.com'),
('loginw81mt1r603','57208210','Александр','Богумильчик','+375005534831','w81mt1r603@gmail.com'),
('loginvcokuvpioh','06355523','Павел','Слука','+375057530155','vcokuvpioh@gmail.com'),
('loginp4qat1oww5','20746568','Андрей','Козик','+375437452557','p4qat1oww5@gmail.com'),
('logint5hekphj8z','62784152','Александр','Борискин','+375561428370','t5hekphj8z@gmail.com'),
('login0x51jh25li','53770211','Георгий','Сергеев','+375486141683','0x51jh25li@gmail.com'),
('login1yjsmgw0v5','01847603','Максим','Сергеев','+375381366116','1yjsmgw0v5@gmail.com'),
('logintmcps75l8g','72803646','Артем','Сергеев','+375504858174','tmcps75l8g@gmail.com'),
('loginj9dxat750i','70637331','Афанасий','Давыденко','+375802182813','j9dxat750i@gmail.com'),
('loginfv2m5k4664','03805786','Иван','Рубин','+375744724044','fv2m5k4664@gmail.com'),
('login8ikmmuzzvx','04287677','Афанасий','Богумильчик','+375046225867','8ikmmuzzvx@gmail.com'),
('login2a7m2duk7a','60606480','Дмитрий','Рубин','+375286012306','2a7m2duk7a@gmail.com'),
('login2cve1f4lu0','87764203','Павел','Давыденко','+375528750431','2cve1f4lu0@gmail.com'),
('loginfpvq6awxka','01201243','Генрих','Иванов','+375530150507','fpvq6awxka@gmail.com'),
('loginr1eun0fgnc','18825617','Федор','Слука','+375363070734','r1eun0fgnc@gmail.com'),
('login3xy09rah5c','33465132','Иван','Козик','+375621332625','3xy09rah5c@gmail.com'),
('loginp2cjjqzfjv','30417447','Евгений','Иванов','+375058330637','p2cjjqzfjv@gmail.com'),
('loginwdl5jy2vsj','85426634','Евгений','Сергеев','+375176262066','wdl5jy2vsj@gmail.com'),
('logintioqq0iyu8','62554761','Евгений','Сергеев','+375214036364','tioqq0iyu8@gmail.com'),
('loginfgjepeah3i','68233620','Евгений','Рябцев','+375015142456','fgjepeah3i@gmail.com'),
('login9mkfafj6d1','55706461','Юрий','Рябцев','+375777426471','9mkfafj6d1@gmail.com'),
('loginz1gwzxt41d','46863062','Артем','Артемьев','+375747071074','z1gwzxt41d@gmail.com'),
('login77h1udwyeu','21303564','Максим','Борискин','+375410002713','77h1udwyeu@gmail.com'),
('logink6yn2qtlvo','08050552','Алексей','Артемьев','+375743485540','k6yn2qtlvo@gmail.com'),
('loginr6vs0dzzg6','11402140','Александр','Слука','+375225740608','r6vs0dzzg6@gmail.com'),
('loginl7ekvt7e0x','61761336','Максим','Слука','+375728143576','l7ekvt7e0x@gmail.com'),
('loging6hnh0uovw','04305527','Иван','Козик','+375066102212','g6hnh0uovw@gmail.com'),
('loginfzv3unesdw','33336077','Афанасий','Синельников','+375743878277','fzv3unesdw@gmail.com'),
('login2amb16mkze','50231851','Генрих','Богумильчик','+375383728422','2amb16mkze@gmail.com'),
('loginml3q0xaqtd','23388147','Евгений','Савченко','+375747166047','ml3q0xaqtd@gmail.com'),
('loginzoj28xc0nc','04378523','Александр','Богумильчик','+375165225864','zoj28xc0nc@gmail.com'),
('loginj34kp7130l','54221805','Михаил','Иванов','+375721201628','j34kp7130l@gmail.com'),
('login9mbmif84bs','67873230','Павел','Ковалев','+375831644828','9mbmif84bs@gmail.com'),
('login5ltcrvtz7f','02566236','Алексей','Сергеев','+375580556637','5ltcrvtz7f@gmail.com'),
('logingxrmzeyeur','60147786','Юрий','Рябцев','+375150815724','gxrmzeyeur@gmail.com'),
('logini80a1iq63t','12026262','Артем','Ковалев','+375473787741','i80a1iq63t@gmail.com'),
('loginshqvfnsr7o','83605134','Андрей','Гапеенко','+375262270206','shqvfnsr7o@gmail.com'),
('login81v85ei4tw','54204715','Артем','Артемьев','+375677417264','81v85ei4tw@gmail.com'),
('loginnlyk5wshqo','00223385','Иван','Сергеев','+375460276615','nlyk5wshqo@gmail.com'),
('logineld4r1yewi','28812601','Михаил','Козик','+375377276518','eld4r1yewi@gmail.com'),
('loginbaic48p0lk','42716281','Павел','Давыденко','+375066705226','baic48p0lk@gmail.com'),
('loginweano9qtl5','06627236','Георгий','Козик','+375672216248','weano9qtl5@gmail.com'),
('login7nkvqu4vie','34453625','Андрей','Давыденко','+375160865873','7nkvqu4vie@gmail.com'),
('loginoid7domy3v','08421137','Георгий','Борискин','+375371711405','oid7domy3v@gmail.com'),
('login24cfgk9ezi','06187483','Евгений','Рубин','+375843604018','24cfgk9ezi@gmail.com'),
('logingrr0xnwxgk','23436070','Дмитрий','Артемьев','+375731742718','grr0xnwxgk@gmail.com'),
('loginki9dg83rbc','78532571','Евгений','Иванов','+375411042767','ki9dg83rbc@gmail.com'),
('login4buq7pj1ab','22856745','Максим','Рубин','+375220653685','4buq7pj1ab@gmail.com'),
('loginnepmc7rmzc','75715206','Федор','Артемьев','+375833102863','nepmc7rmzc@gmail.com'),
('loginhmgfveg1jr','38023377','Евгений','Савченко','+375787708404','hmgfveg1jr@gmail.com'),
('loginxluj7xr2ki','08141752','Евгений','Савченко','+375676064815','xluj7xr2ki@gmail.com'),
('loginnawzmguisf','10828676','Максим','Рубин','+375300736788','nawzmguisf@gmail.com'),
('login6t9nj1rgq8','85152833','Генрих','Рябцев','+375402403232','6t9nj1rgq8@gmail.com'),
('logintywox9yl97','46050045','Артем','Слука','+375448382063','tywox9yl97@gmail.com'),
('logingo6dqmbd16','67671712','Алексей','Богумильчик','+375033522877','go6dqmbd16@gmail.com'),
('loginncepr08gs2','73552440','Иван','Борискин','+375874642304','ncepr08gs2@gmail.com'),
('loginky2728ztz4','48571317','Генрих','Савченко','+375523871587','ky2728ztz4@gmail.com'),
('loginr7oow13gfk','33721343','Игорь','Зверуго','+375524021033','r7oow13gfk@gmail.com'),
('loginam3kcdzm6d','63874732','Георгий','Артемьев','+375032666516','am3kcdzm6d@gmail.com');

INSERT INTO manufacturer (phone_number, country_code, email) VALUES
  ('(017) 263-67-70', 'by', 'www.academpharm.by, www.academpharm.by'),
  ('+ 375 212 60 15 69, + 375 212 60 15 69', 'by', ''),
  ('', 'by', 'http://amantismed.by, http://amantismed.by'),
  ('(017)204-87-13', 'by', 'www.ameliyabel.belorussia.su'),
  ('+375 (177) 76-83-96', 'by', 'www.amateg.by'),
  ('+375 (163) 47 63 11', 'by', ''),
  ('+375 17 500-33-06, (017) 500 33 11', 'by', ''),
  ('', 'by', 'http://www.belvitunifarm.by'),
  ('(+375 17)220-37-16, (+375 17)228-10-12', 'by', ''),
  ('', 'by', 'http://www.belalek.by, http://www.belalek.by'),
  ('(017) 385-62-10', 'by', ''),
  ('+375 (17) 313-05-88, +375 (29) 640-82-61', 'by', ''),
  ('', 'by', 'http://www.bioterra.by, http://www.bioterra.by'),
  ('+375 015 241 22 22', 'by', ''),
  ('+375(177) 732261', 'by', ''),
  ('', 'by', 'mailto:vasko-m@tut.by'),
  ('+375-44-784-51-84', 'by', 'http://www.eskalube.by'),
  ('+375 (17) 313-99-35', 'by', 'http://www.deal.by/cs/62934'),
  ('+ 375212-23-12-15, +375212-23-17-18', 'by', ''),
  ('(017) 222-97-73', 'by', 'http://диалек.бел'),
  ('(017) 237-25-30 (', 'by', 'http://www.inkraslav.all.biz'),
  ('+(375 17) 284-16-32', 'by', 'http://www.ifoch.by'),
  ('+375 (17) 267-87-61', 'by', 'http://www.iboch.bas-net.by'),
  ('', 'by', 'http://www.oookalina.by, http://www.oookalina.by'),
  ('', 'by', 'http://www.lekpharm.com'),
  ('+375 222 22 63 38, +375 222 22 21 67', 'by', ''),
  ('+375 17 544 27 76', 'by', ''),
  ('+375 17 212 77 06', 'by', ''),
  ('+375 (152) 43-02-68, +375 (152) 48-27-52', 'by', ''),
  ('(01770)6-19-39', 'by', ''),
  ('+(375 232) 45-91-34, +(375 232) 45-92-71', 'by', ''),
  ('(017) 344-56-23', 'by', ''),
  ('+375 17 287 94 58', 'by', 'http://www.oaotermoplast.by'),
  ('', 'by', 'http://www.nativita.com'),
  ('+375 1770 62001, +375 1770 62081', 'by', ''),
  ('', 'by', 'http://www.nikapharm.by'),
  ('+375 (17) 385-11-47', 'by', ''),
  ('', 'by', 'http://www.iskoz.com'),
  ('(01714) 227-83 , (8033)3508162', 'by', ''),
  ('+375 29 684 14 25', 'by', ''),
  ('+375(212) 34-27-77, +375(212) 34-06-29, +375(212) 34-77-91', 'by', ''),
  ('(+375 0212) 24-32-33', 'by', 'http://www.simung.by'),
  ('(017) 237-35-57 295-10-01', 'by', ''),
  ('+375 (1514) 36 447 , +375 (1514) 36 447', 'by', ''),
  ('+375 1774 43181 ', 'by', 'http://www.triplepharm'),
  ('(017) 392-62-04(05, (017) 202-29-87', 'by', ''),
  ('(+375 17) 212-09-26', 'by', ''),
  ('+375 17 211-30-64 ', 'by', ''),
  ('(017) 344-18-51 345-81-98', 'by', ''),
  ('(017) 216-13-16, (017) 216-13-18, (017) 216-13-19', 'by', ''),
  ('(017) 212-90-30', 'by', ''),
  ('+375 (17) 213-13-38', 'by', ''),
  ('(0232) 42-86-98', 'by', ''),
  ('', 'by', ''),
  ('', 'by', 'http://www.frebor.by'),
  ('', 'by', 'http://www.himmedsintez.ru'),
  ('(017) 5055072', 'by', 'http://www.cefi.by'),
  ('+3751644 3-07-37', 'by', ''),
  ('', 'de', ''),
  ('', 'de', ''),
  ('', 'de', ''),
  ('', 'pl', ''),
  ('', 'ua', ''),
  ('', 'nl', ''),
  ('', 'ua', ''),
  ('', 'ru', ''),
  ('', 'ru', ''),
  ('', 'md', ''),
  ('', 'ua', ''),
  ('', 'by', ''),
  ('', 'ru', ''),
  ('', 'jp', ''),
  ('', 'ru', ''),
  ('', 'us', ''),
  ('', 'bg', ''),
  ('', 'cz', ''),
  ('', 'us', ''),
  ('', 'ru', ''),
  ('', 'gb', ''),
  ('', 'de', ''),
  ('', 'si', ''),
  ('', 'ch', ''),
  ('', 'ru', ''),
  ('', 'in', ''),
  ('', 'at', ''),
  ('', 'is', ''),
  ('', 'rs', ''),
  ('', 'ch', ''),
  ('', 'de', ''),
  ('', 'ps', ''),
  ('', 'cy', ''),
  ('', 'at', ''),
  ('', 'ua', ''),
  ('', 'ru', ''),
  ('', 'gb', ''),
  ('', 'pl', ''),
  ('', 'by', ''),
  ('', 'us', ''),
  ('', 'nl', ''),
  ('', 'pl', ''),
  ('', 'gb', ''),
  ('', 'tr', ''),
  ('', 'in', ''),
  ('', 'in', ''),
  ('', 'in', ''),
  ('', 'us', ''),
  ('', 'it', ''),
  ('', 'fr', ''),
  ('', 'hr', ''),
  ('', 'ca', ''),
  ('', 'ir', ''),
  ('', 'md', '');


INSERT INTO manufacturer_translate (language_name, manufacturer_id, name, address) VALUES
  ('ru', 1, '«Академфарм» ГП', 'г. Минск, ул. Академика В. Ф. Купревича, д. 5, корп. 3'),
  ('ru', 2, '«АконитФарма» СООО', 'г.Витебск, пр-т Фрунзе, 26/3'),
  ('ru', 3, '«АмантисМед» ООО', 'Минская область, Логойский район'),
  ('ru', 4, '«АмелияБел» ООО', 'г. Минск, ул. Татарская, 1-208'),
  ('ru', 5, '«Аматег», ОДО', 'пр-к Революции д.16, оф. 25'),
  ('ru', 6, 'Барановичское производственное хлопчатобумажное объединение, ОАО', 'Брестская область, Барановичи,225410, ул. Фабричная, 7'),
  ('ru', 7, '«БелАсептика», ЗАО', '223043, Минский район, д. Цнянка'),
  ('ru', 8, '«БелВитунифарм», ОАО', 'пр-кт Фрунзе 77'),
  ('ru', 9, '«Белмедпрепараты», РУП', 'г. Минск, ул. Фабрициуса, 30'),
  ('ru', 10, '«БЕЛАЛЕК» ООО', 'Республика Беларусь, г. Жодино, ул. Советская'),
  ('ru', 11, '«Белпа-мед», ООО', 'пр-т Независимости, д.85/Б'),
  ('ru', 12, '"Бимед" ООО', 'Республика Беларусь. г.Минск, ул.П.Панченко'),
  ('ru', 13, '«Биотерра», ООО', 'РБ, Минская обл., Борисовский р-он, д. Углы, ул. Московское шоссе, д. 2'),
  ('ru', 14, '«Биотест», НПК', 'ул. Врублевского, 45 , РБ'),
  ('ru', 15, '«Борисовский завод медицинских препаратов», ОАО', 'Республика Беларусь, Минская область,г.Борисов, ул.Чапаева 64/27'),
  ('ru', 16, '«Васко», ООО', 'ул.Мира, 11а, 222310'),
  ('ru', 17, '"Вясковая крама" ЧПТУП', 'г. Минск, ул. Беломорская, д. 23, к. 99'),
  ('ru', 18, '«Галасар», ИООО', 'ул. Шаранговича, 67, офис 303, 220019, Беларусь'),
  ('ru', 19, '«Галтеяфарм», ЧТУП', 'ул. Журжевская, 11'),
  ('ru', 20, '«Диалек», УП', 'пер. С. Ковалевской, 52а, 220014, г. Минск'),
  ('ru', 21, '«Инкраслав», ИП', 'Республика Беларусь, г. Минск, ул.Волгоградская,76а'),
  ('ru', 22, '«Институт физико-органической химии НАН Беларуси»,ГНУ', 'г. Минск'),
  ('ru', 23, '«Институт биоорганической химии НАН Беларуси», ГНУ', 'ул. Академика В.Ф.Купревича, д.5, корп.2,220141'),
  ('ru', 24, '«Калина», ООО', 'Оршанский р-н, н.п. Пищалово'),
  ('ru', 25, '«Лекфарм», СООО', '223110, Минская обл., г. Логойск, ул. Минская'),
  ('ru', 26, '"Лента" ОАО', 'Республика Беларусь, г.Могилев, ул.Челюскинцев, 65'),
  ('ru', 27, '"Литопласт -Мед" ПК ООО', 'Минская область, Минский р-н, г. Заславль, ул. Путейко'),
  ('ru', 28, '«Малкут», НП ЗАО', 'г. Минск, пер.4-ый Брестский, 22/1'),
  ('ru', 29, '"Медватфарм" СООО', 'ул. Горького, 91, 230005'),
  ('ru', 30, '«Мед-интерпласт», ИЧПУП', 'Несвиж, Ленинская 115 каб 204.Факс'),
  ('ru', 31, '«Медпласт», ОАО', '246051, г. Гомель, ул. Объездная, 12'),
  ('ru', 32, '«Минскинтеркапс», ПРУП', 'Республика Беларусь, г. Минск, ул. Инженерная, д. 26, а/я 112'),
  ('ru', 33, '«Минский завод «Термопласт», ОАО', 'г. Минск, ул. Кнорина'),
  ('ru', 34, '"Нативита" СООО', 'г. Минск, ул. Ольшевского дом 20/11, оф. 510'),
  ('ru', 35, '«Несвижский завод медицинских препаратов», РУП', ', 222603, Минская область, Несвижский районг. пос. Альба, ул. Заводская, 1'),
  ('ru', 36, '«Ника Фармацевтика», ООО', 'Несвижский район, п. Альба, ул. Заводская, 1'),
  ('ru', 37, '«Падис’С», ООО', 'г.Минск, ул. Корвата, 449/1'),
  ('ru', 38, '«Пинский завод искусственных кож», ОАО', 'г. Пинск, ул. Брестская'),
  ('ru', 39, '«Реб-Фарма» ИПТУП', 'Червенский р-н г.п. Смиловичи ул. Садовая'),
  ('ru', 40, '«Радмедтех», ЧУП', 'Республика Беларусь, г. Минск, ул. акад. А. К. Красина, 99, ЛТК-303а, Минск, Беларусь, 291 30 00'),
  ('ru', 41, '«РУБИКОН», ООО', 'г. Витебск, ул. М.Горького, 62б'),
  ('ru', 42, '«Симург Медицинское предприятие» ЗАО', 'пр-т Людникова, 13, 210023, Беларусь'),
  ('ru', 43, '"Сиринга" НПУП', 'г. Минск,пр-т Партизанский, 91-3-'),
  ('ru', 44, '"Совхоз "Большое Можейково" КСУП', 'Республика Беларусь, Гродненская область, Щучинский район,д. Большое Можейково, ул. Ленина, 1'),
  ('ru', 45, '«ТрайплФарм», СООО', 'Республика Беларусь, г. Логойск, ул. Минская, д.2'),
  ('ru', 46, '«Униксфарм», УП', 'Беларусь, Минск, ул. Корженевского'),
  ('ru', 47, '"Унитехпром БГУ", УП', 'г. Минск, ул. Курчатова, 1, оф.10'),
  ('ru', 48, '«Фарма-Маркет», ООО', 'ул. Петруся Бровки ,12, Беларусь'),
  ('ru', 49, '«Фарматех», ЗАО', 'г. Минск, ул. Инженерная, 12-409'),
  ('ru', 50, '«Фармлэнд», СП ООО', 'ул. Восточная, 129'),
  ('ru', 51, '«Фармтехнология», ООО', 'г. Минск, ул. Корженевского, 22'),
  ('ru', 52, '"Ферейн" СОАО', 'Софьи Ковалевской пер., 52/А-28'),
  ('ru', 53, 'Филиал Белорусского протезно-ортопедического восстановительного центра', 'ул. Владимирова, 8а, 246034'),
  ('ru', 54, '"Фортива Мед" ООО', 'Мачулищи, Минский р-н, Минская область, ул.Аэродромная'),
  ('ru', 55, '«Фрезениус-Борисов-Диализотехник» СП ООО', 'Республика Беларусь, Минская обл.,г. Борисов, ул. Чапаева 64/27'),
  ('ru', 56, '«ХИММЕДСИНТЕЗ» НПЦ ООО', 'Минск'),
  ('ru', 57, '«Чефи», ООО', 'Минская область, д. Боровляны, ул. 40 лет Победы, 28, АТП'),
  ('ru', 58, '«Экзон», РУП', 'Республика Беларусь, Брестская обл., г.Дрогичин ул.Ленина 202'),
  ('ru', 59, 'Вёрваг Фарма', ''),
  ('ru', 60, 'Натурварен', ''),
  ('ru', 61, 'Мерц', ''),
  ('ru', 62, 'Медана Фарма', ''),
  ('ru', 63, 'Технолог', ''),
  ('ru', 64, 'Натур Продукт', ''),
  ('ru', 65, 'Киевский Витаминный Завод', ''),
  ('ru', 66, 'Алтайвитамины', ''),
  ('ru', 67, 'Марбиофарм', ''),
  ('ru', 68, 'Депофарм', ''),
  ('ru', 69, 'Здоровье', ''),
  ('ru', 70, 'БЗМП', ''),
  ('ru', 71, 'Аскопром', ''),
  ('ru', 72, 'Такеда', ''),
  ('ru', 73, 'Брынцалов-А', ''),
  ('ru', 74, 'Сагмел', ''),
  ('ru', 75, 'Софарма', ''),
  ('ru', 76, 'Зентива', ''),
  ('ru', 77, 'Юнифарм', ''),
  ('ru', 78, 'Щелковский витаминный завод', ''),
  ('ru', 79, 'Ламира', ''),
  ('ru', 80, 'Квайссер Фарма', ''),
  ('ru', 81, 'Крка', ''),
  ('ru', 82, 'Уорлд Медисин', ''),
  ('ru', 83, 'Отисифарм', ''),
  ('ru', 84, 'Англо-Френч Драгс Энд Индастриз', ''),
  ('ru', 85, 'Ланнахер Хайльмиттель', ''),
  ('ru', 86, 'Актавис', ''),
  ('ru', 87, 'Галеника', ''),
  ('ru', 88, 'Ф.Хоффманн-Ля Рош', ''),
  ('ru', 89, 'Байер Консьюмер Кэр', ''),
  ('ru', 89, 'Фармакар', ''),
  ('ru', 90, 'Медокеми', ''),
  ('ru', 91, 'Сандоз', ''),
  ('ru', 92, 'Киевмедпрепарат', ''),
  ('ru', 93, 'Фарм-Центр/Синтез', ''),
  ('ru', 94, 'ГСК Фармасьютикалз', ''),
  ('ru', 95, 'Польфарма фармзавод', ''),
  ('ru', 96, 'Трайплфарм', ''),
  ('ru', 97, 'Пфайзер', ''),
  ('ru', 98, 'Астеллас Фарма', ''),
  ('ru', 99, 'Польфа; Тархоминский фармзавод', ''),
  ('ru', 100, 'Ротафарм', ''),
  ('ru', 101, 'Нобель Илач', ''),
  ('ru', 102, 'Люпин Лабораториз', ''),
  ('ru', 103, 'Ипка Лабораториз', ''),
  ('ru', 104, 'Синмедик', ''),
  ('ru', 105, 'Эбботт', ''),
  ('ru', 106, 'Замбон Груп', ''),
  ('ru', 107, 'Санофи', ''),
  ('ru', 108, 'Плива', ''),
  ('ru', 109, 'Вайет Ледерле', ''),
  ('ru', 110, 'Фараби', ''),
  ('ru', 111, 'Фармако', '');








INSERT INTO drug (manufacturer_id, dosage, amount, number, price, need_prescription) VALUES
  (59, 31, 77, 682, 28.56, 1),
  (60, 6, 19, 277, 4.81, 0),
  (61, 48, 60, 832, 36.69, 1),
  (31, 25, 33, 453, 0.84, 0),
  (8, 25, 44, 112, 1.95, 0),
  (62, 32, 68, 875, 7.72, 1),
  (61, 36, 15, 519, 5.90, 0),
  (63, 8, 43, 992, 0.50, 1),
  (31, 41, 17, 451, 0.56, 1),
  (8, 17, 71, 62, 0.65, 1),
  (31, 36, 53, 756, 1.00, 1),
  (31, 37, 97, 684, 0.50, 1),
  (31, 11, 19, 990, 0.50, 0),
  (31, 1, 64, 9, 1.63, 1),
  (31, 8, 37, 963, 0.86, 0),
  (64, 44, 36, 318, 3.13, 1),
  (65, 42, 6, 11, 0.88, 0),
  (66, 11, 20, 295, 0.84, 1),
  (67, 40, 72, 206, 0.90, 1),
  (68, 36, 76, 40, 0.99, 1),
  (8, 43, 50, 534, 0.69, 1),
  (69, 14, 7, 201, 0.52, 1),
  (57, 46, 26, 704, 0.50, 0),
  (70, 34, 30, 771, 3.38, 1),
  (71, 32, 8, 369, 0.20, 1),
  (8, 27, 30, 354, 0.23, 1),
  (57, 24, 96, 826, 0.26, 1),
  (57, 36, 50, 851, 0.35, 1),
  (64, 39, 40, 629, 0.26, 0),
  (70, 27, 34, 773, 0.22, 1),
  (69, 30, 67, 87, 6.90, 1),
  (72, 5, 24, 689, 4.66, 1),
  (73, 7, 99, 886, 5.10, 0),
  (31, 48, 82, 220, 0.50, 0),
  (54, 36, 83, 187, 150.89, 1),
  (74, 1, 14, 522, 9.44, 0),
  (75, 49, 5, 927, 4.95, 1),
  (64, 4, 64, 930, 2.95, 0),
  (76, 33, 52, 214, 6.55, 1),
  (77, 28, 39, 998, 12.10, 0),
  (76, 13, 87, 665, 18.94, 0),
  (76, 27, 24, 9, 21.67, 0),
  (76, 26, 88, 93, 50.65, 0),
  (76, 24, 36, 320, 16.70, 0),
  (76, 8, 81, 462, 45.11, 0),
  (76, 29, 14, 532, 14.10, 0),
  (76, 49, 70, 545, 11.66, 0),
  (76, 39, 10, 524, 22.22, 0),
  (76, 34, 24, 747, 42.59, 1),
  (76, 39, 15, 213, 16.00, 1),
  (76, 3, 67, 237, 15.00, 1),
  (76, 35, 93, 803, 8.36, 0),
  (76, 12, 80, 905, 11.97, 0),
  (65, 10, 36, 967, 0.90, 0),
  (66, 22, 23, 291, 0.72, 1),
  (78, 37, 94, 104, 2.41, 1),
  (66, 3, 54, 858, 1.95, 1),
  (63, 18, 0, 596, 6.05, 1),
  (79, 36, 28, 494, 22.86, 0),
  (64, 2, 61, 990, 4.34, 1),
  (59, 25, 86, 777, 5.10, 0),
  (80, 31, 73, 630, 18.39, 1),
  (81, 31, 29, 304, 7.64, 1),
  (31, 45, 75, 815, 5.27, 0),
  (82, 5, 81, 41, 14.04, 0),
  (64, 35, 10, 369, 4.26, 0),
  (83, 43, 11, 500, 7.11, 1),
  (82, 46, 43, 877, 6.73, 1),
  (82, 44, 7, 132, 5.10, 0),
  (80, 21, 85, 151, 4.99, 1),
  (84, 36, 26, 805, 18.43, 0),
  (58, 36, 88, 395, 19.00, 1),
  (76, 14, 33, 997, 9.79, 0),
  (63, 0, 34, 970, 4.69, 1),
  (63, 18, 68, 460, 5.00, 1),
  (63, 0, 28, 107, 2.73, 1),
  (63, 45, 7, 550, 3.10, 0),
  (63, 18, 25, 165, 3.88, 1),
  (24, 1, 80, 309, 6.32, 0),
  (29, 32, 77, 449, 3.42, 0),
  (29, 16, 98, 321, 6.30, 1),
  (85, 38, 23, 298, 10.34, 1),
  (86, 5, 15, 714, 27.50, 0),
  (87, 38, 71, 870, 7.53, 1),
  (64, 48, 2, 529, 12.90, 0),
  (80, 32, 45, 595, 8.00, 1),
  (80, 0, 9, 933, 2.88, 1),
  (80, 14, 75, 372, 3.66, 0),
  (80, 5, 8, 682, 1.00, 0),
  (69, 26, 34, 132, 0.96, 0),
  (64, 0, 48, 168, 0.99, 1),
  (67, 47, 29, 8, 1.38, 1),
  (65, 1, 80, 804, 0.12, 0),
  (66, 18, 64, 839, 0.71, 0),
  (8, 9, 75, 600, 4.60, 1),
  (8, 19, 78, 874, 0.10, 1),
  (62, 25, 39, 10, 1.21, 0),
  (57, 38, 66, 494, 1.77, 0),
  (88, 8, 71, 269, 28.17, 1),
  (31, 18, 21, 710, 3.00, 0),
  (60, 36, 46, 856, 24.08, 0),
  (64, 21, 90, 987, 5.71, 0),
  (89, 48, 68, 90, 9.87, 1),
  (88, 25, 89, 222, 17.53, 1),
  (69, 37, 52, 112, 1.52, 0),
  (88, 20, 76, 586, 13.00, 1),
  (80, 22, 44, 882, 7.13, 0),
  (64, 22, 12, 412, 1.66, 1),
  (65, 2, 70, 307, 1.41, 1),
  (66, 21, 72, 660, 1.31, 1),
  (88, 37, 58, 120, 8.16, 0),
  (62, 31, 41, 212, 3.02, 1),
  (64, 25, 69, 270, 5.45, 1),
  (89, 28, 75, 741, 21.44, 1),
  (89, 14, 83, 189, 10.00, 1),
  (69, 20, 98, 166, 1.73, 1),
  (49, 8, 81, 449, 0.50, 0),
  (8, 43, 26, 46, 1.22, 1),
  (90, 43, 23, 429, 32.35, 1),
  (72, 44, 53, 551, 3.26, 0),
  (8, 36, 83, 288, 1.97, 1),
  (49, 14, 24, 427, 9.36, 1),
  (49, 43, 88, 265, 7.86, 1),
  (89, 2, 18, 688, 4.61, 0),
  (89, 44, 63, 349, 11.00, 1),
  (91, 48, 27, 622, 9.45, 1),
  (91, 39, 9, 197, 13.30, 0),
  (91, 34, 25, 924, 11.13, 1),
  (92, 44, 38, 994, 2.66, 0),
  (49, 9, 63, 424, 9.38, 1),
  (8, 26, 79, 187, 2.19, 1),
  (50, 45, 92, 222, 5.50, 0),
  (50, 30, 77, 867, 2.08, 1),
  (50, 41, 36, 301, 4.72, 0),
  (93, 10, 67, 653, 0.77, 0),
  (92, 4, 43, 752, 64.00, 1),
  (92, 19, 67, 881, 2.00, 0),
  (92, 48, 7, 120, 27.60, 0),
  (8, 24, 92, 718, 0.88, 0),
  (69, 31, 5, 972, 1.44, 1),
  (94, 20, 97, 72, 10.82, 0),
  (94, 49, 44, 810, 13.45, 1),
  (93, 13, 4, 585, 11.60, 1),
  (93, 47, 72, 813, 9.75, 0),
  (95, 6, 28, 801, 10.07, 1),
  (95, 16, 64, 47, 4.55, 0),
  (95, 47, 0, 167, 1.98, 1),
  (93, 3, 85, 350, 0.37, 0),
  (93, 48, 40, 623, 5.29, 1),
  (8, 6, 40, 480, 5.52, 0),
  (96, 43, 34, 932, 26.60, 1),
  (97, 33, 99, 568, 9.94, 0),
  (98, 1, 11, 612, 19.70, 1),
  (98, 18, 51, 113, 24.45, 1),
  (69, 15, 37, 49, 0.50, 1),
  (8, 46, 67, 255, 0.50, 0),
  (97, 19, 79, 668, 11.76, 1),
  (99, 44, 51, 731, 1.75, 1),
  (8, 35, 76, 170, 0.90, 0),
  (69, 11, 69, 861, 1.17, 1),
  (81, 8, 98, 552, 15.00, 1),
  (96, 18, 28, 313, 86.47, 1),
  (89, 44, 92, 288, 18.05, 1),
  (94, 20, 55, 413, 8.55, 1),
  (100, 0, 12, 892, 9.54, 0),
  (101, 10, 66, 110, 25.77, 1),
  (102, 0, 14, 591, 16.00, 0),
  (96, 42, 81, 984, 50.40, 1),
  (93, 33, 26, 945, 19.20, 1),
  (103, 10, 38, 845, 13.96, 0),
  (96, 47, 70, 337, 67.66, 1),
  (89, 28, 82, 34, 16.30, 1),
  (8, 7, 29, 186, 3.00, 0),
  (104, 32, 16, 183, 4.29, 1),
  (49, 33, 44, 728, 4.70, 1),
  (69, 23, 1, 109, 3.45, 0),
  (8, 3, 16, 818, 13.16, 1),
  (49, 10, 70, 583, 10.00, 1),
  (50, 36, 13, 999, 0.50, 1),
  (105, 23, 48, 3, 39.92, 0),
  (105, 36, 56, 363, 16.19, 1),
  (90, 4, 42, 624, 5.28, 1),
  (69, 40, 42, 209, 2.96, 1),
  (96, 10, 1, 560, 141.75, 1),
  (8, 30, 2, 695, 1.30, 1),
  (93, 26, 15, 429, 1.79, 1),
  (91, 7, 30, 543, 3.93, 1),
  (91, 42, 8, 220, 15.15, 1),
  (8, 41, 31, 954, 0.20, 1),
  (69, 26, 84, 55, 0.71, 1),
  (80, 9, 59, 517, 6.00, 0),
  (101, 30, 50, 916, 15.91, 0),
  (90, 0, 82, 221, 28.32, 0),
  (90, 40, 98, 369, 2.37, 1),
  (8, 29, 58, 388, 13.00, 0),
  (69, 17, 7, 282, 14.69, 0),
  (96, 12, 24, 588, 61.32, 1),
  (106, 17, 85, 190, 15.25, 0),
  (93, 43, 97, 128, 4.60, 0),
  (91, 42, 96, 495, 6.30, 1),
  (91, 0, 3, 143, 6.50, 0),
  (101, 34, 66, 240, 15.03, 0),
  (103, 2, 63, 730, 13.67, 0),
  (91, 17, 56, 263, 11.61, 0),
  (107, 42, 57, 211, 13.47, 1),
  (87, 30, 33, 378, 4.99, 0),
  (8, 40, 11, 606, 8.60, 0),
  (101, 32, 22, 715, 15.10, 1),
  (50, 26, 28, 834, 8.05, 1),
  (93, 21, 36, 22, 0.62, 1),
  (93, 30, 35, 334, 1.32, 1),
  (50, 31, 80, 431, 2.45, 0),
  (108, 45, 21, 542, 8.66, 1),
  (108, 32, 65, 47, 6.00, 0),
  (98, 23, 21, 373, 31.26, 0),
  (99, 13, 44, 550, 3.86, 0),
  (96, 32, 51, 465, 279.25, 1),
  (8, 19, 7, 423, 0.81, 1),
  (8, 8, 64, 260, 0.76, 0),
  (109, 17, 50, 880, 980.00, 1),
  (96, 25, 83, 6, 5.70, 1),
  (110, 47, 97, 649, 5.71, 0),
  (110, 22, 87, 134, 9.08, 1),
  (98, 6, 19, 802, 15.27, 1),
  (98, 48, 18, 184, 17.43, 0),
  (106, 34, 80, 55, 21.21, 0),
  (24, 18, 16, 926, 14.60, 0),
  (80, 36, 63, 325, 11.54, 0),
  (80, 23, 45, 210, 10.76, 0),
  (80, 10, 28, 108, 3.55, 1),
  (93, 23, 22, 639, 0.78, 1),
  (8, 25, 59, 524, 0.01, 1),
  (69, 5, 55, 780, 3.05, 0),
  (111, 21, 86, 898, 0.84, 0),
  (8, 6, 85, 186, 0.10, 1),
  (49, 31, 47, 770, 0.10, 1),
  (81, 43, 90, 3, 4.09, 0),
  (8, 30, 31, 411, 1.77, 1),
  (69, 44, 12, 979, 19.54, 1),
  (96, 43, 39, 856, 9.30, 0),
  (89, 12, 69, 993, 6.59, 1),
  (69, 27, 42, 243, 10.19, 1),
  (93, 11, 97, 900, 0.68, 0),
  (96, 12, 32, 154, 19.46, 1),
  (92, 33, 33, 319, 10.62, 0),
  (69, 31, 85, 116, 1.11, 1),
  (8, 43, 34, 439, 0.20, 1),
  (69, 13, 32, 706, 13.94, 1),
  (69, 1, 76, 297, 6.46, 1),
  (93, 49, 95, 744, 0.89, 1),
  (8, 11, 43, 871, 0.56, 1),
  (96, 40, 49, 755, 7.70, 0),
  (104, 0, 60, 553, 8.19, 0),
  (69, 22, 70, 994, 5.00, 1),
  (8, 3, 32, 782, 11.57, 1),
  (99, 27, 73, 262, 4.74, 0),
  (93, 34, 31, 594, 4.04, 0),
  (69, 25, 86, 235, 5.15, 0),
  (98, 30, 6, 527, 10.34, 0);


INSERT INTO drug_translate (drug_id, lang_name, name, description, composition) VALUES
  (1, 'ru', 'Мильгамма моно 300', 'Описание препарата Мильгамма моно 300', 'Состав препарата Мильгамма моно 300'),
  (2, 'ru', 'Доктор тайсс геровитал', 'Описание препарата Доктор тайсс геровитал', 'Состав препарата Доктор тайсс геровитал'),
  (3, 'ru', 'Пантовигар', 'Описание препарата Пантовигар', 'Состав препарата Пантовигар'),
  (4, 'ru', 'Аевит', 'Описание препарата Аевит', 'Состав препарата Аевит'),
  (5, 'ru', 'Аевит', 'Описание препарата Аевит', 'Состав препарата Аевит'),
  (6, 'ru', 'Аквадетрим', 'Описание препарата Аквадетрим', 'Состав препарата Аквадетрим'),
  (7, 'ru', 'Аквадетрим плюс', 'Описание препарата Аквадетрим плюс', 'Состав препарата Аквадетрим плюс'),
  (8, 'ru', 'Альфа-токоферола ацетат (витамин е)', 'Описание препарата Альфа-токоферола ацетат (витамин е)', 'Состав препарата Альфа-токоферола ацетат (витамин е)'),
  (9, 'ru', 'Альфа-токоферола ацетат (витамин е) раствор в масле 50%', 'Описание препарата Альфа-токоферола ацетат (витамин е) раствор в масле 50%', 'Состав препарата Альфа-токоферола ацетат (витамин е) раствор в масле 50%'),
  (10, 'ru', 'Альфа-токоферола ацетат (витамин е) раствор в масле 50%', 'Описание препарата Альфа-токоферола ацетат (витамин е) раствор в масле 50%', 'Состав препарата Альфа-токоферола ацетат (витамин е) раствор в масле 50%'),
  (11, 'ru', 'Антиоксикапс', 'Описание препарата Антиоксикапс', 'Состав препарата Антиоксикапс'),
  (12, 'ru', 'Антиоксикапс с железом', 'Описание препарата Антиоксикапс с железом', 'Состав препарата Антиоксикапс с железом'),
  (13, 'ru', 'Антиоксикапс с йодом', 'Описание препарата Антиоксикапс с йодом', 'Состав препарата Антиоксикапс с йодом'),
  (14, 'ru', 'Антиоксикапс с селеном', 'Описание препарата Антиоксикапс с селеном', 'Состав препарата Антиоксикапс с селеном'),
  (15, 'ru', 'Антиоксикапс с цинком', 'Описание препарата Антиоксикапс с цинком', 'Состав препарата Антиоксикапс с цинком'),
  (16, 'ru', 'Асковит', 'Описание препарата Асковит', 'Состав препарата Асковит'),
  (17, 'ru', 'Аскорбиновая кислота', 'Описание препарата Аскорбиновая кислота', 'Состав препарата Аскорбиновая кислота'),
  (18, 'ru', 'Аскорбиновая кислота', 'Описание препарата Аскорбиновая кислота', 'Состав препарата Аскорбиновая кислота'),
  (19, 'ru', 'Аскорбиновая кислота', 'Описание препарата Аскорбиновая кислота', 'Состав препарата Аскорбиновая кислота'),
  (20, 'ru', 'Аскорбиновая кислота', 'Описание препарата Аскорбиновая кислота', 'Состав препарата Аскорбиновая кислота'),
  (21, 'ru', 'Аскорбиновая кислота', 'Описание препарата Аскорбиновая кислота', 'Состав препарата Аскорбиновая кислота'),
  (22, 'ru', 'Аскорбиновая кислота', 'Описание препарата Аскорбиновая кислота', 'Состав препарата Аскорбиновая кислота'),
  (23, 'ru', 'Аскорбиновая кислота', 'Описание препарата Аскорбиновая кислота', 'Состав препарата Аскорбиновая кислота'),
  (24, 'ru', 'Аскорбиновая кислота', 'Описание препарата Аскорбиновая кислота', 'Состав препарата Аскорбиновая кислота'),
  (25, 'ru', 'Аскорбиновая кислота с глюкозой', 'Описание препарата Аскорбиновая кислота с глюкозой', 'Состав препарата Аскорбиновая кислота с глюкозой'),
  (26, 'ru', 'Аскорбиновая кислота с глюкозой', 'Описание препарата Аскорбиновая кислота с глюкозой', 'Состав препарата Аскорбиновая кислота с глюкозой'),
  (27, 'ru', 'Аскорбиновая кислота с глюкозой', 'Описание препарата Аскорбиновая кислота с глюкозой', 'Состав препарата Аскорбиновая кислота с глюкозой'),
  (28, 'ru', 'Аскорбиновая кислота с сахаром', 'Описание препарата Аскорбиновая кислота с сахаром', 'Состав препарата Аскорбиновая кислота с сахаром'),
  (29, 'ru', 'Аскорбиновая кислота с сахаром', 'Описание препарата Аскорбиновая кислота с сахаром', 'Состав препарата Аскорбиновая кислота с сахаром'),
  (30, 'ru', 'Аскорбиновая кислота с сахаром', 'Описание препарата Аскорбиновая кислота с сахаром', 'Состав препарата Аскорбиновая кислота с сахаром'),
  (31, 'ru', 'Боривит', 'Описание препарата Боривит', 'Состав препарата Боривит'),
  (32, 'ru', 'Вигантол', 'Описание препарата Вигантол', 'Состав препарата Вигантол'),
  (33, 'ru', 'Витагамма', 'Описание препарата Витагамма', 'Состав препарата Витагамма'),
  (34, 'ru', 'Витадиабетокапс', 'Описание препарата Витадиабетокапс', 'Состав препарата Витадиабетокапс'),
  (35, 'ru', 'Виталипид н детский', 'Описание препарата Виталипид н детский', 'Состав препарата Виталипид н детский'),
  (36, 'ru', 'Виталити', 'Описание препарата Виталити', 'Состав препарата Виталити'),
  (37, 'ru', 'Витамин в комплекс', 'Описание препарата Витамин в комплекс', 'Состав препарата Витамин в комплекс'),
  (38, 'ru', 'Витамин е', 'Описание препарата Витамин е', 'Состав препарата Витамин е'),
  (39, 'ru', 'Витамин е зентива', 'Описание препарата Витамин е зентива', 'Состав препарата Витамин е зентива'),
  (40, 'ru', 'Витрум', 'Описание препарата Витрум', 'Состав препарата Витрум'),
  (41, 'ru', 'Витрум антиоксидант', 'Описание препарата Витрум антиоксидант', 'Состав препарата Витрум антиоксидант'),
  (42, 'ru', 'Витрум бьюти', 'Описание препарата Витрум бьюти', 'Состав препарата Витрум бьюти'),
  (43, 'ru', 'Витрум бьюти элит', 'Описание препарата Витрум бьюти элит', 'Состав препарата Витрум бьюти элит'),
  (44, 'ru', 'Витрум бэби', 'Описание препарата Витрум бэби', 'Состав препарата Витрум бэби'),
  (45, 'ru', 'Витрум вижн форте', 'Описание препарата Витрум вижн форте', 'Состав препарата Витрум вижн форте'),
  (46, 'ru', 'Витрум кидс', 'Описание препарата Витрум кидс', 'Состав препарата Витрум кидс'),
  (47, 'ru', 'Витрум остеомаг', 'Описание препарата Витрум остеомаг', 'Состав препарата Витрум остеомаг'),
  (48, 'ru', 'Витрум перфоменс', 'Описание препарата Витрум перфоменс', 'Состав препарата Витрум перфоменс'),
  (49, 'ru', 'Витрум пренатал', 'Описание препарата Витрум пренатал', 'Состав препарата Витрум пренатал'),
  (50, 'ru', 'Витрум пренатал форте', 'Описание препарата Витрум пренатал форте', 'Состав препарата Витрум пренатал форте'),
  (51, 'ru', 'Витрум суперстресс', 'Описание препарата Витрум суперстресс', 'Состав препарата Витрум суперстресс'),
  (52, 'ru', 'Витрум центури', 'Описание препарата Витрум центури', 'Состав препарата Витрум центури'),
  (53, 'ru', 'Витрум юниор', 'Описание препарата Витрум юниор', 'Состав препарата Витрум юниор'),
  (54, 'ru', 'Гексавит-ав', 'Описание препарата Гексавит-ав', 'Состав препарата Гексавит-ав'),
  (55, 'ru', 'Гексавит-мбф', 'Описание препарата Гексавит-мбф', 'Состав препарата Гексавит-мбф'),
  (56, 'ru', 'Гендевит', 'Описание препарата Гендевит', 'Состав препарата Гендевит'),
  (57, 'ru', 'Гендевит', 'Описание препарата Гендевит', 'Состав препарата Гендевит'),
  (58, 'ru', 'Геровит', 'Описание препарата Геровит', 'Состав препарата Геровит'),
  (59, 'ru', 'Девит 50000', 'Описание препарата Девит 50000', 'Состав препарата Девит 50000'),
  (60, 'ru', 'Декамевит', 'Описание препарата Декамевит', 'Состав препарата Декамевит'),
  (61, 'ru', 'Доктор тайсс мультивитамол', 'Описание препарата Доктор тайсс мультивитамол', 'Состав препарата Доктор тайсс мультивитамол'),
  (62, 'ru', 'Доппельгерц энерготоник', 'Описание препарата Доппельгерц энерготоник', 'Состав препарата Доппельгерц энерготоник'),
  (63, 'ru', 'Дуовит', 'Описание препарата Дуовит', 'Состав препарата Дуовит'),
  (64, 'ru', 'Дуокапс', 'Описание препарата Дуокапс', 'Состав препарата Дуокапс'),
  (65, 'ru', 'Кокарнит', 'Описание препарата Кокарнит', 'Состав препарата Кокарнит'),
  (66, 'ru', 'Комплекапс', 'Описание препарата Комплекапс', 'Состав препарата Комплекапс'),
  (67, 'ru', 'Компливит', 'Описание препарата Компливит', 'Состав препарата Компливит'),
  (68, 'ru', 'Компливит офтальмо', 'Описание препарата Компливит офтальмо', 'Состав препарата Компливит офтальмо'),
  (69, 'ru', 'Компливит-актив', 'Описание препарата Компливит-актив', 'Состав препарата Компливит-актив'),
  (70, 'ru', 'Макровит', 'Описание препарата Макровит', 'Состав препарата Макровит'),
  (71, 'ru', 'Максамин форте', 'Описание препарата Максамин форте', 'Состав препарата Максамин форте'),
  (72, 'ru', 'Мильгамма', 'Описание препарата Мильгамма', 'Состав препарата Мильгамма'),
  (73, 'ru', 'Мультимакс', 'Описание препарата Мультимакс', 'Состав препарата Мультимакс'),
  (74, 'ru', 'Мультипродукт для беременных', 'Описание препарата Мультипродукт для беременных', 'Состав препарата Мультипродукт для беременных'),
  (75, 'ru', 'Мультипродукт для детей', 'Описание препарата Мультипродукт для детей', 'Состав препарата Мультипродукт для детей'),
  (76, 'ru', 'Мультипродукт для женщин', 'Описание препарата Мультипродукт для женщин', 'Состав препарата Мультипродукт для женщин'),
  (77, 'ru', 'Мультипродукт для людей пожилого возраста', 'Описание препарата Мультипродукт для людей пожилого возраста', 'Состав препарата Мультипродукт для людей пожилого возраста'),
  (78, 'ru', 'Мультипродукт для мужчин', 'Описание препарата Мультипродукт для мужчин', 'Состав препарата Мультипродукт для мужчин'),
  (79, 'ru', 'Нейровит', 'Описание препарата Нейровит', 'Состав препарата Нейровит'),
  (80, 'ru', 'Нейромед', 'Описание препарата Нейромед', 'Состав препарата Нейромед'),
  (81, 'ru', 'Нейромед форте', 'Описание препарата Нейромед форте', 'Состав препарата Нейромед форте'),
  (82, 'ru', 'Нейромультивит', 'Описание препарата Нейромультивит', 'Состав препарата Нейромультивит'),
  (83, 'ru', 'Неуробекс нео', 'Описание препарата Неуробекс нео', 'Состав препарата Неуробекс нео'),
  (84, 'ru', 'Олиговит', 'Описание препарата Олиговит', 'Состав препарата Олиговит'),
  (85, 'ru', 'Оптикс', 'Описание препарата Оптикс', 'Состав препарата Оптикс'),
  (86, 'ru', 'Пиковит', 'Описание препарата Пиковит', 'Состав препарата Пиковит'),
  (87, 'ru', 'Пиковит д', 'Описание препарата Пиковит д', 'Состав препарата Пиковит д'),
  (88, 'ru', 'Пиковит кидс', 'Описание препарата Пиковит кидс', 'Состав препарата Пиковит кидс'),
  (89, 'ru', 'Пиковит форте', 'Описание препарата Пиковит форте', 'Состав препарата Пиковит форте'),
  (90, 'ru', 'Пиридоксина гидрохлорид', 'Описание препарата Пиридоксина гидрохлорид', 'Состав препарата Пиридоксина гидрохлорид'),
  (91, 'ru', 'Ревит', 'Описание препарата Ревит', 'Состав препарата Ревит'),
  (92, 'ru', 'Ревит', 'Описание препарата Ревит', 'Состав препарата Ревит'),
  (93, 'ru', 'Ревит', 'Описание препарата Ревит', 'Состав препарата Ревит'),
  (94, 'ru', 'Ревит-мбф', 'Описание препарата Ревит-мбф', 'Состав препарата Ревит-мбф'),
  (95, 'ru', 'Резистон', 'Описание препарата Резистон', 'Состав препарата Резистон'),
  (96, 'ru', 'Ретинола ацетат (витамин а)', 'Описание препарата Ретинола ацетат (витамин а)', 'Состав препарата Ретинола ацетат (витамин а)'),
  (97, 'ru', 'Ретинола ацетат (витамин а)', 'Описание препарата Ретинола ацетат (витамин а)', 'Состав препарата Ретинола ацетат (витамин а)'),
  (98, 'ru', 'Розавит', 'Описание препарата Розавит', 'Состав препарата Розавит'),
  (99, 'ru', 'Рокальтрол', 'Описание препарата Рокальтрол', 'Состав препарата Рокальтрол'),
  (100, 'ru', 'Рыбий жир витаминизированный', 'Описание препарата Рыбий жир витаминизированный', 'Состав препарата Рыбий жир витаминизированный'),
  (101, 'ru', 'Специальное драже мерц', 'Описание препарата Специальное драже мерц', 'Состав препарата Специальное драже мерц'),
  (102, 'ru', 'Супервит', 'Описание препарата Супервит', 'Состав препарата Супервит'),
  (103, 'ru', 'Супрадин', 'Описание препарата Супрадин', 'Состав препарата Супрадин'),
  (104, 'ru', 'Супрадин энерджи', 'Описание препарата Супрадин энерджи', 'Состав препарата Супрадин энерджи'),
  (105, 'ru', 'Тиамина хлорид', 'Описание препарата Тиамина хлорид', 'Состав препарата Тиамина хлорид'),
  (106, 'ru', 'Три-ви плюс', 'Описание препарата Три-ви плюс', 'Состав препарата Три-ви плюс'),
  (107, 'ru', 'Триовит', 'Описание препарата Триовит', 'Состав препарата Триовит'),
  (108, 'ru', 'Ундевит', 'Описание препарата Ундевит', 'Состав препарата Ундевит'),
  (109, 'ru', 'Ундевит-ав', 'Описание препарата Ундевит-ав', 'Состав препарата Ундевит-ав'),
  (110, 'ru', 'Ундевит-мбф', 'Описание препарата Ундевит-мбф', 'Состав препарата Ундевит-мбф'),
  (111, 'ru', 'Элевит пронаталь', 'Описание препарата Элевит пронаталь', 'Состав препарата Элевит пронаталь'),
  (112, 'ru', 'Эргокальциферол (витамин д2)', 'Описание препарата Эргокальциферол (витамин д2)', 'Состав препарата Эргокальциферол (витамин д2)'),
  (113, 'ru', 'Юнивит', 'Описание препарата Юнивит', 'Состав препарата Юнивит'),
  (114, 'ru', 'Адицеф', 'Описание препарата Адицеф', 'Состав препарата Адицеф'),
  (115, 'ru', 'Азикар', 'Описание препарата Азикар', 'Состав препарата Азикар'),
  (116, 'ru', 'Азитромицин', 'Описание препарата Азитромицин', 'Состав препарата Азитромицин'),
  (117, 'ru', 'Азитромицин', 'Описание препарата Азитромицин', 'Состав препарата Азитромицин'),
  (118, 'ru', 'Азитромицин-белмед', 'Описание препарата Азитромицин-белмед', 'Состав препарата Азитромицин-белмед'),
  (119, 'ru', 'Аксетин', 'Описание препарата Аксетин', 'Состав препарата Аксетин'),
  (120, 'ru', 'Амикацин', 'Описание препарата Амикацин', 'Состав препарата Амикацин'),
  (121, 'ru', 'Амклав', 'Описание препарата Амклав', 'Состав препарата Амклав'),
  (122, 'ru', 'Амоклав-1000', 'Описание препарата Амоклав-1000', 'Состав препарата Амоклав-1000'),
  (123, 'ru', 'Амоклав-625', 'Описание препарата Амоклав-625', 'Состав препарата Амоклав-625'),
  (124, 'ru', 'Амоксикар', 'Описание препарата Амоксикар', 'Состав препарата Амоксикар'),
  (125, 'ru', 'Амоксикар плюс', 'Описание препарата Амоксикар плюс', 'Состав препарата Амоксикар плюс'),
  (126, 'ru', 'Амоксиклав', 'Описание препарата Амоксиклав', 'Состав препарата Амоксиклав'),
  (127, 'ru', 'Амоксиклав 2х', 'Описание препарата Амоксиклав 2х', 'Состав препарата Амоксиклав 2х'),
  (128, 'ru', 'Амоксиклав квиктаб', 'Описание препарата Амоксиклав квиктаб', 'Состав препарата Амоксиклав квиктаб'),
  (129, 'ru', 'Амоксил', 'Описание препарата Амоксил', 'Состав препарата Амоксил'),
  (130, 'ru', 'Амоксициллин', 'Описание препарата Амоксициллин', 'Состав препарата Амоксициллин'),
  (131, 'ru', 'Амоксициллин', 'Описание препарата Амоксициллин', 'Состав препарата Амоксициллин'),
  (132, 'ru', 'Амоксициллин', 'Описание препарата Амоксициллин', 'Состав препарата Амоксициллин'),
  (133, 'ru', 'Амоксициллин-фарма', 'Описание препарата Амоксициллин-фарма', 'Состав препарата Амоксициллин-фарма'),
  (134, 'ru', 'Амоксициллин-фт', 'Описание препарата Амоксициллин-фт', 'Состав препарата Амоксициллин-фт'),
  (135, 'ru', 'Амосин', 'Описание препарата Амосин', 'Состав препарата Амосин'),
  (136, 'ru', 'Амписульбин', 'Описание препарата Амписульбин', 'Состав препарата Амписульбин'),
  (137, 'ru', 'Ампициллин', 'Описание препарата Ампициллин', 'Состав препарата Ампициллин'),
  (138, 'ru', 'Ампициллин-кмп', 'Описание препарата Ампициллин-кмп', 'Состав препарата Ампициллин-кмп'),
  (139, 'ru', 'Ампициллина тригидрат', 'Описание препарата Ампициллина тригидрат', 'Состав препарата Ампициллина тригидрат'),
  (140, 'ru', 'Ампициллина тригидрат', 'Описание препарата Ампициллина тригидрат', 'Состав препарата Ампициллина тригидрат'),
  (141, 'ru', 'Аугментин', 'Описание препарата Аугментин', 'Состав препарата Аугментин'),
  (142, 'ru', 'Аугментин ес', 'Описание препарата Аугментин ес', 'Состав препарата Аугментин ес'),
  (143, 'ru', 'Бензилпенициллина натриевая соль', 'Описание препарата Бензилпенициллина натриевая соль', 'Состав препарата Бензилпенициллина натриевая соль'),
  (144, 'ru', 'Бензилпенициллина новокаиновая соль', 'Описание препарата Бензилпенициллина новокаиновая соль', 'Состав препарата Бензилпенициллина новокаиновая соль'),
  (145, 'ru', 'Биорацеф', 'Описание препарата Биорацеф', 'Состав препарата Биорацеф'),
  (146, 'ru', 'Биотаксим', 'Описание препарата Биотаксим', 'Состав препарата Биотаксим'),
  (147, 'ru', 'Биотраксон', 'Описание препарата Биотраксон', 'Состав препарата Биотраксон'),
  (148, 'ru', 'Бициллин-3', 'Описание препарата Бициллин-3', 'Состав препарата Бициллин-3'),
  (149, 'ru', 'Бициллин-5', 'Описание препарата Бициллин-5', 'Состав препарата Бициллин-5'),
  (150, 'ru', 'Ванкомицин', 'Описание препарата Ванкомицин', 'Состав препарата Ванкомицин'),
  (151, 'ru', 'Ванкомицин-тф', 'Описание препарата Ванкомицин-тф', 'Состав препарата Ванкомицин-тф'),
  (152, 'ru', 'Вибрамицин', 'Описание препарата Вибрамицин', 'Состав препарата Вибрамицин'),
  (153, 'ru', 'Вильпрафен', 'Описание препарата Вильпрафен', 'Состав препарата Вильпрафен'),
  (154, 'ru', 'Вильпрафен солютаб', 'Описание препарата Вильпрафен солютаб', 'Состав препарата Вильпрафен солютаб'),
  (155, 'ru', 'Гентамицин', 'Описание препарата Гентамицин', 'Состав препарата Гентамицин'),
  (156, 'ru', 'Гентамицин', 'Описание препарата Гентамицин', 'Состав препарата Гентамицин'),
  (157, 'ru', 'Далацин ц', 'Описание препарата Далацин ц', 'Состав препарата Далацин ц'),
  (158, 'ru', 'Доксициклин', 'Описание препарата Доксициклин', 'Состав препарата Доксициклин'),
  (159, 'ru', 'Доксициклин', 'Описание препарата Доксициклин', 'Состав препарата Доксициклин'),
  (160, 'ru', 'Доксициклин', 'Описание препарата Доксициклин', 'Состав препарата Доксициклин'),
  (161, 'ru', 'Дорамицин', 'Описание препарата Дорамицин', 'Состав препарата Дорамицин'),
  (162, 'ru', 'Доренем', 'Описание препарата Доренем', 'Состав препарата Доренем'),
  (163, 'ru', 'Зинекс', 'Описание препарата Зинекс', 'Состав препарата Зинекс'),
  (164, 'ru', 'Зиннат', 'Описание препарата Зиннат', 'Состав препарата Зиннат'),
  (165, 'ru', 'Зиромин', 'Описание препарата Зиромин', 'Состав препарата Зиромин'),
  (166, 'ru', 'Зитмак', 'Описание препарата Зитмак', 'Состав препарата Зитмак'),
  (167, 'ru', 'Иксим люпин', 'Описание препарата Иксим люпин', 'Состав препарата Иксим люпин'),
  (168, 'ru', 'Имицинем-тф', 'Описание препарата Имицинем-тф', 'Состав препарата Имицинем-тф'),
  (169, 'ru', 'Канамицин', 'Описание препарата Канамицин', 'Состав препарата Канамицин'),
  (170, 'ru', 'Кларбакт', 'Описание препарата Кларбакт', 'Состав препарата Кларбакт'),
  (171, 'ru', 'Кларибакцин', 'Описание препарата Кларибакцин', 'Состав препарата Кларибакцин'),
  (172, 'ru', 'Кларикар', 'Описание препарата Кларикар', 'Состав препарата Кларикар'),
  (173, 'ru', 'Кларилид', 'Описание препарата Кларилид', 'Состав препарата Кларилид'),
  (174, 'ru', 'Кларимицин', 'Описание препарата Кларимицин', 'Состав препарата Кларимицин'),
  (175, 'ru', 'Кларитромицин', 'Описание препарата Кларитромицин', 'Состав препарата Кларитромицин'),
  (176, 'ru', 'Кларитромицин', 'Описание препарата Кларитромицин', 'Состав препарата Кларитромицин'),
  (177, 'ru', 'Кларитромицин', 'Описание препарата Кларитромицин', 'Состав препарата Кларитромицин'),
  (178, 'ru', 'Кларитромицин фармлэнд', 'Описание препарата Кларитромицин фармлэнд', 'Состав препарата Кларитромицин фармлэнд'),
  (179, 'ru', 'Кларитромицин-фт', 'Описание препарата Кларитромицин-фт', 'Состав препарата Кларитромицин-фт'),
  (180, 'ru', 'Клацид', 'Описание препарата Клацид', 'Состав препарата Клацид'),
  (181, 'ru', 'Клацид ср', 'Описание препарата Клацид ср', 'Состав препарата Клацид ср'),
  (182, 'ru', 'Клеримед', 'Описание препарата Клеримед', 'Состав препарата Клеримед'),
  (183, 'ru', 'Клиндацил', 'Описание препарата Клиндацил', 'Состав препарата Клиндацил'),
  (184, 'ru', 'Колистат', 'Описание препарата Колистат', 'Состав препарата Колистат'),
  (185, 'ru', 'Левомицетин', 'Описание препарата Левомицетин', 'Состав препарата Левомицетин'),
  (186, 'ru', 'Левомицетин', 'Описание препарата Левомицетин', 'Состав препарата Левомицетин'),
  (187, 'ru', 'Лекоклар', 'Описание препарата Лекоклар', 'Состав препарата Лекоклар'),
  (188, 'ru', 'Лекоклар хл', 'Описание препарата Лекоклар хл', 'Состав препарата Лекоклар хл'),
  (189, 'ru', 'Линкомицина гидрохлорид', 'Описание препарата Линкомицина гидрохлорид', 'Состав препарата Линкомицина гидрохлорид'),
  (190, 'ru', 'Линкомицина гидрохлорид', 'Описание препарата Линкомицина гидрохлорид', 'Состав препарата Линкомицина гидрохлорид'),
  (191, 'ru', 'Макропен', 'Описание препарата Макропен', 'Состав препарата Макропен'),
  (192, 'ru', 'Мегасеф', 'Описание препарата Мегасеф', 'Состав препарата Мегасеф'),
  (193, 'ru', 'Медаксон', 'Описание препарата Медаксон', 'Состав препарата Медаксон'),
  (194, 'ru', 'Медомицин', 'Описание препарата Медомицин', 'Состав препарата Медомицин'),
  (195, 'ru', 'Меропенем', 'Описание препарата Меропенем', 'Состав препарата Меропенем'),
  (196, 'ru', 'Меропенем', 'Описание препарата Меропенем', 'Состав препарата Меропенем'),
  (197, 'ru', 'Меропенем-тф', 'Описание препарата Меропенем-тф', 'Состав препарата Меропенем-тф'),
  (198, 'ru', 'Монурал', 'Описание препарата Монурал', 'Состав препарата Монурал'),
  (199, 'ru', 'Оксамп-натрий', 'Описание препарата Оксамп-натрий', 'Состав препарата Оксамп-натрий'),
  (200, 'ru', 'Оспамокс', 'Описание препарата Оспамокс', 'Состав препарата Оспамокс'),
  (201, 'ru', 'Оспамокс дт', 'Описание препарата Оспамокс дт', 'Состав препарата Оспамокс дт'),
  (202, 'ru', 'Префикс', 'Описание препарата Префикс', 'Состав препарата Префикс'),
  (203, 'ru', 'Рапиклав', 'Описание препарата Рапиклав', 'Состав препарата Рапиклав'),
  (204, 'ru', 'Ретарпен', 'Описание препарата Ретарпен', 'Состав препарата Ретарпен'),
  (205, 'ru', 'Ровамицин', 'Описание препарата Ровамицин', 'Состав препарата Ровамицин'),
  (206, 'ru', 'Роцефин', 'Описание препарата Роцефин', 'Состав препарата Роцефин'),
  (207, 'ru', 'Селецеф', 'Описание препарата Селецеф', 'Состав препарата Селецеф'),
  (208, 'ru', 'Сефпотек', 'Описание препарата Сефпотек', 'Состав препарата Сефпотек'),
  (209, 'ru', 'Спирамицин-фт', 'Описание препарата Спирамицин-фт', 'Состав препарата Спирамицин-фт'),
  (210, 'ru', 'Стрептомицина сульфат', 'Описание препарата Стрептомицина сульфат', 'Состав препарата Стрептомицина сульфат'),
  (211, 'ru', 'Сультасин', 'Описание препарата Сультасин', 'Состав препарата Сультасин'),
  (212, 'ru', 'Сумалек', 'Описание препарата Сумалек', 'Состав препарата Сумалек'),
  (213, 'ru', 'Сумамед', 'Описание препарата Сумамед', 'Состав препарата Сумамед'),
  (214, 'ru', 'Сумамед форте', 'Описание препарата Сумамед форте', 'Состав препарата Сумамед форте'),
  (215, 'ru', 'Супракс солютаб', 'Описание препарата Супракс солютаб', 'Состав препарата Супракс солютаб'),
  (216, 'ru', 'Тардокс', 'Описание препарата Тардокс', 'Состав препарата Тардокс'),
  (217, 'ru', 'Тейкопланин-тф', 'Описание препарата Тейкопланин-тф', 'Состав препарата Тейкопланин-тф'),
  (218, 'ru', 'Тетрациклин', 'Описание препарата Тетрациклин', 'Состав препарата Тетрациклин'),
  (219, 'ru', 'Тетрациклин-белмед', 'Описание препарата Тетрациклин-белмед', 'Состав препарата Тетрациклин-белмед'),
  (220, 'ru', 'Тигацил', 'Описание препарата Тигацил', 'Состав препарата Тигацил'),
  (221, 'ru', 'Триксоцеф', 'Описание препарата Триксоцеф', 'Состав препарата Триксоцеф'),
  (222, 'ru', 'Фарментин бд 228', 'Описание препарата Фарментин бд 228', 'Состав препарата Фарментин бд 228'),
  (223, 'ru', 'Фарментин бд 457', 'Описание препарата Фарментин бд 457', 'Состав препарата Фарментин бд 457'),
  (224, 'ru', 'Флемоклав солютаб', 'Описание препарата Флемоклав солютаб', 'Состав препарата Флемоклав солютаб'),
  (225, 'ru', 'Флемоксин солютаб', 'Описание препарата Флемоксин солютаб', 'Состав препарата Флемоксин солютаб'),
  (226, 'ru', 'Флуимуцил-антибиотик ит', 'Описание препарата Флуимуцил-антибиотик ит', 'Состав препарата Флуимуцил-антибиотик ит'),
  (227, 'ru', 'Фосфомицин-лф', 'Описание препарата Фосфомицин-лф', 'Состав препарата Фосфомицин-лф'),
  (228, 'ru', 'Фромилид', 'Описание препарата Фромилид', 'Состав препарата Фромилид'),
  (229, 'ru', 'Фромилид уно', 'Описание препарата Фромилид уно', 'Состав препарата Фромилид уно'),
  (230, 'ru', 'Хиконцил', 'Описание препарата Хиконцил', 'Состав препарата Хиконцил'),
  (231, 'ru', 'Цефазолин-акос', 'Описание препарата Цефазолин-акос', 'Состав препарата Цефазолин-акос'),
  (232, 'ru', 'Цефазолин-белмед', 'Описание препарата Цефазолин-белмед', 'Состав препарата Цефазолин-белмед'),
  (233, 'ru', 'Цефазолина натриевая соль', 'Описание препарата Цефазолина натриевая соль', 'Состав препарата Цефазолина натриевая соль'),
  (234, 'ru', 'Цефазолина натриевая соль', 'Описание препарата Цефазолина натриевая соль', 'Состав препарата Цефазолина натриевая соль'),
  (235, 'ru', 'Цефалексин', 'Описание препарата Цефалексин', 'Состав препарата Цефалексин'),
  (236, 'ru', 'Цефалексин', 'Описание препарата Цефалексин', 'Состав препарата Цефалексин'),
  (237, 'ru', 'Цефамед', 'Описание препарата Цефамед', 'Состав препарата Цефамед'),
  (238, 'ru', 'Цефепим', 'Описание препарата Цефепим', 'Состав препарата Цефепим'),
  (239, 'ru', 'Цефепим-боримед', 'Описание препарата Цефепим-боримед', 'Состав препарата Цефепим-боримед'),
  (240, 'ru', 'Цефепим-тф', 'Описание препарата Цефепим-тф', 'Состав препарата Цефепим-тф'),
  (241, 'ru', 'Цефикар', 'Описание препарата Цефикар', 'Состав препарата Цефикар'),
  (242, 'ru', 'Цефоперазон', 'Описание препарата Цефоперазон', 'Состав препарата Цефоперазон'),
  (243, 'ru', 'Цефосин', 'Описание препарата Цефосин', 'Состав препарата Цефосин'),
  (244, 'ru', 'Цефосульбактам', 'Описание препарата Цефосульбактам', 'Состав препарата Цефосульбактам'),
  (245, 'ru', 'Цефотаксим', 'Описание препарата Цефотаксим', 'Состав препарата Цефотаксим'),
  (246, 'ru', 'Цефотаксима натриевая соль', 'Описание препарата Цефотаксима натриевая соль', 'Состав препарата Цефотаксима натриевая соль'),
  (247, 'ru', 'Цефотаксима натриевая соль', 'Описание препарата Цефотаксима натриевая соль', 'Состав препарата Цефотаксима натриевая соль'),
  (248, 'ru', 'Цефтазидим', 'Описание препарата Цефтазидим', 'Состав препарата Цефтазидим'),
  (249, 'ru', 'Цефтриаксон', 'Описание препарата Цефтриаксон', 'Состав препарата Цефтриаксон'),
  (250, 'ru', 'Цефтриаксон', 'Описание препарата Цефтриаксон', 'Состав препарата Цефтриаксон'),
  (251, 'ru', 'Цефтриаксон', 'Описание препарата Цефтриаксон', 'Состав препарата Цефтриаксон'),
  (252, 'ru', 'Цефтриаксон-тф', 'Описание препарата Цефтриаксон-тф', 'Состав препарата Цефтриаксон-тф'),
  (253, 'ru', 'Цефурокс', 'Описание препарата Цефурокс', 'Состав препарата Цефурокс'),
  (254, 'ru', 'Цефуроксим', 'Описание препарата Цефуроксим', 'Состав препарата Цефуроксим'),
  (255, 'ru', 'Цилапенем', 'Описание препарата Цилапенем', 'Состав препарата Цилапенем'),
  (256, 'ru', 'Эритромицин', 'Описание препарата Эритромицин', 'Состав препарата Эритромицин'),
  (257, 'ru', 'Эритромицин', 'Описание препарата Эритромицин', 'Состав препарата Эритромицин'),
  (258, 'ru', 'Эритромицин-боримед', 'Описание препарата Эритромицин-боримед',
   'Состав препарата Эритромицин-боримед'),
  (259, 'ru', 'Юнидокс солютаб', 'Описание препарата Юнидокс солютаб', 'Состав препарата Юнидокс солютаб');



INSERT INTO orders (client_login, drug_id, number, date) VALUES
  ('loginp1lfk5bjki',189,2,'2016-2-22 20:58:2'),
  ('loginwdl5jy2vsj',36,6,'2016-11-1 6:28:45'),
  ('login1f1z2luypd',63,0,'2016-6-20 22:0:57'),
  ('loginc8mmc4thr7',116,8,'2016-11-4 20:13:19'),
  ('login7g5tzsx1cc',108,1,'2016-6-23 1:53:29'),
  ('loginqddsd5khx1',41,3,'2016-8-5 23:41:54'),
  ('logineld4r1yewi',136,9,'2016-1-23 18:54:38'),
  ('loginzqtucz2yrk',66,8,'2016-2-21 3:30:44'),
  ('logint4gu8iuzxt',135,7,'2016-8-21 1:41:8'),
  ('loginzt8xeaxhxu',152,5,'2016-7-25 8:8:1'),
  ('login2a7m2duk7a',106,2,'2016-11-21 12:25:42');
/*  ('loginyubw7ik9dm',143,2,'2016-10-18 20:19:58'),
  ('loginml3q0xaqtd',121,8,'2016-4-30 9:34:57'),
  ('loginnif1g5ne6v',184,0,'2016-1-26 14:33:26'),
  ('loginmy9h9en5wi',178,8,'2016-2-4 23:30:9'),
  ('loginvn1ulkeymg',72,3,'2016-11-21 12:41:16'),
  ('login3ixzwivexj',221,1,'2016-2-2 4:24:20'),
  ('logineld4r1yewi',173,3,'2016-10-28 20:36:30'),
  ('loginogra2w3kuf',254,5,'2016-8-18 8:14:32'),
  ('loginw3lgyuirmj',24,1,'2016-6-10 6:39:23'),
  ('logini81e6oc6hv',225,10,'2016-6-16 0:4:40'),
  ('loging375stqqob',255,6,'2016-10-15 15:50:53'),
  ('loginjss5x2jhqf',137,0,'2016-3-26 10:10:46'),
  ('login0h737xuh9d',237,0,'2016-9-19 15:1:10'),
  ('login481vc9edd6',141,10,'2016-12-30 22:1:1'),
  ('login9mbmif84bs',164,2,'2016-2-30 3:10:50'),
  ('loginqczv7p7ghw',188,5,'2016-10-14 2:6:20'),
  ('loginpv9xqk8vyy',161,2,'2016-5-19 3:56:34'),
  ('logins580e2q6ht',50,6,'2016-8-26 5:56:32'),
  ('login6ufac5uei7',148,0,'2016-8-1 20:48:45'),
  ('loginadyjwhkp0w',157,0,'2016-8-24 12:16:49'),
  ('loginyfan1a0lbi',150,9,'2016-7-4 13:51:30'),
  ('login7nkvqu4vie',163,8,'2016-10-11 15:47:24'),
  ('login8b2hdoxu0u',112,8,'2016-1-16 21:5:55'),
  ('loginr6vs0dzzg6',79,8,'2016-3-19 20:26:33'),
  ('loginshqvfnsr7o',179,8,'2016-5-30 10:54:18'),
  ('loginqczv7p7ghw',226,9,'2016-3-9 9:32:22'),
  ('login6z3jf8e0kf',179,2,'2016-10-12 19:16:27'),
  ('loginlph7q4sqld',59,1,'2016-10-19 5:7:21'),
  ('login6chftnh6hz',137,9,'2016-12-16 22:58:15'),
  ('loginifxuzeektn',196,3,'2016-9-12 14:50:33'),
  ('login0s02fw3n83',190,4,'2016-1-29 9:25:1'),
  ('loginztdvzjhhzb',43,4,'2016-9-10 4:35:20'),
  ('loginx1zpd27pwd',104,9,'2016-1-10 20:13:16'),
  ('loginqu14t015xq',232,9,'2016-9-2 3:14:33'),
  ('loginapn3phykcu',60,1,'2016-4-3 4:4:46'),
  ('logingidfnofwb6',104,10,'2016-7-10 4:23:59'),
  ('logintzu81dsinr',195,0,'2016-6-15 17:13:30'),
  ('login5yd1sor9e5',254,0,'2016-12-5 12:46:51'),
  ('loginc1fdcbdypu',158,5,'2016-9-15 8:46:53'),
  ('loginely1r97vhq',128,2,'2016-10-12 18:49:45'),
  ('logint6ptns3co0',236,0,'2016-5-17 17:26:52'),
  ('login9mkfafj6d1',86,10,'2016-12-10 4:8:30'),
  ('loginyxernq1lz8',13,8,'2016-2-29 17:50:31'),
  ('loginki9dg83rbc',102,0,'2016-1-25 18:12:54'),
  ('loginarldktc1z7',119,1,'2016-4-8 15:18:2'),
  ('login8xdtunvdwm',140,6,'2016-2-22 0:40:15'),
  ('loginq9zf07z25y',63,6,'2016-9-21 10:56:7'),
  ('loginaofazq2bp0',127,9,'2016-4-4 7:25:39'),
  ('login6qre1op5qr',248,3,'2016-5-6 0:19:13'),
  ('logino1kt6nlwsd',178,5,'2016-7-9 4:16:57'),
  ('loging3yhvpcxdp',100,9,'2016-4-7 15:16:6'),
  ('login7nkvqu4vie',103,3,'2016-3-27 6:34:7'),
  ('login1wb546qyz7',160,8,'2016-10-15 15:16:16'),
  ('loginuj43ssxqr0',153,3,'2016-5-3 20:14:8'),
  ('loginjk0c26cswr',150,5,'2016-1-28 6:47:31'),
  ('loginnif1g5ne6v',250,7,'2016-6-8 3:46:3'),
  ('login4kplqlk79y',181,9,'2016-9-20 18:14:32'),
  ('loginjss5x2jhqf',185,6,'2016-2-4 3:45:25'),
  ('loginxu04scj73w',214,7,'2016-2-22 17:32:54'),
  ('loginfvb5myke66',187,8,'2016-1-15 17:49:46'),
  ('loginww4yp2nb48',207,8,'2016-1-20 18:39:56'),
  ('loginj8cxxds7mj',89,2,'2016-12-16 5:42:31'),
  ('login078j3slezg',9,3,'2016-9-15 13:44:48'),
  ('login72977p9gg6',148,10,'2016-8-9 13:48:16'),
  ('login9lxonsuw25',147,6,'2016-5-5 14:49:36'),
  ('login0dxlnllfma',128,10,'2016-1-12 0:51:15'),
  ('loginqtam7mvwpn',179,2,'2016-12-8 13:45:40'),
  ('login6n4zkpq04a',209,3,'2016-11-3 11:57:10'),
  ('loginynogu22g3f',178,4,'2016-3-7 8:48:1'),
  ('loginhfc4d7uek0',204,1,'2016-11-17 14:34:8'),
  ('loginj91jh3amru',42,0,'2016-6-11 14:41:6'),
  ('loginkrvx5s6bbo',128,3,'2016-10-6 6:22:15'),
  ('loginqkrgp5lzi6',126,5,'2016-10-26 13:42:42'),
  ('loginko0h8ra6d6',235,8,'2016-4-11 11:18:7'),
  ('loginxiqabxsfs2',179,6,'2016-11-20 20:35:7'),
  ('loginshqvfnsr7o',31,6,'2016-9-16 3:47:56'),
  ('loginfgjepeah3i',162,4,'2016-9-12 17:53:56'),
  ('login6ohpf7f0r6',134,10,'2016-11-6 21:52:22'),
  ('loginqocnfgb3pn',3,8,'2016-6-24 18:20:10'),
  ('loginoa79esxrjj',73,7,'2016-12-11 6:55:16'),
  ('loginksfadrycnm',173,9,'2016-2-14 15:0:6'),
  ('loginbv1vg3pqu2',178,1,'2016-11-10 6:31:48'),
  ('login544xypysab',253,1,'2016-5-23 21:27:0'),
  ('loginmxaupt1reg',186,10,'2016-4-15 18:25:40'),
  ('loginjp89m78rmn',22,4,'2016-4-10 20:48:52'),
  ('loginnepmc7rmzc',30,1,'2016-2-11 10:7:58'),
  ('loginn11hts3bk3',42,1,'2016-11-25 1:8:16'),
  ('login1khnxlwvm0',224,4,'2016-11-2 12:36:47'),
  ('login7u8rcqrm0l',216,4,'2016-7-29 19:19:43'),
  ('loginiiikjgyj59',54,10,'2016-7-1 22:28:15'),
  ('loginvt1fhskpnn',36,3,'2016-4-17 17:55:7'),
  ('loginxiqabxsfs2',241,8,'2016-10-25 8:49:33'),
  ('login24icbmyg8r',152,10,'2016-3-5 9:11:2'),
  ('loginoxow1a74y8',248,6,'2016-5-25 6:55:12'),
  ('loginjp89m78rmn',103,5,'2016-4-19 18:21:48'),
  ('login2wpu2ktym8',114,7,'2016-1-25 17:54:51'),
  ('loginbaic48p0lk',13,8,'2016-12-16 18:51:14'),
  ('login99qf8rma3y',161,2,'2016-6-26 14:11:31'),
  ('loginjk25rzmu4t',234,7,'2016-7-19 16:48:55'),
  ('loginx21ohz9l4z',62,2,'2016-5-19 20:38:8'),
  ('login9lxonsuw25',38,9,'2016-10-30 1:16:58'),
  ('login3hcyfb6mau',73,2,'2016-5-16 9:36:15'),
  ('login7pgw8kwqum',96,3,'2016-5-26 6:3:25'),
  ('logincx5honqpwx',108,6,'2016-8-4 12:17:56'),
  ('loginvz8nhoy4fn',69,9,'2016-5-15 12:33:31'),
  ('loginlr86rm0nrz',227,7,'2016-2-29 4:15:57'),
  ('logingidfnofwb6',31,1,'2016-10-10 1:47:13'),
  ('loginj9dxat750i',144,10,'2016-3-23 23:4:24'),
  ('loginq882aptf9f',44,3,'2016-1-26 12:34:32'),
  ('logint4gu8iuzxt',82,9,'2016-9-5 3:26:48'),
  ('loginp1gj2japq9',80,7,'2016-2-17 12:54:28'),
  ('loginhmgfveg1jr',91,10,'2016-3-25 7:54:31'),
  ('loginn11hts3bk3',39,4,'2016-2-14 8:55:33'),
  ('loginc8eo199m77',61,9,'2016-6-27 17:47:21'),
  ('loginme8bh5ls0u',37,5,'2016-1-18 13:55:5'),
  ('loginarldktc1z7',215,5,'2016-2-1 8:51:22'),
  ('login618sssd8ua',160,7,'2016-4-17 18:1:3'),
  ('login47xvqt4psl',99,0,'2016-5-1 3:6:50'),
  ('loginc1fdcbdypu',11,5,'2016-11-21 22:2:16'),
  ('logingmtgrbpxos',237,0,'2016-10-19 23:40:4'),
  ('loginp1mm5cbsgt',241,3,'2016-7-3 7:43:45'),
  ('loginx1zpd27pwd',176,4,'2016-10-5 12:45:50'),
  ('loginxluj7xr2ki',134,4,'2016-4-20 11:20:22'),
  ('loging053b8tlc4',85,10,'2016-9-7 16:51:6'),
  ('loging8o5wv6a54',58,6,'2016-7-18 18:5:11'),
  ('loginlotlp6a9i0',163,9,'2016-9-14 17:50:3'),
  ('loginpovami7fi0',173,0,'2016-12-13 9:43:46'),
  ('loginh2afhgz7qt',203,8,'2016-5-20 23:59:47'),
  ('logint6fjlhv2a7',72,6,'2016-12-24 8:44:6'),
  ('logina2he41ruqt',84,4,'2016-2-24 6:25:29'),
  ('logina3yvieric7',255,2,'2016-3-15 20:38:57'),
  ('loginpovami7fi0',51,0,'2016-8-14 15:17:43'),
  ('login60xsvllj8k',252,8,'2016-6-12 5:6:21'),
  ('login6qre1op5qr',131,0,'2016-1-25 23:36:16'),
  ('loginq9zf07z25y',61,1,'2016-6-2 8:42:30'),
  ('login3hcyfb6mau',61,10,'2016-8-27 13:42:43'),
  ('loginzm4kerfau6',209,7,'2016-6-8 20:45:5'),
  ('logini7t94grubo',229,1,'2016-10-11 23:29:13'),
  ('loginqbvdo878sf',49,7,'2016-11-10 0:9:45'),
  ('loginmhyxedd0rq',116,3,'2016-12-24 20:55:34'),
  ('login6nuvw1i018',79,10,'2016-6-29 2:45:37'),
  ('login1zswvc3aep',217,2,'2016-5-27 19:47:52'),
  ('loging3yhvpcxdp',32,4,'2016-3-4 9:34:7'),
  ('loginjarhij1uau',124,2,'2016-3-13 9:28:57'),
  ('loginbpxfc51u5u',234,3,'2016-11-1 19:36:38'),
  ('loginely1r97vhq',193,2,'2016-6-16 22:22:15'),
  ('login618sssd8ua',251,1,'2016-10-16 6:33:40'),
  ('loginlyl2junwcw',136,7,'2016-11-30 16:51:27'),
  ('login544xypysab',248,7,'2016-5-4 10:40:27'),
  ('loginjk25rzmu4t',249,7,'2016-6-1 21:55:1'),
  ('login481vc9edd6',7,8,'2016-1-4 13:50:2'),
  ('loginnlyk5wshqo',134,1,'2016-7-4 5:54:28'),
  ('login6x06mnmnmv',74,3,'2016-5-9 4:36:36'),
  ('loginrp47lyisj9',201,6,'2016-3-10 4:1:43'),
  ('loginvjqdj7jw6r',204,1,'2016-2-5 7:14:59'),
  ('logineld4r1yewi',149,7,'2016-6-7 3:28:13'),
  ('logini80a1iq63t',44,9,'2016-9-18 13:25:2'),
  ('loging3i8929ja6',200,3,'2016-2-28 7:44:55'),
  ('loginsz0qjua14u',253,6,'2016-7-15 19:8:55'),
  ('loginhmbzyff23i',122,9,'2016-10-11 6:53:57'),
  ('loginfit0cghwbd',43,0,'2016-11-7 0:10:48'),
  ('logingce6nmdewg',98,7,'2016-11-8 1:16:21'),
  ('loginpv9xqk8vyy',7,5,'2016-2-30 3:57:5'),
  ('loginzau0hxdiyi',21,5,'2016-2-7 12:50:17'),
  ('loginn3n3xudwa2',130,10,'2016-5-18 2:7:55'),
  ('loginko0h8ra6d6',228,9,'2016-7-4 14:54:55'),
  ('loginmzjghkwlza',190,5,'2016-4-23 20:15:17'),
  ('logincrx8io9l90',38,8,'2016-2-19 23:13:4'),
  ('loginlaq8job2ej',29,7,'2016-9-10 7:28:54'),
  ('loginlqy66utl6f',77,9,'2016-12-4 4:25:4'),
  ('loginmyl9xlyz12',13,7,'2016-2-20 17:40:52'),
  ('logini9jgs0hosu',190,5,'2016-6-5 20:5:42'),
  ('login4b6bu6iy75',189,5,'2016-5-19 2:5:41'),
  ('loginjkz8dn9a86',90,6,'2016-11-9 13:25:49'),
  ('logindu1lg2t9z9',109,1,'2016-6-3 7:44:37'),
  ('login7u8rcqrm0l',252,1,'2016-2-22 6:3:24'),
  ('logint6ptns3co0',144,0,'2016-7-9 16:23:53'),
  ('loginvy2zb4cpym',91,8,'2016-9-26 22:31:48'),
  ('loginxtnldshrf5',219,3,'2016-6-14 2:13:52'),
  ('loginwlaqsyjo9l',204,7,'2016-2-2 18:57:1'),
  ('loginjp89m78rmn',254,10,'2016-1-17 12:53:25'),
  ('loginoa79esxrjj',204,5,'2016-4-24 10:10:17'),
  ('logindpw1bbse6u',146,10,'2016-9-18 5:41:34'),
  ('loginax4ofwa9iy',251,1,'2016-6-9 4:58:2'),
  ('loginc8mmc4thr7',249,7,'2016-9-13 4:0:2'),
  ('loginaqjvj5p4i3',233,5,'2016-6-2 22:54:26'),
  ('loginfiwn3igiad',15,5,'2016-10-25 5:11:58'),
  ('loginkri2vamst7',146,1,'2016-10-5 23:58:18'),
  ('loging375stqqob',254,9,'2016-9-9 18:3:7'),
  ('loginr6vs0dzzg6',44,4,'2016-1-29 14:47:30'),
  ('login24cfgk9ezi',201,2,'2016-3-29 22:11:57'),
  ('logind8ljgo954y',75,6,'2016-2-9 0:50:37'),
  ('logindjufl9w4hg',18,2,'2016-11-29 2:58:20'),
  ('login4o47zru1qt',69,10,'2016-11-24 21:14:50'),
  ('loging053b8tlc4',96,1,'2016-11-25 20:34:58'),
  ('loginf92g86yhti',210,10,'2016-2-7 11:32:52'),
  ('loginqaz6upc7cs',212,4,'2016-10-14 1:9:22'),
  ('loginbdqd7uyrhk',53,1,'2016-3-5 0:34:32'),
  ('logingo6dqmbd16',30,3,'2016-5-15 2:31:22'),
  ('loginfinll6o03m',140,3,'2016-10-13 19:54:14'),
  ('login2zrkk6raoi',88,1,'2016-6-11 11:32:0'),
  ('loginizj7nnx6nn',46,3,'2016-12-22 11:31:28'),
  ('login1e2rn0n8mm',209,1,'2016-3-7 4:42:40'),
  ('loginksfadrycnm',62,8,'2016-10-26 21:52:20'),
  ('loginogra2w3kuf',59,9,'2016-6-28 20:28:27'),
  ('login17cldd09lv',121,4,'2016-4-14 9:2:13'),
  ('loginq9zf07z25y',197,8,'2016-12-30 0:4:56'),
  ('loginxw4ls1oaff',13,7,'2016-10-18 5:45:49'),
  ('login8w7enfqwk5',225,6,'2016-12-19 15:12:26'),
  ('logingxdb0zugw5',223,7,'2016-5-29 7:45:59'),
  ('loginysh0uvbi81',199,4,'2016-12-20 16:11:27'),
  ('login22gt77m679',40,2,'2016-2-17 22:40:29'),
  ('login7v4hy2u8sz',181,4,'2016-7-12 1:13:29'),
  ('loginh1jwfdrdz2',49,8,'2016-9-14 17:58:27'),
  ('loginweano9qtl5',10,4,'2016-3-27 0:49:28'),
  ('loginbaic48p0lk',23,1,'2016-7-2 5:44:9'),
  ('login7csr2i9e6t',46,7,'2016-7-11 5:9:25'),
  ('loginxak3v1idnf',33,10,'2016-11-7 18:45:36'),
  ('logingo6dqmbd16',24,1,'2016-8-22 14:6:52'),
  ('logincq9ysmbddc',99,4,'2016-3-1 6:14:25'),
  ('login78lc85tfjh',178,5,'2016-4-24 8:10:53'),
  ('login7hrsyfyl72',80,3,'2016-7-28 23:16:50'),
  ('loginebwq8pde12',108,4,'2016-9-1 20:52:13'),
  ('loginfiwn3igiad',132,2,'2016-11-30 12:40:19'),
  ('loginaofazq2bp0',35,6,'2016-2-16 22:0:38'),
  ('login7y2iwtw76q',130,1,'2016-8-28 3:25:2'),
  ('logins580e2q6ht',1,0,'2016-5-4 14:29:38'),
  ('login7y2iwtw76q',226,5,'2016-3-10 12:1:45'),
  ('loginnepmc7rmzc',127,1,'2016-1-24 19:49:11'),
  ('loginnlyk5wshqo',250,4,'2016-12-13 20:20:51'),
  ('loginqkrgp5lzi6',148,7,'2016-12-10 2:44:37'),
  ('logini9jgs0hosu',178,9,'2016-4-17 1:9:27'),
  ('login8u4wnysl96',19,6,'2016-1-12 2:27:9'),
  ('loginzsk3rdenby',81,6,'2016-10-3 19:23:30'),
  ('loginj91jh3amru',215,8,'2016-10-19 1:34:54'),
  ('logintzu81dsinr',253,8,'2016-4-21 17:29:44'),
  ('login6x06mnmnmv',103,0,'2016-10-22 15:9:47'),
  ('loginlph7q4sqld',228,0,'2016-6-24 7:28:22'),
  ('logingyg056xod8',89,5,'2016-7-1 2:6:17'),
  ('loginnn73j10gkn',26,10,'2016-5-6 5:52:36'),
  ('loginj34kp7130l',181,9,'2016-4-10 0:7:53'),
  ('loginebwq8pde12',125,4,'2016-8-20 18:46:56'),
  ('login7qbfnslon1',184,2,'2016-7-15 15:52:39'),
  ('loginhmgfveg1jr',94,3,'2016-9-9 20:6:48'),
  ('login2cpwwwmas9',140,0,'2016-11-29 15:26:44'),
  ('login1hvt4elyvd',44,7,'2016-12-16 17:1:51'),
  ('login4bbydl53rh',37,3,'2016-6-23 5:12:40'),
  ('loginhl0bbdyzjd',64,4,'2016-1-16 8:12:51'),
  ('login8qtxpbp9yc',233,8,'2016-3-11 9:1:55'),
  ('loginiiikjgyj59',64,8,'2016-6-7 0:26:31'),
  ('loginlaq8job2ej',65,2,'2016-12-5 16:50:59'),
  ('loginmva4n2za1r',251,8,'2016-2-29 14:20:34'),
  ('loginnepmc7rmzc',201,6,'2016-12-24 17:16:10'),
  ('loginnqeanuzj03',16,2,'2016-2-5 10:0:5'),
  ('logindcrbqwan23',69,6,'2016-2-15 19:39:4'),
  ('logins44mw2i37v',83,2,'2016-11-13 2:21:36'),
  ('loginenpu26jq6a',74,5,'2016-2-3 4:12:38'),
  ('login0s02fw3n83',247,10,'2016-12-14 12:27:48'),
  ('loginzcalktrht0',49,2,'2016-2-15 19:54:59'),
  ('loginfiwn3igiad',154,7,'2016-3-28 23:4:13'),
  ('loginbwgz9ag30a',137,8,'2016-1-16 22:48:34'),
  ('loginva2agzg997',99,0,'2016-4-12 1:47:53'),
  ('loginme8bh5ls0u',71,7,'2016-5-16 3:48:42'),
  ('logindxj7l8b82i',102,4,'2016-8-27 18:22:42'),
  ('loginlfgy00v82m',8,5,'2016-10-17 18:16:23'),
  ('loginlph7q4sqld',49,5,'2016-6-9 22:13:43'),
  ('loginp1mm5cbsgt',212,1,'2016-3-11 1:47:54'),
  ('loginww4yp2nb48',44,4,'2016-8-28 14:44:26'),
  ('loginfpvq6awxka',156,7,'2016-11-30 13:44:56'),
  ('loginslubp1j3q8',166,0,'2016-6-2 7:16:10'),
  ('logino8z6w0uh8k',256,2,'2016-9-10 22:5:49'),
  ('loginhmgfveg1jr',14,8,'2016-9-1 8:46:29'),
  ('logindjufl9w4hg',190,6,'2016-5-12 11:29:50'),
  ('loging053b8tlc4',208,5,'2016-1-7 16:29:47'),
  ('loginc8eo199m77',64,0,'2016-5-17 1:46:10'),
  ('loginqczv7p7ghw',7,9,'2016-2-14 20:18:24'),
  ('loginjk25rzmu4t',197,0,'2016-8-11 15:29:0'),
  ('logingo6dqmbd16',203,0,'2016-9-6 20:14:17'),
  ('loginenpu26jq6a',133,6,'2016-4-22 4:52:34'),
  ('login1zswvc3aep',95,6,'2016-2-11 5:54:31'),
  ('login9mbmif84bs',68,0,'2016-1-21 6:19:46'),
  ('login3dxpt6oedk',26,6,'2016-11-24 15:53:20'),
  ('loging3i8929ja6',134,3,'2016-7-11 4:57:28'),
  ('logingidfnofwb6',130,10,'2016-11-29 0:37:13'),
  ('loginko0h8ra6d6',222,10,'2016-6-15 12:52:21'),
  ('loginqtam7mvwpn',251,10,'2016-7-21 15:49:21'),
  ('loginn4xbdf75hm',244,7,'2016-4-5 12:40:56'),
  ('login62bn1sjufa',110,5,'2016-12-22 1:15:38'),
  ('logini4x16jjddm',242,3,'2016-5-27 12:26:28'),
  ('login8ikmmuzzvx',148,1,'2016-10-12 6:59:32'),
  ('login4nddzg52ml',217,5,'2016-4-15 2:30:35'),
  ('logini4x16jjddm',50,3,'2016-1-15 12:41:26'),
  ('loginzb9iheowpm',16,10,'2016-8-16 3:56:52'),
  ('login3petsgiq5q',92,8,'2016-6-17 9:1:28'),
  ('loginslubp1j3q8',0,7,'2016-12-27 15:1:16'),
  ('logini80a1iq63t',171,10,'2016-10-2 12:1:30'),
  ('loginvy2zb4cpym',14,2,'2016-1-24 21:30:44'),
  ('logintav6657n6m',75,10,'2016-4-26 3:33:13'),
  ('loginaofazq2bp0',102,7,'2016-2-29 2:19:52'),
  ('login22gt77m679',65,5,'2016-2-3 5:34:50'),
  ('loginc8mmc4thr7',179,7,'2016-6-21 13:13:52'),
  ('login3xy09rah5c',126,2,'2016-1-7 17:19:15'),
  ('logint4gu8iuzxt',119,3,'2016-4-29 21:43:42'),
  ('loginvcokuvpioh',192,0,'2016-11-29 21:45:25'),
  ('loginadyjwhkp0w',194,1,'2016-5-25 16:36:57'),
  ('loginbdqd7uyrhk',21,9,'2016-7-14 23:41:23'),
  ('logint6fjlhv2a7',241,8,'2016-4-27 21:50:23'),
  ('logintav6657n6m',162,2,'2016-12-30 22:44:35'),
  ('login5a36nonxjn',13,1,'2016-8-10 9:7:14'),
  ('loginp1lfk5bjki',35,9,'2016-8-30 8:5:21'),
  ('loginhnm21hnml2',22,4,'2016-12-22 13:43:2'),
  ('loginqdds0487rv',142,9,'2016-5-12 21:10:36'),
  ('login2cve1f4lu0',210,6,'2016-1-23 6:2:24'),
  ('logintug2gwroev',233,10,'2016-2-20 1:10:36'),
  ('loginlfnti6x97m',130,0,'2016-3-2 10:22:7'),
  ('logind2g10622pq',89,1,'2016-6-19 21:27:21'),
  ('loginga0ah9wgvo',254,1,'2016-6-25 1:26:54'),
  ('login8xqzjlmi3u',86,4,'2016-7-10 14:33:24'),
  ('loginhmbzyff23i',180,4,'2016-8-27 16:59:11'),
  ('login6n4zkpq04a',107,7,'2016-3-20 19:12:38'),
  ('logini80a1iq63t',150,2,'2016-1-6 14:10:24'),
  ('login17cldd09lv',79,8,'2016-1-5 10:44:6'),
  ('logincrx8io9l90',116,9,'2016-5-18 10:43:37'),
  ('loginkjij2ztse4',113,4,'2016-4-17 3:19:46'),
  ('logintef8clswdx',6,1,'2016-9-10 2:50:51'),
  ('loginmbnb51wkx4',43,8,'2016-2-30 2:17:45'),
  ('loginqocnfgb3pn',45,6,'2016-1-13 21:57:49'),
  ('loginpl2axw4a5s',184,7,'2016-2-6 0:10:13'),
  ('login09jm844k1w',114,10,'2016-10-17 1:19:30'),
  ('loginfit0cghwbd',54,10,'2016-4-22 2:47:13'),
  ('login0yntf4t4ct',123,0,'2016-8-30 21:17:52'),
  ('loginqx9witxu2f',138,2,'2016-11-22 15:13:20'),
  ('loginp1gj2japq9',243,2,'2016-7-27 15:48:14'),
  ('logino8z6w0uh8k',144,5,'2016-5-17 13:35:59'),
  ('login0fjjf0dh0l',216,7,'2016-1-20 5:23:50'),
  ('logina3qoyxi1qv',46,2,'2016-8-3 20:11:22'),
  ('login0zvpsr4bxy',81,9,'2016-6-5 15:49:54'),
  ('loginmiee6fpgje',253,9,'2016-12-3 8:36:30'),
  ('loginknji8smuij',59,2,'2016-6-25 10:0:13'),
  ('loginbdqd7uyrhk',136,5,'2016-5-7 2:7:35'),
  ('loginc1fdcbdypu',234,10,'2016-2-1 22:54:2'),
  ('logingce6nmdewg',178,0,'2016-12-20 23:10:15'),
  ('logindxj7l8b82i',189,2,'2016-2-25 0:51:31'),
  ('login0dxlnllfma',204,4,'2016-6-5 22:28:52'),
  ('loginnqeanuzj03',151,4,'2016-11-22 7:52:11'),
  ('logintq47j1uiyb',225,9,'2016-11-19 5:25:57'),
  ('loginh120zadygj',114,1,'2016-5-1 2:12:24'),
  ('logindjufl9w4hg',104,10,'2016-7-7 19:3:20'),
  ('logins0ifj855vn',3,5,'2016-9-22 23:6:52'),
  ('loginvcokuvpioh',112,10,'2016-8-1 15:46:33'),
  ('loginx5rvhszib7',102,0,'2016-7-27 13:52:51'),
  ('loginqkrgp5lzi6',101,10,'2016-9-5 7:18:20'),
  ('login09jm844k1w',224,7,'2016-12-7 2:8:46'),
  ('loginym735324ft',127,0,'2016-7-25 17:32:1'),
  ('logint7lxwvd02x',132,10,'2016-4-9 5:38:0'),
  ('login8u4wnysl96',66,1,'2016-2-8 4:32:35'),
  ('loginff1z7a9ejh',32,9,'2016-4-25 4:54:20'),
  ('login95324a5k6v',34,2,'2016-8-7 6:11:8'),
  ('logincq9ysmbddc',122,10,'2016-12-20 13:58:12'),
  ('loginysh0uvbi81',79,5,'2016-11-4 22:37:14'),
  ('login7g5tzsx1cc',153,5,'2016-1-6 8:33:51'),
  ('login4bbydl53rh',222,2,'2016-2-14 11:4:31'),
  ('loginxak3v1idnf',242,4,'2016-7-26 2:33:10'),
  ('login9quzdptsfx',137,3,'2016-9-3 18:6:44'),
  ('login5r0imyyg5q',28,10,'2016-3-15 19:4:38'),
  ('loginhl0bbdyzjd',174,10,'2016-3-5 19:5:5'),
  ('login1osocdooia',29,5,'2016-5-27 16:13:15'),
  ('loginnlyk5wshqo',235,6,'2016-2-5 12:22:5'),
  ('loginml3q0xaqtd',121,0,'2016-2-29 16:28:49'),
  ('logindg7e1r450p',218,4,'2016-2-28 4:16:43'),
  ('loginfinll6o03m',70,3,'2016-6-18 18:28:54'),
  ('loginlotlp6a9i0',72,0,'2016-4-7 8:37:38'),
  ('login3517y2m43n',67,0,'2016-10-6 4:59:57'),
  ('login7vpw9qijw2',161,10,'2016-11-23 7:37:7'),
  ('loginqkrgp5lzi6',251,9,'2016-6-21 5:58:43'),
  ('loginr1eun0fgnc',67,9,'2016-5-14 9:4:38'),
  ('login0fjjf0dh0l',99,4,'2016-7-18 3:15:41'),
  ('login1csuk692xe',166,5,'2016-6-16 11:2:44'),
  ('login7v4hy2u8sz',220,1,'2016-9-14 12:53:19'),
  ('loginmyl9xlyz12',32,9,'2016-7-27 20:9:33'),
  ('loginzclsczgd40',148,6,'2016-1-23 8:40:25'),
  ('logint7lxwvd02x',80,3,'2016-3-11 18:17:35'),
  ('logint195jowq1a',53,8,'2016-7-27 13:15:17'),
  ('login481vc9edd6',179,3,'2016-8-16 12:47:28'),
  ('loginoid7domy3v',142,10,'2016-4-29 0:56:54'),
  ('loginmny29i5gn9',133,10,'2016-2-25 9:30:23'),
  ('login0yntf4t4ct',26,5,'2016-4-2 9:7:38'),
  ('loging8hh9rbbdo',44,3,'2016-6-23 15:11:3'),
  ('loginqcktk0b0ig',139,1,'2016-4-7 7:33:15'),
  ('loginjarhij1uau',245,4,'2016-11-18 19:47:1'),
  ('login0udrnu2uxr',142,3,'2016-12-18 7:26:41'),
  ('loginvjqdj7jw6r',15,3,'2016-3-18 14:38:20'),
  ('logink6yn2qtlvo',16,3,'2016-9-25 16:26:5'),
  ('loginhmgfveg1jr',137,7,'2016-2-13 22:50:32'),
  ('login09jm844k1w',162,5,'2016-12-28 9:58:26'),
  ('loginvn1ulkeymg',243,4,'2016-5-30 16:13:18'),
  ('loginki9dg83rbc',97,1,'2016-8-4 0:7:31'),
  ('login24icbmyg8r',95,10,'2016-12-4 11:26:12'),
  ('loginx5rvhszib7',73,8,'2016-2-30 20:37:58'),
  ('logint6ptns3co0',9,5,'2016-3-10 7:40:6'),
  ('loginxiqabxsfs2',92,3,'2016-3-20 3:17:10'),
  ('login892lrm1exu',19,1,'2016-7-5 17:19:46'),
  ('loginlyl2junwcw',35,9,'2016-11-4 12:42:45'),
  ('loginr7oow13gfk',171,1,'2016-8-7 0:13:18'),
  ('loginn4xbdf75hm',219,9,'2016-7-27 20:47:9'),
  ('loginmry2yume7q',122,1,'2016-4-1 2:58:1'),
  ('loginl7ekvt7e0x',151,10,'2016-8-18 12:6:1'),
  ('login1e2rn0n8mm',98,10,'2016-6-22 6:38:6'),
  ('loginn3n3xudwa2',36,9,'2016-9-6 0:57:40'),
  ('loginq9zf07z25y',136,5,'2016-11-18 11:22:34'),
  ('loginqwh71rryho',56,2,'2016-3-14 17:52:4'),
  ('login7vpw9qijw2',128,8,'2016-12-11 6:34:4'),
  ('loginmxaupt1reg',110,2,'2016-3-5 11:15:8'),
  ('loginweano9qtl5',177,10,'2016-4-18 23:19:28'),
  ('login751ervgjfd',238,4,'2016-9-13 22:16:50'),
  ('loginvt1fhskpnn',132,7,'2016-2-26 20:45:18'),
  ('login3ft1ou6gqm',133,10,'2016-11-14 8:42:4'),
  ('loginx4d16wrtae',27,9,'2016-8-11 11:49:51'),
  ('loginmy9h9en5wi',75,4,'2016-11-2 8:30:42'),
  ('login2dgjbno5nz',227,10,'2016-7-21 3:28:52'),
  ('logindow3q2pt3m',144,1,'2016-11-15 20:49:53'),
  ('logind8ljgo954y',177,9,'2016-9-28 11:45:4'),
  ('loginuugvsr5fay',6,8,'2016-3-7 11:31:4'),
  ('loginrjl0dl137e',124,4,'2016-1-28 9:33:33'),
  ('loginme8bh5ls0u',216,6,'2016-8-29 11:8:38'),
  ('loginyj8z368thf',152,0,'2016-12-7 10:34:34'),
  ('loginbaic48p0lk',257,2,'2016-3-2 2:54:25'),
  ('login5r0imyyg5q',181,3,'2016-7-21 23:11:50'),
  ('loginjk25rzmu4t',110,10,'2016-7-24 16:52:11'),
  ('loginj91jh3amru',56,2,'2016-2-18 6:12:34'),
  ('login7qbfnslon1',68,9,'2016-9-15 2:51:56'),
  ('login0x51jh25li',50,6,'2016-9-10 12:31:25'),
  ('loginzclsczgd40',153,2,'2016-3-14 16:52:17'),
  ('loginnlyk5wshqo',114,4,'2016-1-24 16:4:7'),
  ('loginecht8lp3ts',219,5,'2016-3-10 15:27:5'),
  ('loginweano9qtl5',162,3,'2016-3-2 10:43:45'),
  ('loginbaic48p0lk',48,10,'2016-11-28 23:12:3'),
  ('login7kvlsmqig6',43,0,'2016-7-1 23:17:45'),
  ('loginbwgz9ag30a',87,2,'2016-4-14 13:52:9'),
  ('loginhn99fkrnkv',18,4,'2016-9-23 13:22:3'),
  ('loginqnhajxzigg',65,5,'2016-1-14 16:36:42'),
  ('login1ops7yx5ne',59,4,'2016-6-27 21:7:25'),
  ('loginmny29i5gn9',80,1,'2016-7-3 7:1:7'),
  ('loginh120zadygj',13,3,'2016-7-24 19:36:17'),
  ('login078j3slezg',208,2,'2016-3-20 8:25:5'),
  ('login3hidkqghse',165,8,'2016-8-13 6:14:10'),
  ('loginqddsd5khx1',71,0,'2016-6-3 1:43:40'),
  ('loginmry2yume7q',240,7,'2016-5-13 6:18:59'),
  ('login8ikmmuzzvx',194,0,'2016-11-14 2:54:20'),
  ('login5u9vaqj83a',106,2,'2016-7-11 16:55:21'),
  ('loginmvxvdi7awl',190,8,'2016-3-11 17:19:35'),
  ('logingannhtnkdv',246,6,'2016-11-8 18:46:0'),
  ('loginoid7domy3v',65,2,'2016-12-3 3:39:28'),
  ('logina7bnqv5l6m',28,3,'2016-9-9 5:49:57'),
  ('loginzm4kerfau6',117,6,'2016-4-25 17:54:33'),
  ('logindpw1bbse6u',69,8,'2016-1-15 5:58:16'),
  ('loginvnpv7cpcb9',95,10,'2016-5-10 15:49:12'),
  ('loginyzmqrnt4mc',105,0,'2016-5-18 9:4:42'),
  ('loginn08yb20sn7',28,9,'2016-12-21 22:24:57'),
  ('login22gt77m679',66,6,'2016-11-30 1:42:35'),
  ('loginda0no9cah6',88,6,'2016-12-19 10:23:53'),
  ('loginyubw7ik9dm',133,3,'2016-6-16 18:1:1'),
  ('loginpl2axw4a5s',246,10,'2016-11-12 19:3:7'),
  ('loginhfc4d7uek0',60,1,'2016-2-12 10:17:39'),
  ('loginhnm21hnml2',63,7,'2016-8-2 15:49:14'),
  ('loginhqbv78v0xk',23,5,'2016-6-23 2:14:6'),
  ('loginmbnb51wkx4',15,6,'2016-5-4 5:17:40'),
  ('loginzqtucz2yrk',12,9,'2016-4-6 22:46:29'),
  ('loginvcokuvpioh',64,2,'2016-9-13 3:19:27'),
  ('loginjkz8dn9a86',81,9,'2016-8-19 5:53:31'),
  ('login77h1udwyeu',71,2,'2016-1-17 0:9:11'),
  ('loginuj43ssxqr0',127,3,'2016-10-14 7:0:11'),
  ('loginv8wrespfgf',232,8,'2016-11-10 1:54:41'),
  ('login7g5tzsx1cc',35,7,'2016-11-25 0:58:50'),
  ('loginmny29i5gn9',216,1,'2016-9-22 7:7:53'),
  ('loginw2j918d24r',44,6,'2016-4-4 1:24:40'),
  ('login0t4gq1rgt4',9,10,'2016-10-27 14:45:32'),
  ('loginhqbv78v0xk',254,0,'2016-1-13 23:15:51'),
  ('loginmbnb51wkx4',162,10,'2016-12-17 15:44:37'),
  ('loginj8cxxds7mj',228,5,'2016-10-12 10:40:33'),
  ('login17cldd09lv',102,6,'2016-10-9 22:56:46'),
  ('loginlqy66utl6f',146,6,'2016-5-7 14:14:1'),
  ('loginxiqabxsfs2',102,4,'2016-6-2 3:19:47'),
  ('login2zrkk6raoi',47,4,'2016-1-12 11:51:13'),
  ('login8ic088u9w6',218,0,'2016-6-11 13:48:25'),
  ('loginecht8lp3ts',183,10,'2016-7-10 8:11:44'),
  ('logini81e6oc6hv',89,9,'2016-3-26 9:20:44'),
  ('loginlfgy00v82m',89,2,'2016-11-5 19:25:49'),
  ('logina3qoyxi1qv',233,8,'2016-8-9 22:44:13'),
  ('loginxgugcc0yn6',189,2,'2016-7-22 2:0:21'),
  ('loginybh3tbdyhq',90,4,'2016-3-25 3:23:31'),
  ('loginysi57ozqv6',162,3,'2016-10-13 4:59:31'),
  ('logingnvyntgurw',97,7,'2016-11-25 6:4:17'),
  ('logins8b6ijpq1m',61,4,'2016-4-19 8:19:7'),
  ('login1e2rn0n8mm',46,9,'2016-2-17 13:29:12'),
  ('login9quzdptsfx',218,2,'2016-8-27 3:24:2'),
  ('login2z3kaiokor',41,7,'2016-12-17 16:0:9'),
  ('logint7lxwvd02x',47,5,'2016-12-24 13:43:10'),
  ('login8o5vj4mdkd',8,0,'2016-8-3 13:37:28'),
  ('loginksfadrycnm',77,4,'2016-2-25 20:28:59'),
  ('loginaf1nbfl4fo',124,1,'2016-1-24 9:29:14'),
  ('loginp4qat1oww5',155,2,'2016-6-19 6:16:15'),
  ('loginuj43ssxqr0',97,10,'2016-5-1 20:35:55'),
  ('loginvy2zb4cpym',164,8,'2016-5-7 18:48:53'),
  ('loginw2j918d24r',96,1,'2016-11-12 5:50:27'),
  ('login24icbmyg8r',9,3,'2016-6-8 6:7:30'),
  ('loginncepr08gs2',40,2,'2016-1-5 9:24:24'),
  ('loginm95pfexz2x',120,10,'2016-7-24 18:54:37'),
  ('loginfit0cghwbd',238,10,'2016-2-5 7:23:56'),
  ('login3dxpt6oedk',228,10,'2016-12-10 3:39:57'),
  ('loginqbvdo878sf',251,10,'2016-9-9 6:59:7'),
  ('login95324a5k6v',221,8,'2016-2-28 15:57:33'),
  ('loginfpvq6awxka',182,2,'2016-10-22 20:40:38'),
  ('loginqtam7mvwpn',28,4,'2016-8-27 6:12:55'),
  ('loginrdbq8g2mi9',50,6,'2016-11-21 16:16:5'),
  ('logind8ljgo954y',227,8,'2016-12-13 14:30:40'),
  ('logint5hekphj8z',166,6,'2016-7-17 0:50:45'),
  ('loginfzv3unesdw',81,7,'2016-7-13 6:39:21'),
  ('loginapn3phykcu',48,0,'2016-4-2 19:23:53'),
  ('loginj34kp7130l',214,10,'2016-7-29 3:10:11'),
  ('login399gg3ahz5',122,0,'2016-9-24 6:36:23'),
  ('loginizj7nnx6nn',92,10,'2016-3-21 13:38:21'),
  ('loginev7zwofk3o',180,4,'2016-8-27 2:9:19'),
  ('loginqr97b08j3i',174,3,'2016-10-16 18:14:1'),
  ('loginqtam7mvwpn',55,4,'2016-9-21 11:26:26'),
  ('loginjarhij1uau',108,5,'2016-5-19 0:27:54'),
  ('loginztdvzjhhzb',20,0,'2016-7-18 10:9:4'),
  ('loginlph7q4sqld',79,10,'2016-12-17 14:14:27'),
  ('loginfzv3unesdw',82,4,'2016-9-1 3:17:18'),
  ('logind91hjulq0a',73,1,'2016-9-23 18:22:17'),
  ('loginztdvzjhhzb',0,10,'2016-6-23 14:19:39'),
  ('loging1iyvfpw9h',160,9,'2016-11-9 4:8:52'),
  ('loginsz2xgpyewd',193,5,'2016-10-28 17:24:10'),
  ('logins0ifj855vn',11,10,'2016-11-14 0:41:49'),
  ('loginqaz6upc7cs',242,8,'2016-11-4 3:0:21'),
  ('loginlelrqb4o8z',189,1,'2016-10-6 15:34:32'),
  ('login25hf3gsyvr',199,2,'2016-9-14 2:23:10'),
  ('loginoywna4jb73',188,2,'2016-3-14 14:10:51'),
  ('loginysh0uvbi81',148,9,'2016-7-3 5:15:25'),
  ('loginoid7domy3v',191,10,'2016-1-24 12:59:20'),
  ('login2cve1f4lu0',11,1,'2016-4-22 2:39:31'),
  ('logintd5na5l9zp',229,1,'2016-2-3 8:12:42'),
  ('loginztdvzjhhzb',62,1,'2016-7-1 8:28:7'),
  ('loginipgkuremit',137,5,'2016-7-13 23:15:35'),
  ('loginlelrqb4o8z',182,2,'2016-4-8 4:30:20'),
  ('login5ltcrvtz7f',73,8,'2016-6-15 1:56:54'),
  ('loginqnhajxzigg',4,8,'2016-5-17 15:27:36'),
  ('login4buq7pj1ab',150,9,'2016-2-29 11:7:14'),
  ('loginbg00i8myy6',26,3,'2016-6-5 13:18:2'),
  ('loging8o5wv6a54',214,10,'2016-12-14 5:12:0'),
  ('login9quzdptsfx',102,0,'2016-7-13 7:1:31'),
  ('loginadyjwhkp0w',95,8,'2016-5-19 21:5:20'),
  ('logind91hjulq0a',139,5,'2016-12-25 1:31:32'),
  ('login77h1udwyeu',29,3,'2016-1-9 18:42:39'),
  ('logink6yn2qtlvo',201,0,'2016-7-13 3:5:1'),
  ('loginjarhij1uau',210,7,'2016-4-25 9:8:53'),
  ('logind8ljgo954y',172,3,'2016-12-22 11:55:34'),
  ('loginbwgz9ag30a',200,10,'2016-3-19 18:30:16'),
  ('login0p3kxnq2jg',192,7,'2016-3-1 0:11:37'),
  ('logincx5honqpwx',15,0,'2016-7-25 19:29:6'),
  ('login8b2hdoxu0u',126,8,'2016-12-10 8:32:9'),
  ('loginmbnb51wkx4',167,2,'2016-11-20 18:10:46'),
  ('loginlph7q4sqld',127,8,'2016-1-19 10:3:44'),
  ('loginukst4hlcya',43,7,'2016-6-12 14:22:6'),
  ('logintq47j1uiyb',20,2,'2016-2-5 20:21:44'),
  ('logine62suqjb7g',104,7,'2016-10-20 21:40:18'),
  ('loginax4ofwa9iy',223,0,'2016-11-22 4:42:21'),
  ('loginl6x2gjw6cy',227,7,'2016-5-28 14:22:2'),
  ('loginombjs1ul2r',250,5,'2016-1-24 2:15:40'),
  ('login8qtxpbp9yc',189,0,'2016-2-5 0:39:14'),
  ('loginmzjghkwlza',84,1,'2016-8-6 11:11:20'),
  ('loginm95pfexz2x',176,0,'2016-8-30 17:53:21'),
  ('loginrb8lvq67rd',27,1,'2016-4-18 23:32:16'),
  ('login5lo48unl8m',236,2,'2016-5-1 7:4:9'),
  ('loginknji8smuij',0,10,'2016-3-19 11:59:34'),
  ('loginqx9witxu2f',124,10,'2016-3-12 17:4:59'),
  ('login77h1udwyeu',228,1,'2016-9-9 6:10:4'),
  ('loginqkrgp5lzi6',97,5,'2016-6-5 21:5:48'),
  ('loginlelrqb4o8z',86,10,'2016-10-2 23:56:34'),
  ('login79uocdjb8r',88,6,'2016-2-20 18:1:49'),
  ('login0p3kxnq2jg',119,10,'2016-3-14 13:13:17'),
  ('loginnlyk5wshqo',217,5,'2016-4-28 15:12:1'),
  ('loginwdl5jy2vsj',11,5,'2016-4-5 12:20:44'),
  ('loginxiqabxsfs2',40,4,'2016-1-21 2:14:59'),
  ('loginrhga32f7t2',191,3,'2016-5-14 5:15:38'),
  ('loginf92g86yhti',225,1,'2016-9-13 1:49:4'),
  ('loginxgugcc0yn6',36,8,'2016-4-4 14:2:25'),
  ('loginemvl95rsro',84,4,'2016-4-13 19:27:47'),
  ('loginmyl9xlyz12',87,1,'2016-9-26 13:46:40'),
  ('loginaofazq2bp0',23,4,'2016-7-6 14:38:44'),
  ('loginqbvdo878sf',224,9,'2016-4-16 8:35:37'),
  ('loginfinll6o03m',25,0,'2016-3-10 17:23:31'),
  ('loginzt8xeaxhxu',228,6,'2016-10-16 23:45:2'),
  ('loginwdl5jy2vsj',148,5,'2016-8-17 11:41:25'),
  ('loginr7oow13gfk',163,4,'2016-7-15 7:30:58'),
  ('login6t9nj1rgq8',66,8,'2016-10-26 18:9:47'),
  ('loginzcalktrht0',70,10,'2016-12-22 0:37:20'),
  ('logingrblwjkkmm',198,0,'2016-11-28 4:1:48'),
  ('logintfokv1vzjk',177,8,'2016-1-11 15:35:35'),
  ('loginda0no9cah6',9,7,'2016-6-9 7:12:14'),
  ('loginp6cn3ue4xg',78,3,'2016-3-18 11:0:15'),
  ('loginqwh71rryho',241,3,'2016-3-12 20:30:56'),
  ('loginynogu22g3f',80,5,'2016-10-13 3:6:29'),
  ('loginaqjvj5p4i3',218,0,'2016-1-20 15:5:8'),
  ('login0p3kxnq2jg',70,8,'2016-3-23 6:44:55'),
  ('logindcrbqwan23',151,10,'2016-10-18 0:53:41'),
  ('loginlunek8igzf',116,0,'2016-10-21 0:16:22'),
  ('login20suif0jw6',34,2,'2016-4-18 4:22:30'),
  ('loginoid7domy3v',224,10,'2016-3-18 10:36:34'),
  ('login24icbmyg8r',175,3,'2016-3-23 19:41:20'),
  ('loginfv2m5k4664',246,6,'2016-9-27 18:23:13'),
  ('logineld4r1yewi',199,3,'2016-7-8 11:2:39'),
  ('login78lc85tfjh',19,0,'2016-5-16 22:1:50'),
  ('loginyfan1a0lbi',251,7,'2016-6-19 19:42:8'),
  ('loginvn1ulkeymg',33,2,'2016-3-22 20:22:7'),
  ('login6qre1op5qr',156,6,'2016-7-24 8:41:31'),
  ('loging8o5wv6a54',117,4,'2016-8-3 4:22:31'),
  ('loginbv1vg3pqu2',227,4,'2016-11-2 18:1:26'),
  ('login8xdtunvdwm',82,2,'2016-8-12 3:46:39'),
  ('loginc1fdcbdypu',8,9,'2016-2-8 22:28:23'),
  ('login60xsvllj8k',245,3,'2016-12-16 1:51:36'),
  ('login7g5tzsx1cc',129,3,'2016-2-20 4:56:13'),
  ('logintd5na5l9zp',29,8,'2016-8-7 3:21:34'),
  ('logintywox9yl97',253,5,'2016-2-22 10:30:3'),
  ('logint195jowq1a',218,9,'2016-1-8 8:12:45'),
  ('loginjvc3egh1kh',101,8,'2016-11-28 6:53:10'),
  ('loginfgjepeah3i',224,3,'2016-7-30 15:18:19'),
  ('loginxf960g3v39',28,8,'2016-1-19 8:23:57'),
  ('loginrdbq8g2mi9',233,8,'2016-4-21 14:6:3'),
  ('loginbdqd7uyrhk',167,1,'2016-6-20 4:12:32'),
  ('loginxmud4dva96',57,3,'2016-9-11 20:1:58'),
  ('login7nkvqu4vie',97,10,'2016-9-2 3:12:35'),
  ('loginsh8mxsj8si',147,10,'2016-3-1 15:32:9'),
  ('loginlph7q4sqld',69,0,'2016-11-12 18:43:19'),
  ('login3petsgiq5q',4,9,'2016-10-6 22:51:44'),
  ('login99qf8rma3y',79,5,'2016-4-6 0:27:5'),
  ('loginmny29i5gn9',127,0,'2016-3-4 22:58:31'),
  ('loginrhga32f7t2',235,5,'2016-10-15 19:16:36'),
  ('loginzqtucz2yrk',95,6,'2016-2-13 0:59:44'),
  ('login7m46lpca7j',119,6,'2016-8-23 2:39:14'),
  ('logine62suqjb7g',99,5,'2016-4-14 0:33:14'),
  ('loginva2agzg997',231,7,'2016-11-11 12:11:2'),
  ('login5f7j6lrqal',238,9,'2016-1-6 15:33:27'),
  ('loginmyl9xlyz12',6,7,'2016-11-17 14:9:42'),
  ('login0h737xuh9d',27,8,'2016-10-24 1:23:2'),
  ('loging1iyvfpw9h',238,10,'2016-10-26 8:42:41'),
  ('loginy87p1ot64i',242,10,'2016-11-18 14:9:40'),
  ('login1zswvc3aep',252,6,'2016-7-14 0:34:54'),
  ('loginsz6v8cgnk3',51,3,'2016-9-28 12:50:9'),
  ('login4z0zptj01j',192,1,'2016-11-18 20:15:14'),
  ('loginviybl7z2q4',206,2,'2016-5-8 2:20:44'),
  ('loginlyl2junwcw',76,8,'2016-6-13 4:19:29'),
  ('login4b6bu6iy75',3,1,'2016-6-29 15:54:53'),
  ('loginzw5ot4j18a',49,9,'2016-6-8 12:13:45'),
  ('loginqtam7mvwpn',115,7,'2016-5-28 15:21:13'),
  ('loginztdvzjhhzb',195,6,'2016-10-6 21:20:0'),
  ('login057jgbayur',218,7,'2016-3-25 3:1:26'),
  ('login25xzwfsix9',209,8,'2016-7-24 12:28:57'),
  ('login1khnxlwvm0',145,8,'2016-12-2 1:48:50'),
  ('loginzau0hxdiyi',203,10,'2016-6-17 7:43:38'),
  ('login66s0v465g4',89,6,'2016-9-20 7:45:59'),
  ('loginu1sw25fftz',141,5,'2016-6-16 15:33:18'),
  ('loginf92g86yhti',152,10,'2016-11-14 3:34:8'),
  ('loginmxaupt1reg',160,1,'2016-1-7 16:26:35'),
  ('loginybh3tbdyhq',258,1,'2016-9-19 5:13:48'),
  ('loginrdbq8g2mi9',92,3,'2016-8-5 18:35:4'),
  ('loginhdfnjun11j',234,2,'2016-8-16 10:37:37'),
  ('loginbv1vg3pqu2',99,10,'2016-5-18 18:48:48'),
  ('loginaoduopc55g',48,8,'2016-1-8 1:46:22'),
  ('loginp2cjjqzfjv',234,2,'2016-11-23 0:2:36'),
  ('logingidfnofwb6',55,4,'2016-12-17 17:51:21'),
  ('loginrp47lyisj9',165,10,'2016-9-30 18:1:36'),
  ('loginndmq5bxf7x',165,6,'2016-6-9 16:11:0'),
  ('loginmva4n2za1r',194,7,'2016-8-3 14:42:30'),
  ('logindg7e1r450p',251,4,'2016-12-4 13:12:55'),
  ('loginkn9q0k8kuj',110,3,'2016-9-22 19:42:44'),
  ('login0s02fw3n83',208,3,'2016-1-18 14:12:11'),
  ('loginbg00i8myy6',98,10,'2016-4-9 0:4:49'),
  ('login8ic088u9w6',192,6,'2016-6-21 10:38:47'),
  ('loginzau0hxdiyi',195,4,'2016-5-8 2:53:23'),
  ('loginynogu22g3f',74,3,'2016-8-24 23:9:54'),
  ('loginoywna4jb73',203,6,'2016-1-27 1:55:17'),
  ('loginxw4ls1oaff',85,1,'2016-8-10 20:3:38'),
  ('loginlf4v4e3apg',90,10,'2016-5-22 3:1:45'),
  ('loginrjl0dl137e',132,10,'2016-1-7 14:39:5'),
  ('login7kvlsmqig6',98,3,'2016-8-27 22:15:26'),
  ('loginieif17lwbx',113,8,'2016-8-27 14:35:23'),
  ('login4b6bu6iy75',99,5,'2016-4-25 1:27:15'),
  ('login1ops7yx5ne',209,3,'2016-10-21 0:28:21'),
  ('loginpl3r4t8103',149,8,'2016-2-19 3:13:25'),
  ('logingannhtnkdv',103,3,'2016-8-30 4:12:42'),
  ('loginieif17lwbx',67,1,'2016-12-7 17:41:56'),
  ('loginl1bkvb07n5',29,3,'2016-5-9 17:3:57'),
  ('login17cldd09lv',182,1,'2016-1-30 11:28:34'),
  ('loging8o5wv6a54',217,9,'2016-6-24 20:32:48'),
  ('loginkjij2ztse4',83,1,'2016-12-16 23:58:9'),
  ('login481vc9edd6',251,5,'2016-1-7 20:25:26'),
  ('logintioqq0iyu8',234,3,'2016-7-1 11:0:40'),
  ('logintug2gwroev',15,7,'2016-4-29 16:54:37'),
  ('logindpw1bbse6u',61,8,'2016-12-30 6:42:49'),
  ('loginx1zpd27pwd',227,4,'2016-5-13 22:20:3'),
  ('logini80a1iq63t',83,6,'2016-10-18 7:29:11'),
  ('loginmva4n2za1r',179,7,'2016-1-27 5:26:15'),
  ('loginfegt9s3s2m',99,9,'2016-8-27 11:42:8'),
  ('login1khnxlwvm0',158,7,'2016-11-27 10:23:20'),
  ('loginhfc4d7uek0',1,3,'2016-12-15 10:44:52'),
  ('loginr7oow13gfk',100,6,'2016-12-27 22:29:44'),
  ('loginxmud4dva96',229,4,'2016-5-2 2:12:27'),
  ('logint39n26rpn8',237,0,'2016-6-28 22:54:22'),
  ('loging053b8tlc4',28,5,'2016-3-22 17:36:14'),
  ('login5u9vaqj83a',190,5,'2016-3-7 16:58:24'),
  ('logint5hekphj8z',250,2,'2016-1-26 22:42:37'),
  ('loginga0ah9wgvo',124,10,'2016-1-29 12:29:44'),
  ('loginwlaqsyjo9l',97,3,'2016-5-21 0:53:41'),
  ('login6269a1e15j',169,2,'2016-1-13 23:29:26'),
  ('loginq882aptf9f',166,6,'2016-9-21 4:16:7'),
  ('loginvjqdj7jw6r',44,10,'2016-10-7 0:33:15'),
  ('login3517y2m43n',88,8,'2016-1-9 2:44:38'),
  ('loginn3n3xudwa2',162,3,'2016-6-8 14:55:30'),
  ('logingannhtnkdv',91,7,'2016-1-23 16:21:32'),
  ('login5cyzf9dst9',114,3,'2016-4-12 7:49:58'),
  ('login8b2hdoxu0u',212,8,'2016-6-28 12:47:8'),
  ('loginmxaupt1reg',2,5,'2016-1-6 18:50:17'),
  ('loginj91jh3amru',92,3,'2016-5-24 5:12:57'),
  ('loginti4ys1gcsg',42,1,'2016-3-16 21:42:49'),
  ('loginpv5ia76144',16,5,'2016-2-1 18:12:0'),
  ('loging6hnh0uovw',256,7,'2016-12-17 7:24:38'),
  ('loginlximyqzggu',250,1,'2016-5-26 8:56:12'),
  ('login0dxlnllfma',253,10,'2016-11-1 14:27:45'),
  ('loginc8eo199m77',66,10,'2016-8-12 23:35:33'),
  ('login9quzdptsfx',219,3,'2016-6-16 8:5:34'),
  ('loginyzmqrnt4mc',150,3,'2016-2-28 21:34:36'),
  ('login3q8jiw0ax8',51,0,'2016-7-4 13:55:38'),
  ('loginousn26fbbu',68,3,'2016-3-29 0:2:39'),
  ('logindxzrcotfyi',126,0,'2016-11-1 18:19:8'),
  ('loging053b8tlc4',248,0,'2016-10-19 15:12:38'),
  ('loginp1lfk5bjki',103,0,'2016-1-20 22:21:14'),
  ('loginax4ofwa9iy',207,8,'2016-1-19 9:3:43'),
  ('loginf3i1t67iyw',205,1,'2016-3-18 17:52:16'),
  ('loginjv84eiwt0n',126,2,'2016-10-21 19:41:25'),
  ('login7y2iwtw76q',160,8,'2016-4-22 15:54:23'),
  ('login1yjsmgw0v5',56,7,'2016-5-25 21:42:13'),
  ('loginifxuzeektn',109,1,'2016-10-12 16:35:59'),
  ('loginbnsy4vz16o',215,8,'2016-3-24 13:13:6'),
  ('login0yntf4t4ct',171,9,'2016-8-20 18:24:9'),
  ('loginpl3r4t8103',230,3,'2016-7-6 17:9:55'),
  ('loginmry2yume7q',200,2,'2016-4-1 4:9:36'),
  ('login3hidkqghse',207,2,'2016-11-26 16:25:23'),
  ('loginmxaupt1reg',61,0,'2016-1-4 20:58:59'),
  ('login0zvpsr4bxy',178,7,'2016-7-1 0:10:47'),
  ('loginj4xxnt9pfj',209,2,'2016-1-27 16:57:16'),
  ('loginyj8z368thf',5,5,'2016-3-5 17:36:31'),
  ('loginl3yrk10308',61,0,'2016-3-28 16:29:21'),
  ('logino1kt6nlwsd',91,9,'2016-9-11 8:8:29'),
  ('login7vpw9qijw2',80,4,'2016-1-13 18:27:18'),
  ('login8dx46yc7h8',197,8,'2016-8-24 11:38:51'),
  ('loginqwh71rryho',144,1,'2016-2-24 11:43:0'),
  ('loginyerseibc7a',154,2,'2016-5-17 10:35:52'),
  ('loginyyjt8jjssq',8,2,'2016-4-2 12:27:10'),
  ('login2z3kaiokor',137,6,'2016-8-29 20:28:26'),
  ('loginlotlp6a9i0',76,7,'2016-11-15 17:50:15'),
  ('loginnif1g5ne6v',131,0,'2016-7-6 13:44:52'),
  ('login5f7j6lrqal',236,3,'2016-6-1 18:13:17'),
  ('loginpl2axw4a5s',170,1,'2016-9-30 5:21:49'),
  ('login1pesumlh4t',161,9,'2016-4-6 5:21:14'),
  ('loginqnhajxzigg',56,1,'2016-7-11 3:2:42'),
  ('loginhracli4vfw',144,8,'2016-7-19 1:2:54'),
  ('logintmcps75l8g',125,9,'2016-5-24 21:45:27'),
  ('loginlaq8job2ej',233,8,'2016-10-13 5:21:38'),
  ('loginmiee6fpgje',85,10,'2016-1-8 17:9:5'),
  ('logintd5na5l9zp',21,9,'2016-4-21 13:45:2'),
  ('loginndmq5bxf7x',140,1,'2016-6-17 14:48:8'),
  ('login3petsgiq5q',143,5,'2016-9-26 2:37:55'),
  ('loginmzjghkwlza',57,6,'2016-1-7 3:14:54'),
  ('loginky2728ztz4',241,7,'2016-11-26 10:43:16'),
  ('loginf3i1t67iyw',112,10,'2016-2-19 21:42:5'),
  ('login3hcyfb6mau',44,2,'2016-5-19 19:25:31'),
  ('loginaoduopc55g',118,10,'2016-3-30 4:55:12'),
  ('login0t4gq1rgt4',256,10,'2016-1-1 19:11:48'),
  ('logintonlpt30u0',182,1,'2016-11-17 13:40:13'),
  ('login7csr2i9e6t',8,4,'2016-3-12 18:57:52'),
  ('loging3i8929ja6',112,1,'2016-3-27 9:6:35'),
  ('login3ixzwivexj',31,3,'2016-2-10 13:32:59'),
  ('logingrr0xnwxgk',160,0,'2016-8-9 20:58:21'),
  ('loginqwh71rryho',42,1,'2016-1-18 11:58:18'),
  ('loginl0jkqvp2vd',9,9,'2016-1-12 5:19:0'),
  ('loginhmgfveg1jr',132,2,'2016-11-13 19:1:28'),
  ('loginzoj28xc0nc',183,7,'2016-8-7 3:18:39'),
  ('login3517y2m43n',216,5,'2016-12-21 20:38:48'),
  ('loginflwxuoqa7f',170,1,'2016-10-19 13:4:50'),
  ('loginbg00i8myy6',58,3,'2016-2-4 3:19:8'),
  ('loginbg00i8myy6',55,2,'2016-9-28 1:46:14'),
  ('loginn08yb20sn7',0,7,'2016-5-15 7:24:38'),
  ('loginh87dutmlig',119,5,'2016-12-11 5:23:2'),
  ('loginhmbzyff23i',58,3,'2016-4-17 14:4:22'),
  ('loginogra2w3kuf',155,7,'2016-2-8 16:53:56'),
  ('loginofo5fvrtbe',180,3,'2016-10-15 8:37:45'),
  ('login6x06mnmnmv',188,2,'2016-4-30 8:35:35'),
  ('logindxj7l8b82i',129,7,'2016-2-27 11:55:6'),
  ('loginxiqabxsfs2',251,5,'2016-7-19 13:35:53'),
  ('loginfv2m5k4664',123,0,'2016-4-1 21:43:36'),
  ('loginvn3pi0si9w',203,7,'2016-10-22 11:13:17'),
  ('loginyj8z368thf',29,5,'2016-2-21 20:1:37'),
  ('loginxw4ls1oaff',140,10,'2016-8-12 11:21:29'),
  ('login6269a1e15j',35,10,'2016-4-2 0:57:28'),
  ('loginuugvsr5fay',77,1,'2016-7-2 18:31:41'),
  ('loginxgugcc0yn6',255,6,'2016-6-16 14:52:39'),
  ('loginwbhqjsagi6',198,7,'2016-8-13 15:1:37'),
  ('logintfokv1vzjk',125,4,'2016-12-6 13:15:20'),
  ('logind2g10622pq',226,0,'2016-9-26 9:23:46'),
  ('logindpzj8jsbvp',63,10,'2016-8-11 20:26:34'),
  ('login6z3jf8e0kf',15,1,'2016-5-2 5:6:41'),
  ('logintfokv1vzjk',176,4,'2016-2-21 9:34:4'),
  ('logint5hekphj8z',74,5,'2016-5-12 11:57:41'),
  ('logini80a1iq63t',243,5,'2016-2-23 19:34:20'),
  ('loginmxaupt1reg',235,10,'2016-2-4 16:45:12'),
  ('loginj91jh3amru',245,9,'2016-8-3 16:5:5'),
  ('loginev7zwofk3o',204,0,'2016-4-13 12:39:57'),
  ('loginyxernq1lz8',28,2,'2016-6-27 7:41:57'),
  ('login0yntf4t4ct',166,5,'2016-11-9 21:56:54'),
  ('loginqtam7mvwpn',255,3,'2016-12-30 22:16:38'),
  ('login72977p9gg6',73,3,'2016-12-7 2:15:26'),
  ('loginfiwn3igiad',117,9,'2016-10-13 11:42:0'),
  ('loginbdqd7uyrhk',198,2,'2016-12-19 8:54:52'),
  ('logini7t94grubo',244,2,'2016-5-11 22:27:48'),
  ('login5ho8d9mcta',66,3,'2016-3-28 23:8:49'),
  ('loginnn73j10gkn',87,0,'2016-8-30 20:9:57'),
  ('loginarldktc1z7',101,6,'2016-5-18 12:51:45'),
  ('logingwty9sw8as',27,4,'2016-2-3 21:15:58'),
  ('logingo6dqmbd16',172,9,'2016-3-9 7:39:41'),
  ('logins44mw2i37v',131,0,'2016-10-11 22:46:49'),
  ('logini80a1iq63t',71,10,'2016-6-27 14:12:49'),
  ('loginjvc3egh1kh',235,0,'2016-5-28 23:35:0'),
  ('loginme8bh5ls0u',112,0,'2016-6-8 8:14:55'),
  ('loginhrntyvq68o',4,0,'2016-7-20 5:34:59'),
  ('logindpw1bbse6u',225,0,'2016-3-8 10:39:57'),
  ('logindpzj8jsbvp',154,9,'2016-9-7 23:51:35'),
  ('loginqocnfgb3pn',98,2,'2016-6-23 20:59:14'),
  ('loginb74ukkt0cr',164,10,'2016-7-27 4:56:55'),
  ('login04cz7tvwie',254,10,'2016-12-21 3:30:44'),
  ('logintioqq0iyu8',132,2,'2016-5-7 2:32:58'),
  ('loginhmbzyff23i',83,8,'2016-1-25 7:50:30'),
  ('logineld4r1yewi',15,2,'2016-5-30 15:32:26'),
  ('logindsinakfkrw',204,7,'2016-1-5 22:21:43'),
  ('login6269a1e15j',109,3,'2016-7-7 11:37:50'),
  ('logini4x16jjddm',86,4,'2016-10-24 15:41:4'),
  ('logins0ifj855vn',163,0,'2016-7-18 12:22:48'),
  ('loginp1mm5cbsgt',143,1,'2016-3-28 15:43:53'),
  ('logina3yvieric7',123,4,'2016-2-25 7:14:42'),
  ('loginhmbzyff23i',227,7,'2016-8-20 14:30:35'),
  ('login7pgw8kwqum',231,3,'2016-8-17 13:35:59'),
  ('login8w7enfqwk5',231,2,'2016-8-10 1:40:14'),
  ('login6n4zkpq04a',204,2,'2016-2-17 2:23:27'),
  ('login0udrnu2uxr',63,2,'2016-9-27 16:52:0'),
  ('logins580e2q6ht',145,3,'2016-8-9 22:18:18'),
  ('loginkrvx5s6bbo',118,0,'2016-9-4 1:8:19'),
  ('loginev7zwofk3o',113,8,'2016-3-3 16:1:27'),
  ('logind8ljgo954y',30,3,'2016-12-24 3:59:34'),
  ('loginx4d16wrtae',30,8,'2016-3-23 13:23:50'),
  ('loginc8eo199m77',232,6,'2016-6-8 19:35:52'),
  ('login9lxonsuw25',171,4,'2016-12-24 4:43:25'),
  ('loginvn3pi0si9w',253,5,'2016-5-23 8:12:38'),
  ('loginsz0qjua14u',194,5,'2016-5-3 4:39:25'),
  ('loginr7oow13gfk',129,1,'2016-12-24 2:58:59'),
  ('loginlfnti6x97m',36,8,'2016-11-28 11:33:30'),
  ('loginko0h8ra6d6',64,7,'2016-3-18 22:18:19'),
  ('loginzqtucz2yrk',147,4,'2016-9-1 23:25:15'),
  ('loginu0irwvlk8w',30,10,'2016-1-1 3:48:34'),
  ('login7csr2i9e6t',69,4,'2016-7-23 16:12:24'),
  ('loginhnm21hnml2',14,4,'2016-8-24 7:37:21'),
  ('loginkjij2ztse4',48,2,'2016-1-23 20:29:18'),
  ('loginro0wz5xcko',208,2,'2016-2-25 2:21:49'),
  ('logino8z6w0uh8k',249,1,'2016-12-22 16:2:27'),
  ('loginki9dg83rbc',180,1,'2016-7-5 0:54:29'),
  ('loginhracli4vfw',162,0,'2016-12-14 12:40:9'),
  ('loginfxclfaj5s6',185,8,'2016-4-6 18:6:59'),
  ('loginwlaqsyjo9l',80,0,'2016-2-9 23:29:6'),
  ('login5ltcrvtz7f',96,0,'2016-4-8 21:43:46'),
  ('login3dxpt6oedk',131,3,'2016-2-27 22:48:37'),
  ('loginybh3tbdyhq',185,9,'2016-9-30 8:26:0'),
  ('logint195jowq1a',101,5,'2016-9-9 8:13:37'),
  ('logins6b7jnmavs',159,1,'2016-3-21 9:18:56'),
  ('logint6ptns3co0',153,3,'2016-12-7 4:15:16'),
  ('loginznidze7lq4',161,5,'2016-6-28 15:45:33'),
  ('logint195jowq1a',211,10,'2016-5-8 16:36:13'),
  ('login1f1z2luypd',175,7,'2016-4-14 17:43:4'),
  ('loginm95pfexz2x',88,1,'2016-4-28 3:1:26'),
  ('login8b2hdoxu0u',198,6,'2016-8-15 20:36:21'),
  ('loginfv2m5k4664',238,7,'2016-3-14 3:44:37'),
  ('logindpzj8jsbvp',246,8,'2016-11-29 8:8:46'),
  ('login95324a5k6v',96,8,'2016-7-14 15:56:45'),
  ('login1f1z2luypd',49,6,'2016-5-20 3:22:57'),
  ('loginebwq8pde12',248,6,'2016-1-3 5:17:41'),
  ('loginjarhij1uau',80,7,'2016-8-18 20:11:44'),
  ('loginysi57ozqv6',93,5,'2016-1-7 3:58:44'),
  ('login5cyzf9dst9',235,8,'2016-7-27 16:7:47'),
  ('loginybh3tbdyhq',145,3,'2016-8-1 17:17:54'),
  ('login6nuvw1i018',52,5,'2016-11-30 22:40:56'),
  ('logingnvyntgurw',208,8,'2016-2-4 12:2:44'),
  ('login24cfgk9ezi',17,7,'2016-5-19 14:55:46'),
  ('loginvvz6kjmzyh',71,5,'2016-12-27 11:18:4'),
  ('login8b2hdoxu0u',254,0,'2016-12-3 21:45:42'),
  ('loginztdvzjhhzb',66,9,'2016-2-12 21:21:23'),
  ('loginflwxuoqa7f',38,9,'2016-6-11 10:50:28'),
  ('loginh87dutmlig',258,3,'2016-5-21 9:43:17'),
  ('logins8b6ijpq1m',236,1,'2016-3-8 3:28:21'),
  ('logins44mw2i37v',186,8,'2016-2-16 4:45:33'),
  ('loginq882aptf9f',39,10,'2016-4-13 23:37:33'),
  ('login3hidkqghse',42,8,'2016-8-20 13:0:56'),
  ('loginax4ofwa9iy',140,10,'2016-4-11 21:4:57'),
  ('login79uocdjb8r',212,6,'2016-12-28 10:28:24'),
  ('logino2t76uko5r',30,6,'2016-5-15 10:48:53'),
  ('loginyj8z368thf',123,10,'2016-11-24 19:58:46'),
  ('login1osocdooia',177,7,'2016-8-14 22:49:59'),
  ('loginyyjt8jjssq',151,6,'2016-9-26 22:29:11'),
  ('loginw2j918d24r',236,0,'2016-7-17 15:37:33'),
  ('loginviybl7z2q4',193,1,'2016-3-17 9:40:37'),
  ('login8xqzjlmi3u',20,0,'2016-1-20 3:28:22'),
  ('loginzt8xeaxhxu',228,4,'2016-1-4 18:5:59'),
  ('loginnawzmguisf',187,7,'2016-1-13 2:30:25'),
  ('loginsz6v8cgnk3',250,10,'2016-9-24 1:42:24'),
  ('loginlph7q4sqld',5,9,'2016-4-7 16:56:31'),
  ('loginhzol30m8df',138,7,'2016-5-2 11:19:50'),
  ('loginrhga32f7t2',56,0,'2016-11-2 14:58:35'),
  ('loginaqjvj5p4i3',186,6,'2016-11-19 7:8:44'),
  ('loginx5rvhszib7',0,7,'2016-1-29 1:13:13'),
  ('loginq9zf07z25y',190,7,'2016-3-29 20:11:16'),
  ('loginc1fdcbdypu',0,1,'2016-4-17 15:17:46'),
  ('login3dxpt6oedk',87,8,'2016-2-10 1:15:4'),
  ('login6269a1e15j',96,2,'2016-1-20 1:3:44'),
  ('loginx1zpd27pwd',195,3,'2016-9-24 19:57:16'),
  ('loginbaic48p0lk',97,10,'2016-6-2 3:20:31'),
  ('login1ops7yx5ne',52,3,'2016-3-1 17:42:25'),
  ('loginqkrgp5lzi6',50,9,'2016-10-29 20:19:21'),
  ('loginbv1vg3pqu2',21,10,'2016-5-2 9:54:26'),
  ('login7nkvqu4vie',209,4,'2016-12-2 4:57:40'),
  ('login6z3jf8e0kf',151,4,'2016-8-8 19:25:14'),
  ('loginmiee6fpgje',246,7,'2016-1-8 8:52:59'),
  ('login4nddzg52ml',113,3,'2016-1-13 21:29:7'),
  ('loginjarhij1uau',2,1,'2016-10-28 15:55:29'),
  ('loginfxclfaj5s6',66,2,'2016-7-30 20:9:39'),
  ('logins1iwebyq30',17,5,'2016-11-1 7:26:7'),
  ('logingxrmzeyeur',208,0,'2016-3-19 9:42:18'),
  ('login0zvpsr4bxy',180,7,'2016-8-21 23:7:57'),
  ('loginml3q0xaqtd',164,3,'2016-6-20 8:17:5'),
  ('loginyp1865nydm',127,3,'2016-6-1 22:46:44'),
  ('login1csuk692xe',132,7,'2016-9-12 18:6:47'),
  ('loginmy9h9en5wi',89,0,'2016-2-13 9:11:48'),
  ('loginwvg9a8122j',18,6,'2016-11-12 11:33:15'),
  ('loginx4d16wrtae',258,6,'2016-4-26 0:19:34'),
  ('loginro0wz5xcko',61,8,'2016-5-25 11:27:3'),
  ('login2cpwwwmas9',228,10,'2016-12-30 9:18:50'),
  ('loginr0boo23fpl',145,1,'2016-4-16 0:45:50'),
  ('loginrhga32f7t2',169,9,'2016-3-20 10:21:22'),
  ('loginxmud4dva96',1,6,'2016-5-1 9:36:18'),
  ('logind2g10622pq',32,1,'2016-10-26 2:16:44'),
  ('loginti4ys1gcsg',206,2,'2016-3-22 12:10:57'),
  ('loginecwfdy1ztu',116,0,'2016-9-4 16:56:35'),
  ('loging375stqqob',62,5,'2016-8-1 8:18:42'),
  ('loginww4yp2nb48',123,7,'2016-12-10 9:50:42'),
  ('loginkjij2ztse4',24,0,'2016-7-14 19:7:0'),
  ('loginvn1ulkeymg',35,4,'2016-12-24 5:1:10'),
  ('loginrdbq8g2mi9',179,1,'2016-1-29 3:3:9'),
  ('loginlotlp6a9i0',153,4,'2016-10-5 2:50:35'),
  ('logini7t94grubo',113,9,'2016-12-23 0:32:20'),
  ('loginlfgy00v82m',108,0,'2016-6-8 22:19:30'),
  ('loginw3lgyuirmj',133,3,'2016-6-17 23:53:7'),
  ('login8b2hdoxu0u',30,8,'2016-12-14 16:18:23'),
  ('logindow3q2pt3m',200,10,'2016-1-4 0:10:28'),
  ('loginu0irwvlk8w',37,6,'2016-5-27 23:34:0'),
  ('login5r0imyyg5q',119,6,'2016-6-25 0:23:47'),
  ('logina6u11ltkhk',6,5,'2016-2-15 8:42:35'),
  ('loginfit0cghwbd',1,0,'2016-12-8 22:12:9'),
  ('login8dx46yc7h8',128,2,'2016-3-15 11:51:30'),
  ('logins8b6ijpq1m',162,1,'2016-9-18 17:6:37'),
  ('logingce6nmdewg',238,6,'2016-12-3 22:17:54'),
  ('loginqocnfgb3pn',56,0,'2016-4-7 7:6:42'),
  ('loginely1r97vhq',118,5,'2016-7-24 7:8:47'),
  ('logincrx8io9l90',86,4,'2016-6-6 7:16:18'),
  ('login544xypysab',103,5,'2016-6-13 13:31:28'),
  ('loginga0ah9wgvo',183,1,'2016-9-9 7:32:24'),
  ('loginvn3pi0si9w',0,7,'2016-8-28 7:51:48'),
  ('loginml3q0xaqtd',16,6,'2016-11-9 22:28:25'),
  ('login0yntf4t4ct',178,1,'2016-1-19 10:52:42'),
  ('login8xqzjlmi3u',137,4,'2016-6-20 10:3:9'),
  ('loginqx9witxu2f',140,5,'2016-4-28 22:28:8'),
  ('loginl6x2gjw6cy',121,10,'2016-7-4 17:2:51'),
  ('loginj34kp7130l',244,10,'2016-7-19 17:32:7'),
  ('login7nkvqu4vie',121,2,'2016-9-29 3:10:4'),
  ('loginvy2zb4cpym',17,3,'2016-6-28 9:50:8'),
  ('loginl1bkvb07n5',226,3,'2016-6-7 21:47:27'),
  ('loginko0h8ra6d6',60,5,'2016-1-27 5:8:40'),
  ('login7kvlsmqig6',148,1,'2016-9-21 15:45:30'),
  ('logintfokv1vzjk',250,6,'2016-10-18 19:16:46'),
  ('logindz9h0aqrs0',59,3,'2016-8-4 14:6:53'),
  ('logingdhs22womi',29,1,'2016-4-7 3:19:44'),
  ('loginmxaupt1reg',30,3,'2016-10-3 17:1:9'),
  ('login3xy09rah5c',195,4,'2016-7-11 18:21:29'),
  ('loginxf960g3v39',90,8,'2016-1-11 23:39:30'),
  ('loginogra2w3kuf',74,9,'2016-6-2 6:42:28'),
  ('login4b6bu6iy75',32,8,'2016-4-7 6:17:53'),
  ('logintfokv1vzjk',53,4,'2016-11-19 0:22:2'),
  ('login1e2rn0n8mm',206,9,'2016-5-1 5:26:37'),
  ('logindg7e1r450p',128,9,'2016-12-6 20:43:3'),
  ('loginl3yrk10308',66,0,'2016-7-13 18:1:25'),
  ('logink6yn2qtlvo',32,6,'2016-1-14 1:53:12'),
  ('loginyzmqrnt4mc',111,0,'2016-4-19 12:8:47'),
  ('loginapn3phykcu',115,6,'2016-3-26 23:0:41'),
  ('login3ft1ou6gqm',94,8,'2016-7-25 8:37:29'),
  ('login0h737xuh9d',15,0,'2016-5-17 18:57:8'),
  ('login5ho8d9mcta',151,5,'2016-6-28 7:12:55'),
  ('loginl6x2gjw6cy',106,8,'2016-9-24 3:56:11'),
  ('loginqkrgp5lzi6',13,4,'2016-4-1 22:34:38'),
  ('loginvjqdj7jw6r',191,2,'2016-11-6 23:58:17'),
  ('login0s02fw3n83',170,10,'2016-11-14 11:42:5'),
  ('loginshqvfnsr7o',199,2,'2016-12-22 5:44:56'),
  ('logindcrbqwan23',205,7,'2016-10-30 21:31:39'),
  ('login3petsgiq5q',22,2,'2016-11-21 20:37:51'),
  ('login66s0v465g4',141,10,'2016-7-3 11:3:54'),
  ('login9mbmif84bs',143,3,'2016-2-21 1:7:16'),
  ('loginjp89m78rmn',43,1,'2016-2-23 12:44:0'),
  ('logini4x16jjddm',258,0,'2016-9-11 20:25:7'),
  ('loginzemt8q9klz',60,1,'2016-6-13 21:38:9'),
  ('loginww4yp2nb48',96,7,'2016-1-29 11:41:0'),
  ('loginoeh7xtm8wo',1,0,'2016-10-20 21:57:10'),
  ('loginaqlagscdyr',89,5,'2016-9-30 12:38:0'),
  ('loging8o5wv6a54',56,4,'2016-5-15 2:31:11'),
  ('logingo6dqmbd16',143,1,'2016-11-10 14:58:48'),
  ('login1f1z2luypd',55,8,'2016-7-21 12:47:21'),
  ('loginksfadrycnm',1,6,'2016-7-14 23:13:38'),
  ('loginebwq8pde12',96,10,'2016-6-30 17:58:3'),
  ('loginzcalktrht0',9,3,'2016-2-22 23:55:18'),
  ('logink8nnn6h6o8',156,6,'2016-9-28 15:33:31'),
  ('logingwty9sw8as',142,1,'2016-7-17 2:48:14'),
  ('logino2t76uko5r',16,8,'2016-6-27 12:24:1'),
  ('logins580e2q6ht',63,3,'2016-8-17 9:18:49'),
  ('loginlyl2junwcw',84,6,'2016-8-25 0:27:59'),
  ('login3517y2m43n',242,3,'2016-2-14 1:9:40'),
  ('logintywox9yl97',76,2,'2016-5-22 0:0:50'),
  ('loginmiee6fpgje',42,1,'2016-11-6 1:2:26'),
  ('login0t4gq1rgt4',8,9,'2016-9-25 19:2:46'),
  ('loginnif1g5ne6v',210,1,'2016-2-6 16:28:6'),
  ('logincq9ysmbddc',38,3,'2016-4-27 9:46:21'),
  ('login618sssd8ua',72,0,'2016-6-12 3:4:3'),
  ('loginl6x2gjw6cy',74,6,'2016-10-30 22:33:42'),
  ('loginp2cjjqzfjv',219,0,'2016-4-2 10:19:7'),
  ('login4o47zru1qt',66,6,'2016-1-26 10:27:23'),
  ('login6qre1op5qr',167,5,'2016-9-29 10:6:3'),
  ('loginbojxy9tb0n',189,1,'2016-8-22 19:44:50'),
  ('loginvy2zb4cpym',184,4,'2016-12-28 12:48:16'),
  ('logintmcps75l8g',133,9,'2016-9-21 0:22:39'),
  ('loginp1lfk5bjki',19,7,'2016-7-11 20:59:19'),
  ('login9mkfafj6d1',198,4,'2016-4-16 6:16:11'),
  ('loginyxernq1lz8',102,5,'2016-10-20 9:46:59'),
  ('login2cve1f4lu0',146,3,'2016-9-1 6:3:5'),
  ('loginhnm21hnml2',228,8,'2016-6-20 2:51:26'),
  ('loginj9dxat750i',182,6,'2016-12-16 21:43:52'),
  ('loginh87dutmlig',208,7,'2016-3-4 6:22:0'),
  ('loginx1zpd27pwd',130,7,'2016-11-15 17:22:54'),
  ('loginieif17lwbx',188,7,'2016-1-2 19:27:45'),
  ('login09jm844k1w',34,8,'2016-10-26 18:43:22'),
  ('login5s6r4idw9j',177,8,'2016-5-21 15:34:49'),
  ('loginx1zpd27pwd',250,4,'2016-9-6 21:52:54'),
  ('loginhqbv78v0xk',87,8,'2016-8-6 9:50:15'),
  ('login1osocdooia',171,8,'2016-8-3 9:40:40'),
  ('loginev7zwofk3o',78,4,'2016-5-24 15:0:21'),
  ('logingo6dqmbd16',126,9,'2016-9-24 5:52:23'),
  ('loginffq7r7b81x',78,1,'2016-7-6 17:32:4'),
  ('loginfvb5myke66',84,0,'2016-4-20 0:0:30'),
  ('logintzu81dsinr',72,9,'2016-8-26 11:16:1'),
  ('loginoxow1a74y8',155,9,'2016-1-1 6:26:11'),
  ('loginki9dg83rbc',123,8,'2016-6-10 22:57:53'),
  ('loginuugvsr5fay',64,10,'2016-12-8 9:17:45'),
  ('loginqcktk0b0ig',63,7,'2016-8-21 7:4:19'),
  ('loginvy2zb4cpym',124,7,'2016-3-19 20:18:6'),
  ('loginjss5x2jhqf',191,0,'2016-5-9 13:46:30'),
  ('loginpovami7fi0',12,8,'2016-10-9 0:58:40'),
  ('login0yntf4t4ct',181,5,'2016-7-21 6:26:47'),
  ('logingyg056xod8',184,6,'2016-5-27 3:21:39'),
  ('login3dxpt6oedk',93,9,'2016-11-5 18:26:37'),
  ('loginxak3v1idnf',46,4,'2016-8-22 2:52:8'),
  ('loginsvr7ithgjv',63,7,'2016-3-8 5:49:31'),
  ('loginmzjghkwlza',234,5,'2016-5-24 6:42:6'),
  ('login6269a1e15j',32,6,'2016-6-1 0:49:48'),
  ('login6t9nj1rgq8',68,3,'2016-8-27 3:13:12'),
  ('loginhdfnjun11j',126,8,'2016-10-12 0:26:6'),
  ('loginqdds0487rv',99,5,'2016-9-15 1:2:48'),
  ('login2amb16mkze',246,7,'2016-6-1 20:24:59'),
  ('loginmzjghkwlza',117,5,'2016-9-17 15:59:0');*/




