INSERT INTO country (code) VALUES
  ('ru'),
  ('by'),
  ('de'),
  ('en'),
  ('ua'),
  ('fr'),
  ('lt'),
  ('lv'),
  ('cn'),
  ('es'),
  ('us'),
  ('nl'),
  ('md'),
  ('jp'),
  ('bg'),
  ('cz'),
  ('si'),
  ('in'),
  ('is'),
  ('it'),
  ('at'),
  ('rs'),
  ('gb'),
  ('eg'),
  ('ch'),
  ('ps'),
  ('hr'),
  ('ca'),
  ('cy'),
  ('tr'),
  ('pl');

INSERT INTO language (language_name) VALUES
  ('belarusian'),
  ('russian'),
  ('czech'),
  ('english'),
  ('french'),
  ('deutsch'),
  ('ukrainian'),
  ('georgian'),
  ('Italian'),
  ('danish');


INSERT INTO country_translate (country_code, lan_name, name) VALUES
  ('ru', 'russian', 'Российская Федерация'),
  ('ru', 'english', 'Russian Federation'),
  ('by', 'russian', 'Республика Беларусь'),
  ('by', 'english', 'Republic of Belarus'),
  ('de', 'russian', 'Федеративная Республика Германия'),
  ('de', 'english', 'Federal Republic of Germany'),
  ('en', 'russian', 'Англия'),
  ('en', 'english', 'England'),
  ('ua', 'russian', 'Украина'),
  ('ua', 'english', 'Ukraine'),
  ('lt', 'russian', 'Литовская Республика'),
  ('lt', 'english', 'Lithuania'),
  ('cn', 'russian', 'Китайская Народная Республика'),
  ('cn', 'english', 'Peoples Republic of China'),
  ('es', 'russian', 'Королевство Испания'),
  ('es', 'english', 'Kingdom of Spain'),
  ('us', 'russian', 'Соединённые Штаты Америки'),
  ('us', 'english', 'United States of America');


INSERT INTO user (login,password,name,surname,patronymic,phone,email) VALUES
  ('login8o5vj4mdkd','54157515','Генрих','Синельников','Алексеевич','+375656381587','8o5vj4mdkd@gmail.com'),
  ('loginxl5k8m24lx','32880767','Алексей','Гапеенко','Федорович','+375410634274','xl5k8m24lx@gmail.com'),
  ('login4o47zru1qt','13718854','Евгений','Артемьев','Афанасьевич','+375070676621','4o47zru1qt@gmail.com'),
  ('loginsoxy3dh1oh','73541301','Максим','Артемьев','Александрович','+375228106402','soxy3dh1oh@gmail.com'),
  ('loginhmbzyff23i','15351217','Генрих','Борискин','Михайлович','+375261224174','hmbzyff23i@gmail.com'),
  ('logina2he41ruqt','28478815','Павел','Сергеев','Михайлович','+375418854541','a2he41ruqt@gmail.com'),
  ('loging8hh9rbbdo','52151820','Михаил','Ковалев','Иванович','+375753477556','g8hh9rbbdo@gmail.com'),
  ('login162t4vq0q4','04303114','Максим','Рубин','Максимович','+375476525454','162t4vq0q4@gmail.com'),
  ('login544xypysab','36863707','Федор','Артемьев','Федорович','+375704761106','544xypysab@gmail.com'),
  ('loginipgkuremit','25476740','Михаил','Рубин','Афанасьевич','+375786504851','ipgkuremit@gmail.com'),
  ('login5lo48unl8m','60825381','Игорь','Борискин','Павлович','+375414213113','5lo48unl8m@gmail.com'),
  ('login1ops7yx5ne','76042627','Михаил','Ковалев','Юрьевич','+375641802822','1ops7yx5ne@gmail.com'),
  ('loginmzjghkwlza','63642678','Максим','Ковалев','Максимович','+375176800617','mzjghkwlza@gmail.com'),
  ('loginogra2w3kuf','44381850','Игорь','Сергеев','Федорович','+375728250703','ogra2w3kuf@gmail.com'),
  ('loginev7zwofk3o','54685776','Евгений','Сергеев','Дмитриевич','+375230606145','ev7zwofk3o@gmail.com'),
  ('logins44mw2i37v','42866707','Максим','Сергеев','Афанасьевич','+375136376001','s44mw2i37v@gmail.com'),
  ('loginysh0uvbi81','28777452','Афанасий','Рябцев','Иванович','+375068055727','ysh0uvbi81@gmail.com'),
  ('logintgb5a54fg0','10148347','Дмитрий','Артемьев','Андреевич','+375605612527','tgb5a54fg0@gmail.com'),
  ('login78lc85tfjh','56137318','Федор','Иванов','Павлович','+375875145651','78lc85tfjh@gmail.com'),
  ('loginsz2xgpyewd','05067023','Андрей','Савченко','Дмитриевич','+375116734748','sz2xgpyewd@gmail.com'),
  ('login60xsvllj8k','18612743','Иван','Слука','Федорович','+375770805528','60xsvllj8k@gmail.com'),
  ('loginbwgz9ag30a','45455504','Алексей','Сергеев','Дмитриевич','+375825384835','bwgz9ag30a@gmail.com'),
  ('loginvy2zb4cpym','71802784','Павел','Давыденко','Федорович','+375561235366','vy2zb4cpym@gmail.com'),
  ('login9lxonsuw25','40734654','Максим','Богумильчик','Дмитриевич','+375243464176','9lxonsuw25@gmail.com'),
  ('login3q8jiw0ax8','07763112','Евгений','Иванов','Андреевич','+375135403485','3q8jiw0ax8@gmail.com'),
  ('loginqczv7p7ghw','64208781','Максим','Зверуго','Иванович','+375443781566','qczv7p7ghw@gmail.com'),
  ('loginombjs1ul2r','80707371','Иван','Гапеенко','Александрович','+375764000528','ombjs1ul2r@gmail.com'),
  ('login2cpwwwmas9','35850314','Андрей','Иванов','Андреевич','+375727887338','2cpwwwmas9@gmail.com'),
  ('login8qtxpbp9yc','74821250','Афанасий','Савченко','Алексеевич','+375431875152','8qtxpbp9yc@gmail.com'),
  ('loginc1fdcbdypu','01214033','Генрих','Зверуго','Дмитриевич','+375206765323','c1fdcbdypu@gmail.com'),
  ('login24icbmyg8r','54571825','Иван','Борискин','Георгиевич','+375100408717','24icbmyg8r@gmail.com'),
  ('loginvg1b3g1gbz','42104267','Афанасий','Рябцев','Андреевич','+375124832268','vg1b3g1gbz@gmail.com'),
  ('loginlfnti6x97m','31744623','Артем','Рябцев','Федорович','+375731558727','lfnti6x97m@gmail.com'),
  ('logindxzrcotfyi','52656786','Михаил','Рубин','Максимович','+375242852270','dxzrcotfyi@gmail.com'),
  ('login1yeky7f5ll','06062214','Афанасий','Сергеев','Максимович','+375310738104','1yeky7f5ll@gmail.com'),
  ('login5cyzf9dst9','10865407','Евгений','Иванов','Алексеевич','+375082502283','5cyzf9dst9@gmail.com'),
  ('loginuugvsr5fay','68434180','Федор','Слука','Иванович','+375163523478','uugvsr5fay@gmail.com'),
  ('loginybh3tbdyhq','03852223','Иван','Зверуго','Алексеевич','+375731525020','ybh3tbdyhq@gmail.com'),
  ('logingidfnofwb6','44818855','Андрей','Зверуго','Евгеньевич','+375767632633','gidfnofwb6@gmail.com'),
  ('login8w7enfqwk5','17060315','Игорь','Давыденко','Федорович','+375108568170','8w7enfqwk5@gmail.com'),
  ('loginm95pfexz2x','44410028','Михаил','Артемьев','Александрович','+375644835226','m95pfexz2x@gmail.com'),
  ('loginn08yb20sn7','83388174','Евгений','Зверуго','Афанасьевич','+375283678536','n08yb20sn7@gmail.com'),
  ('loginfegt9s3s2m','82776601','Игорь','Рубин','Иванович','+375406608250','fegt9s3s2m@gmail.com'),
  ('loginyp1865nydm','64026855','Юрий','Богумильчик','Алексеевич','+375261434817','yp1865nydm@gmail.com'),
  ('loginiiikjgyj59','45450416','Артем','Иванов','Дмитриевич','+375768163712','iiikjgyj59@gmail.com'),
  ('loginro0wz5xcko','24822741','Юрий','Борискин','Афанасьевич','+375013085443','ro0wz5xcko@gmail.com'),
  ('loginkn9q0k8kuj','32757127','Максим','Слука','Александрович','+375254672458','kn9q0k8kuj@gmail.com'),
  ('login1pesumlh4t','64311132','Федор','Гапеенко','Федорович','+375073086516','1pesumlh4t@gmail.com'),
  ('loginqnhajxzigg','68657435','Георгий','Зверуго','Дмитриевич','+375370173636','qnhajxzigg@gmail.com'),
  ('logina7bnqv5l6m','44327324','Афанасий','Ковалев','Афанасьевич','+375671482378','a7bnqv5l6m@gmail.com'),
  ('loginu0irwvlk8w','13888528','Максим','Иванов','Александрович','+375744504236','u0irwvlk8w@gmail.com'),
  ('loginbv1vg3pqu2','41604465','Георгий','Иванов','Иванович','+375212806162','bv1vg3pqu2@gmail.com'),
  ('logini7t94grubo','16714107','Артем','Сергеев','Андреевич','+375810876746','i7t94grubo@gmail.com'),
  ('login6x06mnmnmv','48425527','Евгений','Гапеенко','Георгиевич','+375006361877','6x06mnmnmv@gmail.com'),
  ('logindogovd5u53','06827617','Федор','Борискин','Алексеевич','+375112820444','dogovd5u53@gmail.com'),
  ('logins1iwebyq30','42356535','Георгий','Слука','Александрович','+375287176400','s1iwebyq30@gmail.com'),
  ('loginnif1g5ne6v','38778422','Дмитрий','Зверуго','Павлович','+375773007406','nif1g5ne6v@gmail.com'),
  ('loginqdds0487rv','46767603','Андрей','Артемьев','Федорович','+375681818228','qdds0487rv@gmail.com'),
  ('loginwlaqsyjo9l','45354012','Андрей','Богумильчик','Георгиевич','+375748446615','wlaqsyjo9l@gmail.com'),
  ('loginul3hg7tm0c','32600255','Федор','Артемьев','Федорович','+375625241818','ul3hg7tm0c@gmail.com'),
  ('login95324a5k6v','70333341','Иван','Козик','Александрович','+375280310367','95324a5k6v@gmail.com'),
  ('loginp1lfk5bjki','40818104','Максим','Иванов','Афанасьевич','+375134584580','p1lfk5bjki@gmail.com'),
  ('loging1iyvfpw9h','77768520','Иван','Иванов','Андреевич','+375085686653','g1iyvfpw9h@gmail.com'),
  ('loginmhyxedd0rq','31340201','Алексей','Синельников','Юрьевич','+375052307771','mhyxedd0rq@gmail.com'),
  ('loginapn3phykcu','28326414','Артем','Козик','Евгеньевич','+375314887723','apn3phykcu@gmail.com'),
  ('loginofo5fvrtbe','51406805','Дмитрий','Гапеенко','Павлович','+375575123165','ofo5fvrtbe@gmail.com'),
  ('loginzcalktrht0','48452116','Андрей','Слука','Георгиевич','+375857835164','zcalktrht0@gmail.com'),
  ('login7g5tzsx1cc','58432563','Дмитрий','Давыденко','Михайлович','+375762448158','7g5tzsx1cc@gmail.com'),
  ('loginmyl9xlyz12','33651432','Афанасий','Козик','Дмитриевич','+375883481350','myl9xlyz12@gmail.com'),
  ('loginknji8smuij','15870060','Георгий','Слука','Иванович','+375862048801','knji8smuij@gmail.com'),
  ('login25hf3gsyvr','40230766','Генрих','Давыденко','Андреевич','+375672620048','25hf3gsyvr@gmail.com'),
  ('loginhzol30m8df','84700245','Дмитрий','Артемьев','Иванович','+375816826072','hzol30m8df@gmail.com'),
  ('loginmiee6fpgje','84727865','Евгений','Богумильчик','Алексеевич','+375701332842','miee6fpgje@gmail.com'),
  ('loginnos767az7u','88284354','Федор','Борискин','Михайлович','+375868306276','nos767az7u@gmail.com'),
  ('loginlf4v4e3apg','51651650','Юрий','Синельников','Георгиевич','+375184341007','lf4v4e3apg@gmail.com'),
  ('loginizj7nnx6nn','15626105','Юрий','Иванов','Александрович','+375376700373','izj7nnx6nn@gmail.com'),
  ('login3dxpt6oedk','70653570','Иван','Ковалев','Павлович','+375385436207','3dxpt6oedk@gmail.com'),
  ('loginmvxvdi7awl','77787637','Артем','Давыденко','Алексеевич','+375216111378','mvxvdi7awl@gmail.com'),
  ('loginyj8z368thf','02664420','Иван','Зверуго','Георгиевич','+375833564831','yj8z368thf@gmail.com'),
  ('loginqwh71rryho','00673867','Павел','Богумильчик','Алексеевич','+375883221420','qwh71rryho@gmail.com'),
  ('loginecqm5kwz50','77880806','Иван','Иванов','Павлович','+375234671685','ecqm5kwz50@gmail.com'),
  ('loginxw4ls1oaff','37568422','Генрих','Савченко','Юрьевич','+375667763542','xw4ls1oaff@gmail.com'),
  ('loginotzrykf1vx','61643878','Юрий','Слука','Георгиевич','+375471257153','otzrykf1vx@gmail.com'),
  ('loginrhga32f7t2','01183746','Дмитрий','Сергеев','Александрович','+375757552138','rhga32f7t2@gmail.com'),
  ('loginbg00i8myy6','38776770','Евгений','Давыденко','Федорович','+375774260843','bg00i8myy6@gmail.com'),
  ('loginx33pki1ude','22278724','Генрих','Савченко','Евгеньевич','+375112373016','x33pki1ude@gmail.com'),
  ('loginenpu26jq6a','57112667','Евгений','Савченко','Павлович','+375261688374','enpu26jq6a@gmail.com'),
  ('logindjufl9w4hg','72117384','Артем','Иванов','Афанасьевич','+375575484303','djufl9w4hg@gmail.com'),
  ('login66s0v465g4','35421528','Артем','Иванов','Иванович','+375865147278','66s0v465g4@gmail.com'),
  ('loginl3yrk10308','00845355','Иван','Богумильчик','Максимович','+375718512627','l3yrk10308@gmail.com'),
  ('loginjssedsc8t4','24127318','Андрей','Сергеев','Павлович','+375748740532','jssedsc8t4@gmail.com'),
  ('loginw2j918d24r','38448750','Георгий','Козик','Афанасьевич','+375774230588','w2j918d24r@gmail.com'),
  ('loginp6cn3ue4xg','34126486','Максим','Козик','Федорович','+375885401452','p6cn3ue4xg@gmail.com'),
  ('login2zrkk6raoi','50173427','Павел','Борискин','Федорович','+375871032508','2zrkk6raoi@gmail.com'),
  ('login5u9vaqj83a','57848348','Евгений','Артемьев','Максимович','+375024343521','5u9vaqj83a@gmail.com'),
  ('login5yd1sor9e5','75645750','Федор','Синельников','Александрович','+375622184303','5yd1sor9e5@gmail.com'),
  ('loginvsj84qowmq','80360834','Алексей','Синельников','Андреевич','+375344067681','vsj84qowmq@gmail.com'),
  ('loginb7n44lftiy','28372718','Игорь','Ковалев','Андреевич','+375832108847','b7n44lftiy@gmail.com'),
  ('loginuj43ssxqr0','54806100','Артем','Савченко','Юрьевич','+375364385550','uj43ssxqr0@gmail.com'),
  ('logino2t76uko5r','36135250','Дмитрий','Зверуго','Дмитриевич','+375233448724','o2t76uko5r@gmail.com'),
  ('login4bbydl53rh','52785758','Георгий','Богумильчик','Иванович','+375827408303','4bbydl53rh@gmail.com'),
  ('logindxj7l8b82i','26401450','Игорь','Борискин','Федорович','+375803526380','dxj7l8b82i@gmail.com'),
  ('login3ixzwivexj','34512574','Павел','Давыденко','Иванович','+375867760662','3ixzwivexj@gmail.com'),
  ('login1hvt4elyvd','72261578','Федор','Козик','Афанасьевич','+375542864367','1hvt4elyvd@gmail.com'),
  ('login1khnxlwvm0','88721846','Иван','Артемьев','Георгиевич','+375832535771','1khnxlwvm0@gmail.com'),
  ('loginae37dt1k5e','16775227','Михаил','Артемьев','Федорович','+375576201661','ae37dt1k5e@gmail.com'),
  ('login8b2hdoxu0u','53334227','Георгий','Зверуго','Георгиевич','+375100228273','8b2hdoxu0u@gmail.com'),
  ('loginl6x2gjw6cy','25105653','Георгий','Рубин','Андреевич','+375037013032','l6x2gjw6cy@gmail.com'),
  ('login3hidkqghse','11624775','Алексей','Иванов','Евгеньевич','+375461737340','3hidkqghse@gmail.com'),
  ('loginebwq8pde12','77168885','Федор','Иванов','Афанасьевич','+375441587700','ebwq8pde12@gmail.com'),
  ('login0b5e4tmpr0','74703444','Генрих','Козик','Михайлович','+375733264062','0b5e4tmpr0@gmail.com'),
  ('loginlaq8job2ej','60582112','Юрий','Иванов','Федорович','+375517263846','laq8job2ej@gmail.com'),
  ('login22gt77m679','03112687','Михаил','Давыденко','Афанасьевич','+375223761672','22gt77m679@gmail.com'),
  ('logincgcg5din82','33558356','Михаил','Рябцев','Георгиевич','+375880248848','cgcg5din82@gmail.com'),
  ('login1wb546qyz7','38874555','Георгий','Слука','Федорович','+375313287858','1wb546qyz7@gmail.com'),
  ('loginvvz6kjmzyh','86046633','Афанасий','Рубин','Афанасьевич','+375558782850','vvz6kjmzyh@gmail.com'),
  ('loginqr97b08j3i','21087072','Андрей','Савченко','Павлович','+375738332036','qr97b08j3i@gmail.com'),
  ('loginqcktk0b0ig','25086668','Максим','Богумильчик','Афанасьевич','+375862762314','qcktk0b0ig@gmail.com'),
  ('logina3qoyxi1qv','14034062','Павел','Артемьев','Федорович','+375405478436','a3qoyxi1qv@gmail.com'),
  ('loginlunek8igzf','36361653','Дмитрий','Рубин','Максимович','+375170257612','lunek8igzf@gmail.com'),
  ('loginukst4hlcya','42066343','Дмитрий','Рубин','Юрьевич','+375101527668','ukst4hlcya@gmail.com'),
  ('loginoeh7xtm8wo','04657351','Афанасий','Синельников','Михайлович','+375603035150','oeh7xtm8wo@gmail.com'),
  ('logincrx8io9l90','41128377','Артем','Рябцев','Андреевич','+375016578806','crx8io9l90@gmail.com'),
  ('login618sssd8ua','65375425','Дмитрий','Иванов','Павлович','+375635248353','618sssd8ua@gmail.com'),
  ('loginzb9iheowpm','14257142','Иван','Савченко','Андреевич','+375000131338','zb9iheowpm@gmail.com'),
  ('logintav6657n6m','66463078','Афанасий','Савченко','Афанасьевич','+375752335812','tav6657n6m@gmail.com'),
  ('login2wpu2ktym8','40861302','Александр','Рябцев','Евгеньевич','+375234312364','2wpu2ktym8@gmail.com'),
  ('loginmxaupt1reg','12438147','Генрих','Ковалев','Максимович','+375232008153','mxaupt1reg@gmail.com'),
  ('loginos8jdf3f1k','31420671','Георгий','Гапеенко','Дмитриевич','+375723874441','os8jdf3f1k@gmail.com'),
  ('loginx5rvhszib7','40714471','Михаил','Артемьев','Павлович','+375752102167','x5rvhszib7@gmail.com'),
  ('loginpl2axw4a5s','12505874','Евгений','Артемьев','Дмитриевич','+375476403252','pl2axw4a5s@gmail.com'),
  ('login1csuk692xe','12472450','Алексей','Козик','Юрьевич','+375346845252','1csuk692xe@gmail.com'),
  ('login399gg3ahz5','76885357','Федор','Зверуго','Евгеньевич','+375413271801','399gg3ahz5@gmail.com'),
  ('loginely1r97vhq','06346185','Иван','Борискин','Дмитриевич','+375334264264','ely1r97vhq@gmail.com'),
  ('loginzm4kerfau6','72605871','Федор','Давыденко','Иванович','+375427063776','zm4kerfau6@gmail.com'),
  ('loginlelrqb4o8z','20670247','Алексей','Гапеенко','Андреевич','+375126522870','lelrqb4o8z@gmail.com'),
  ('loginhnm21hnml2','00822773','Дмитрий','Иванов','Михайлович','+375078831181','hnm21hnml2@gmail.com'),
  ('logino8z6w0uh8k','10672710','Максим','Савченко','Афанасьевич','+375405246182','o8z6w0uh8k@gmail.com'),
  ('logint39n26rpn8','74543850','Иван','Савченко','Алексеевич','+375217263258','t39n26rpn8@gmail.com'),
  ('login6n4zkpq04a','63716852','Афанасий','Богумильчик','Евгеньевич','+375140754542','6n4zkpq04a@gmail.com'),
  ('loginxiqabxsfs2','07377386','Павел','Сергеев','Алексеевич','+375528128824','xiqabxsfs2@gmail.com'),
  ('loginzau0hxdiyi','57706554','Игорь','Ковалев','Георгиевич','+375434311407','zau0hxdiyi@gmail.com'),
  ('logind9kpwv3ymb','72077682','Андрей','Артемьев','Максимович','+375741743424','d9kpwv3ymb@gmail.com'),
  ('logingyg056xod8','40348250','Максим','Ковалев','Павлович','+375452812270','gyg056xod8@gmail.com'),
  ('login6z3jf8e0kf','16700342','Федор','Савченко','Федорович','+375008244008','6z3jf8e0kf@gmail.com'),
  ('loginfxclfaj5s6','42508675','Игорь','Слука','Георгиевич','+375182450135','fxclfaj5s6@gmail.com'),
  ('login1e2rn0n8mm','11458454','Михаил','Козик','Дмитриевич','+375477823824','1e2rn0n8mm@gmail.com'),
  ('loginrb8lvq67rd','16211815','Павел','Синельников','Георгиевич','+375171330822','rb8lvq67rd@gmail.com'),
  ('login6nuvw1i018','86305143','Иван','Ковалев','Евгеньевич','+375587017326','6nuvw1i018@gmail.com'),
  ('loginti4ys1gcsg','15558052','Алексей','Синельников','Иванович','+375450133207','ti4ys1gcsg@gmail.com'),
  ('loginlotlp6a9i0','87615751','Алексей','Савченко','Дмитриевич','+375481042158','lotlp6a9i0@gmail.com'),
  ('loginpv5ia76144','42216238','Максим','Давыденко','Дмитриевич','+375382865070','pv5ia76144@gmail.com'),
  ('loginko0h8ra6d6','12140383','Георгий','Борискин','Михайлович','+375002088203','ko0h8ra6d6@gmail.com'),
  ('loginflwxuoqa7f','25250723','Федор','Синельников','Иванович','+375456846584','flwxuoqa7f@gmail.com'),
  ('login3petsgiq5q','80087611','Евгений','Иванов','Александрович','+375214431311','3petsgiq5q@gmail.com'),
  ('loginh87dutmlig','87142233','Алексей','Рябцев','Дмитриевич','+375376018223','h87dutmlig@gmail.com'),
  ('loginlximyqzggu','33273302','Евгений','Иванов','Александрович','+375306027162','lximyqzggu@gmail.com'),
  ('login25xzwfsix9','51421675','Генрих','Артемьев','Алексеевич','+375445186674','25xzwfsix9@gmail.com'),
  ('loginbojxy9tb0n','58288748','Дмитрий','Артемьев','Евгеньевич','+375667523354','bojxy9tb0n@gmail.com'),
  ('login8xdtunvdwm','56365576','Артем','Давыденко','Дмитриевич','+375356328353','8xdtunvdwm@gmail.com'),
  ('loginrdbq8g2mi9','14081822','Игорь','Зверуго','Андреевич','+375012178554','rdbq8g2mi9@gmail.com'),
  ('logintonlpt30u0','25274552','Артем','Сергеев','Павлович','+375607560785','tonlpt30u0@gmail.com'),
  ('loginkjij2ztse4','58348636','Артем','Борискин','Александрович','+375684305007','kjij2ztse4@gmail.com'),
  ('loginkri2vamst7','57436440','Федор','Давыденко','Павлович','+375330502366','kri2vamst7@gmail.com'),
  ('loginkrvx5s6bbo','10772072','Георгий','Богумильчик','Александрович','+375725003165','krvx5s6bbo@gmail.com'),
  ('loginvnpv7cpcb9','46217732','Михаил','Ковалев','Георгиевич','+375062847710','vnpv7cpcb9@gmail.com'),
  ('loginryouo43b5t','87516234','Федор','Иванов','Михайлович','+375373100111','ryouo43b5t@gmail.com'),
  ('login0fjjf0dh0l','72673767','Александр','Савченко','Дмитриевич','+375177210458','0fjjf0dh0l@gmail.com'),
  ('loginhdfnjun11j','50672611','Павел','Гапеенко','Максимович','+375435272474','hdfnjun11j@gmail.com'),
  ('loginrp47lyisj9','28566124','Евгений','Сергеев','Евгеньевич','+375884548588','rp47lyisj9@gmail.com'),
  ('login8dx46yc7h8','48556577','Александр','Козик','Юрьевич','+375605560804','8dx46yc7h8@gmail.com'),
  ('login0yntf4t4ct','04577301','Юрий','Давыденко','Георгиевич','+375443821033','0yntf4t4ct@gmail.com'),
  ('loginwbhqjsagi6','10505863','Андрей','Козик','Иванович','+375422364673','wbhqjsagi6@gmail.com'),
  ('login19l2s6m54z','71440153','Максим','Рябцев','Дмитриевич','+375564724717','19l2s6m54z@gmail.com'),
  ('login7u8rcqrm0l','61003423','Алексей','Борискин','Дмитриевич','+375760776510','7u8rcqrm0l@gmail.com'),
  ('login751ervgjfd','17852722','Генрих','Зверуго','Георгиевич','+375321580376','751ervgjfd@gmail.com'),
  ('loginga0ah9wgvo','55810201','Федор','Козик','Андреевич','+375873813835','ga0ah9wgvo@gmail.com'),
  ('loginjp89m78rmn','87133238','Дмитрий','Савченко','Максимович','+375788755686','jp89m78rmn@gmail.com'),
  ('login5ho8d9mcta','13828207','Алексей','Иванов','Алексеевич','+375733778362','5ho8d9mcta@gmail.com'),
  ('loginfit0cghwbd','21275356','Павел','Слука','Евгеньевич','+375555413353','fit0cghwbd@gmail.com'),
  ('loginnqeanuzj03','88367550','Игорь','Борискин','Федорович','+375064142136','nqeanuzj03@gmail.com'),
  ('login7vpw9qijw2','72030674','Михаил','Слука','Андреевич','+375146427438','7vpw9qijw2@gmail.com'),
  ('loginj91jh3amru','14057852','Алексей','Рубин','Алексеевич','+375342308440','j91jh3amru@gmail.com'),
  ('login0dxlnllfma','80845014','Алексей','Богумильчик','Федорович','+375325034646','0dxlnllfma@gmail.com'),
  ('loginf92g86yhti','53366762','Андрей','Ковалев','Федорович','+375642341087','f92g86yhti@gmail.com'),
  ('logind5lv79ln59','03037615','Юрий','Синельников','Максимович','+375727782535','d5lv79ln59@gmail.com'),
  ('loginviybl7z2q4','11658378','Александр','Синельников','Иванович','+375744760543','viybl7z2q4@gmail.com'),
  ('logintfokv1vzjk','78713086','Евгений','Давыденко','Иванович','+375213658338','tfokv1vzjk@gmail.com'),
  ('loginx1zpd27pwd','71746503','Федор','Борискин','Иванович','+375026800081','x1zpd27pwd@gmail.com'),
  ('loginme8bh5ls0u','04811764','Игорь','Ковалев','Георгиевич','+375575875344','me8bh5ls0u@gmail.com'),
  ('login47xvqt4psl','52334021','Федор','Козик','Афанасьевич','+375024356408','47xvqt4psl@gmail.com'),
  ('loginbzhq5i54j0','65262311','Михаил','Синельников','Юрьевич','+375168614446','bzhq5i54j0@gmail.com'),
  ('loginxak3v1idnf','54641808','Евгений','Борискин','Юрьевич','+375161603043','xak3v1idnf@gmail.com'),
  ('logindddwju3qof','61511834','Афанасий','Рябцев','Михайлович','+375856280886','dddwju3qof@gmail.com'),
  ('loginb74ukkt0cr','18373720','Михаил','Слука','Михайлович','+375330861774','b74ukkt0cr@gmail.com'),
  ('loginlqy66utl6f','55556708','Георгий','Сергеев','Евгеньевич','+375734702736','lqy66utl6f@gmail.com'),
  ('loginmry2yume7q','67102056','Дмитрий','Иванов','Павлович','+375651843453','mry2yume7q@gmail.com'),
  ('logini81e6oc6hv','33718183','Максим','Слука','Андреевич','+375074540531','i81e6oc6hv@gmail.com'),
  ('loginoa79esxrjj','34064485','Павел','Рябцев','Алексеевич','+375148741605','oa79esxrjj@gmail.com'),
  ('logint38vhlqond','16406708','Федор','Синельников','Павлович','+375805736767','t38vhlqond@gmail.com'),
  ('login8xqzjlmi3u','51038588','Дмитрий','Гапеенко','Максимович','+375214668324','8xqzjlmi3u@gmail.com'),
  ('loginsh8mxsj8si','21743471','Александр','Зверуго','Федорович','+375005858275','sh8mxsj8si@gmail.com'),
  ('loginvtehjmyxsv','10173805','Генрих','Синельников','Михайлович','+375535283342','vtehjmyxsv@gmail.com'),
  ('loging053b8tlc4','68280302','Максим','Рубин','Иванович','+375355618012','g053b8tlc4@gmail.com'),
  ('loginecht8lp3ts','81642535','Дмитрий','Сергеев','Александрович','+375353500138','echt8lp3ts@gmail.com'),
  ('loginaqjvj5p4i3','10271340','Федор','Борискин','Павлович','+375043067613','aqjvj5p4i3@gmail.com'),
  ('logind91hjulq0a','81586212','Алексей','Савченко','Юрьевич','+375733625232','d91hjulq0a@gmail.com'),
  ('logingrblwjkkmm','04841504','Игорь','Рябцев','Георгиевич','+375063564317','grblwjkkmm@gmail.com'),
  ('login6rfgw4ijsb','34272115','Михаил','Синельников','Александрович','+375156020142','6rfgw4ijsb@gmail.com'),
  ('login7v4hy2u8sz','22008822','Евгений','Артемьев','Дмитриевич','+375566585111','7v4hy2u8sz@gmail.com'),
  ('loginww4yp2nb48','66543673','Иван','Савченко','Афанасьевич','+375564125465','ww4yp2nb48@gmail.com'),
  ('loginaoduopc55g','20614215','Генрих','Сергеев','Александрович','+375831251314','aoduopc55g@gmail.com'),
  ('loginzt8xeaxhxu','50884553','Афанасий','Борискин','Павлович','+375401564424','zt8xeaxhxu@gmail.com'),
  ('logintzu81dsinr','35435516','Евгений','Рябцев','Дмитриевич','+375512272403','tzu81dsinr@gmail.com'),
  ('login6ufac5uei7','66464620','Алексей','Ковалев','Федорович','+375763450716','6ufac5uei7@gmail.com'),
  ('logink8nnn6h6o8','21388228','Афанасий','Зверуго','Максимович','+375356264866','k8nnn6h6o8@gmail.com'),
  ('loginw3lgyuirmj','12237308','Дмитрий','Артемьев','Андреевич','+375640285281','w3lgyuirmj@gmail.com'),
  ('logincq9ysmbddc','46676820','Иван','Давыденко','Павлович','+375711624452','cq9ysmbddc@gmail.com'),
  ('loginhqbv78v0xk','53701363','Федор','Слука','Максимович','+375008777763','hqbv78v0xk@gmail.com'),
  ('loginyubw7ik9dm','68574201','Александр','Зверуго','Георгиевич','+375306722660','yubw7ik9dm@gmail.com'),
  ('logins0ifj855vn','04647862','Юрий','Рябцев','Юрьевич','+375612362485','s0ifj855vn@gmail.com'),
  ('loginq9zf07z25y','28885562','Юрий','Синельников','Георгиевич','+375311582378','q9zf07z25y@gmail.com'),
  ('loginzsk3rdenby','88450327','Алексей','Зверуго','Алексеевич','+375485333400','zsk3rdenby@gmail.com'),
  ('loginieif17lwbx','67456510','Иван','Савченко','Афанасьевич','+375876240278','ieif17lwbx@gmail.com'),
  ('logint6ptns3co0','72633306','Алексей','Рубин','Максимович','+375354884354','t6ptns3co0@gmail.com'),
  ('login5f7j6lrqal','21641868','Генрих','Ковалев','Иванович','+375607327874','5f7j6lrqal@gmail.com'),
  ('loginqtam7mvwpn','56123703','Алексей','Савченко','Евгеньевич','+375045410648','qtam7mvwpn@gmail.com'),
  ('login0h737xuh9d','42332684','Артем','Гапеенко','Андреевич','+375722336421','0h737xuh9d@gmail.com'),
  ('loginqu14t015xq','13771865','Артем','Савченко','Павлович','+375701482520','qu14t015xq@gmail.com'),
  ('loginjv84eiwt0n','45677143','Юрий','Ковалев','Иванович','+375407368763','jv84eiwt0n@gmail.com'),
  ('loginjk25rzmu4t','12180663','Михаил','Борискин','Алексеевич','+375721524862','jk25rzmu4t@gmail.com'),
  ('loginn3n3xudwa2','58786853','Дмитрий','Иванов','Евгеньевич','+375825165368','n3n3xudwa2@gmail.com'),
  ('logingxdb0zugw5','57182451','Генрих','Зверуго','Дмитриевич','+375566727210','gxdb0zugw5@gmail.com'),
  ('logingdhs22womi','17138857','Федор','Козик','Михайлович','+375258724703','gdhs22womi@gmail.com'),
  ('loginrsn2wkteor','34453360','Юрий','Богумильчик','Дмитриевич','+375245355445','rsn2wkteor@gmail.com'),
  ('login04cz7tvwie','27307511','Павел','Борискин','Евгеньевич','+375106258528','04cz7tvwie@gmail.com'),
  ('loginpovami7fi0','14653188','Георгий','Ковалев','Алексеевич','+375510052124','povami7fi0@gmail.com'),
  ('loginh1jwfdrdz2','78521775','Павел','Савченко','Дмитриевич','+375755105853','h1jwfdrdz2@gmail.com'),
  ('loginfiwn3igiad','66124076','Игорь','Рубин','Андреевич','+375547433158','fiwn3igiad@gmail.com'),
  ('loginn4a3mj78sg','11814033','Игорь','Иванов','Георгиевич','+375852210864','n4a3mj78sg@gmail.com'),
  ('logintq47j1uiyb','44025356','Афанасий','Козик','Андреевич','+375142285531','tq47j1uiyb@gmail.com'),
  ('loginsz6v8cgnk3','43336575','Юрий','Артемьев','Юрьевич','+375414564565','sz6v8cgnk3@gmail.com'),
  ('loginnn73j10gkn','76255268','Георгий','Сергеев','Андреевич','+375043711546','nn73j10gkn@gmail.com'),
  ('loginysi57ozqv6','71008534','Артем','Слука','Алексеевич','+375314131747','ysi57ozqv6@gmail.com'),
  ('loginvt1fhskpnn','04658370','Генрих','Рубин','Андреевич','+375734750760','vt1fhskpnn@gmail.com'),
  ('login7qbfnslon1','83101662','Михаил','Давыденко','Иванович','+375847130243','7qbfnslon1@gmail.com'),
  ('loginhfc4d7uek0','07680488','Андрей','Козик','Федорович','+375207217635','hfc4d7uek0@gmail.com'),
  ('loginnqoejzkjpc','64604420','Александр','Рубин','Михайлович','+375262540614','nqoejzkjpc@gmail.com'),
  ('login7kvlsmqig6','03778053','Алексей','Сергеев','Федорович','+375717327345','7kvlsmqig6@gmail.com'),
  ('login3ft1ou6gqm','10371012','Генрих','Давыденко','Максимович','+375541717743','3ft1ou6gqm@gmail.com'),
  ('loginyxernq1lz8','42277547','Андрей','Гапеенко','Максимович','+375431545625','yxernq1lz8@gmail.com'),
  ('login99qf8rma3y','51640081','Генрих','Синельников','Георгиевич','+375001600132','99qf8rma3y@gmail.com'),
  ('logintd5na5l9zp','05554676','Генрих','Богумильчик','Алексеевич','+375003214300','td5na5l9zp@gmail.com'),
  ('logincm6iebv5qy','06884607','Дмитрий','Ковалев','Дмитриевич','+375337845003','cm6iebv5qy@gmail.com'),
  ('loginda0no9cah6','54231447','Андрей','Слука','Юрьевич','+375542488572','da0no9cah6@gmail.com'),
  ('loginjss5x2jhqf','51723232','Евгений','Сергеев','Максимович','+375550223124','jss5x2jhqf@gmail.com'),
  ('loginxtnldshrf5','46723833','Генрих','Гапеенко','Иванович','+375642260102','xtnldshrf5@gmail.com'),
  ('logind8ljgo954y','00252716','Евгений','Савченко','Юрьевич','+375728004016','d8ljgo954y@gmail.com'),
  ('loginmy9h9en5wi','65175771','Юрий','Синельников','Максимович','+375467370507','my9h9en5wi@gmail.com'),
  ('loginv8wrespfgf','83251764','Иван','Ковалев','Алексеевич','+375678400306','v8wrespfgf@gmail.com'),
  ('loginarldktc1z7','80548540','Генрих','Гапеенко','Максимович','+375580157624','arldktc1z7@gmail.com'),
  ('loginvxv1ho2ubx','10418681','Андрей','Сергеев','Александрович','+375505173828','vxv1ho2ubx@gmail.com'),
  ('loginlfgy00v82m','48465051','Александр','Иванов','Евгеньевич','+375516582028','lfgy00v82m@gmail.com'),
  ('loginym735324ft','87153017','Георгий','Зверуго','Павлович','+375564541542','ym735324ft@gmail.com'),
  ('login5a36nonxjn','10038357','Максим','Давыденко','Иванович','+375316785600','5a36nonxjn@gmail.com'),
  ('loginyyjt8jjssq','34632704','Афанасий','Сергеев','Иванович','+375851354062','yyjt8jjssq@gmail.com'),
  ('login892lrm1exu','02741572','Александр','Рубин','Максимович','+375583020240','892lrm1exu@gmail.com'),
  ('login1osocdooia','04063705','Максим','Давыденко','Павлович','+375350020705','1osocdooia@gmail.com'),
  ('login3517y2m43n','61870547','Иван','Рубин','Федорович','+375134530863','3517y2m43n@gmail.com'),
  ('loginjvc3egh1kh','27071542','Иван','Слука','Алексеевич','+375337101462','jvc3egh1kh@gmail.com'),
  ('loginp1gj2japq9','35212037','Максим','Давыденко','Афанасьевич','+375260154852','p1gj2japq9@gmail.com'),
  ('loginvz8nhoy4fn','35713134','Андрей','Савченко','Дмитриевич','+375246727345','vz8nhoy4fn@gmail.com'),
  ('loginadyjwhkp0w','47642500','Генрих','Давыденко','Юрьевич','+375213145382','adyjwhkp0w@gmail.com'),
  ('logini4x16jjddm','87423582','Александр','Давыденко','Дмитриевич','+375433403812','i4x16jjddm@gmail.com'),
  ('loginis6zg9path','57280868','Генрих','Ковалев','Дмитриевич','+375233523782','is6zg9path@gmail.com'),
  ('logint7lxwvd02x','78247872','Михаил','Иванов','Георгиевич','+375528514483','t7lxwvd02x@gmail.com'),
  ('loginy87p1ot64i','23723108','Павел','Иванов','Михайлович','+375537032618','y87p1ot64i@gmail.com'),
  ('loginpl3r4t8103','66067330','Павел','Козик','Дмитриевич','+375665170044','pl3r4t8103@gmail.com'),
  ('logincx5honqpwx','74371127','Алексей','Гапеенко','Афанасьевич','+375044684865','cx5honqpwx@gmail.com'),
  ('loginqddsd5khx1','27651562','Павел','Савченко','Павлович','+375784771831','qddsd5khx1@gmail.com'),
  ('loging8x8d85myq','47675825','Юрий','Богумильчик','Афанасьевич','+375378762420','g8x8d85myq@gmail.com'),
  ('login38i3seb40x','15851373','Андрей','Иванов','Георгиевич','+375141787424','38i3seb40x@gmail.com'),
  ('login6ohpf7f0r6','13584335','Артем','Иванов','Афанасьевич','+375071652273','6ohpf7f0r6@gmail.com'),
  ('logina6u11ltkhk','53086174','Андрей','Рябцев','Андреевич','+375041412610','a6u11ltkhk@gmail.com'),
  ('loginpv9xqk8vyy','00776003','Павел','Иванов','Георгиевич','+375124206424','pv9xqk8vyy@gmail.com'),
  ('login1zswvc3aep','51153457','Юрий','Иванов','Евгеньевич','+375074064704','1zswvc3aep@gmail.com'),
  ('login0t4gq1rgt4','40561200','Игорь','Иванов','Михайлович','+375114364086','0t4gq1rgt4@gmail.com'),
  ('login8ic088u9w6','43806812','Федор','Гапеенко','Афанасьевич','+375574733860','8ic088u9w6@gmail.com'),
  ('loginxu04scj73w','60317264','Афанасий','Рубин','Федорович','+375764253280','xu04scj73w@gmail.com'),
  ('loginzw5ot4j18a','18051563','Павел','Савченко','Георгиевич','+375120074637','zw5ot4j18a@gmail.com'),
  ('loginoxow1a74y8','00674825','Андрей','Савченко','Максимович','+375352773023','oxow1a74y8@gmail.com'),
  ('logintef8clswdx','18844438','Павел','Рубин','Павлович','+375881075770','tef8clswdx@gmail.com'),
  ('login4nddzg52ml','23617881','Александр','Ковалев','Юрьевич','+375663037780','4nddzg52ml@gmail.com'),
  ('loginayempauzl9','45417517','Генрих','Слука','Александрович','+375828520705','ayempauzl9@gmail.com'),
  ('login3hcyfb6mau','53111450','Дмитрий','Артемьев','Алексеевич','+375773012141','3hcyfb6mau@gmail.com'),
  ('logina3yvieric7','88380736','Алексей','Иванов','Алексеевич','+375441300746','a3yvieric7@gmail.com'),
  ('loginlyl2junwcw','03387471','Алексей','Зверуго','Федорович','+375224656603','lyl2junwcw@gmail.com'),
  ('login7pgw8kwqum','80538053','Юрий','Слука','Юрьевич','+375142762466','7pgw8kwqum@gmail.com'),
  ('loginn11hts3bk3','61037645','Афанасий','Рубин','Евгеньевич','+375670810623','n11hts3bk3@gmail.com'),
  ('login7hrsyfyl72','51238050','Георгий','Рябцев','Андреевич','+375043627535','7hrsyfyl72@gmail.com'),
  ('loginc8mmc4thr7','17413116','Игорь','Слука','Павлович','+375203430073','c8mmc4thr7@gmail.com'),
  ('login6269a1e15j','45268783','Игорь','Рябцев','Афанасьевич','+375748705384','6269a1e15j@gmail.com'),
  ('login5r0imyyg5q','24317610','Генрих','Рубин','Дмитриевич','+375583584143','5r0imyyg5q@gmail.com'),
  ('loginynogu22g3f','75230877','Дмитрий','Артемьев','Андреевич','+375653613267','ynogu22g3f@gmail.com'),
  ('loginecwfdy1ztu','50452161','Юрий','Козик','Михайлович','+375684186017','ecwfdy1ztu@gmail.com'),
  ('loginjarhij1uau','31216147','Алексей','Ковалев','Александрович','+375083653884','jarhij1uau@gmail.com'),
  ('loginsz0qjua14u','08255320','Андрей','Иванов','Андреевич','+375307005346','sz0qjua14u@gmail.com'),
  ('loginyy5yw538x4','38508202','Юрий','Савченко','Максимович','+375650732647','yy5yw538x4@gmail.com'),
  ('login79uocdjb8r','30007602','Иван','Давыденко','Павлович','+375628053466','79uocdjb8r@gmail.com'),
  ('login8cdlo0j12l','65846334','Александр','Рубин','Георгиевич','+375031037823','8cdlo0j12l@gmail.com'),
  ('logins580e2q6ht','31306441','Федор','Сергеев','Евгеньевич','+375155570421','s580e2q6ht@gmail.com'),
  ('loging8o5wv6a54','40733782','Артем','Ковалев','Иванович','+375070448403','g8o5wv6a54@gmail.com'),
  ('loginrjl0dl137e','28752036','Иван','Сергеев','Георгиевич','+375040068480','rjl0dl137e@gmail.com'),
  ('loginzemt8q9klz','78745087','Максим','Козик','Павлович','+375474134020','zemt8q9klz@gmail.com'),
  ('loginl1bkvb07n5','68232571','Игорь','Давыденко','Андреевич','+375846825877','l1bkvb07n5@gmail.com'),
  ('logint195jowq1a','51458816','Юрий','Слука','Михайлович','+375115263707','t195jowq1a@gmail.com'),
  ('loginjk0c26cswr','80107752','Михаил','Артемьев','Евгеньевич','+375707882440','jk0c26cswr@gmail.com'),
  ('logingwty9sw8as','83648637','Георгий','Слука','Евгеньевич','+375287771026','gwty9sw8as@gmail.com'),
  ('loginfinll6o03m','44118531','Павел','Сергеев','Михайлович','+375363714857','finll6o03m@gmail.com'),
  ('logingkdvdb973n','11730748','Генрих','Рубин','Александрович','+375548658462','gkdvdb973n@gmail.com'),
  ('loginqx9witxu2f','76678413','Артем','Козик','Георгиевич','+375880467468','qx9witxu2f@gmail.com'),
  ('loginc8eo199m77','04634411','Георгий','Слука','Михайлович','+375415205031','c8eo199m77@gmail.com'),
  ('loginndmq5bxf7x','14771085','Дмитрий','Рубин','Александрович','+375704861274','ndmq5bxf7x@gmail.com'),
  ('login2dgjbno5nz','66687144','Георгий','Иванов','Михайлович','+375328277015','2dgjbno5nz@gmail.com'),
  ('login2z3kaiokor','42432561','Афанасий','Зверуго','Георгиевич','+375587443001','2z3kaiokor@gmail.com'),
  ('login62bn1sjufa','06727471','Максим','Давыденко','Алексеевич','+375430078238','62bn1sjufa@gmail.com'),
  ('loginqocnfgb3pn','01167021','Генрих','Борискин','Алексеевич','+375054350776','qocnfgb3pn@gmail.com'),
  ('loginqaz6upc7cs','51866152','Дмитрий','Борискин','Алексеевич','+375502356268','qaz6upc7cs@gmail.com'),
  ('loginemvl95rsro','02175317','Федор','Иванов','Павлович','+375088780582','emvl95rsro@gmail.com'),
  ('login078j3slezg','71182312','Евгений','Савченко','Федорович','+375523366737','078j3slezg@gmail.com'),
  ('login8u4wnysl96','61744001','Юрий','Савченко','Михайлович','+375373284773','8u4wnysl96@gmail.com'),
  ('loginmbnb51wkx4','15654857','Афанасий','Богумильчик','Федорович','+375125354875','mbnb51wkx4@gmail.com'),
  ('loginyfan1a0lbi','71557656','Андрей','Рябцев','Андреевич','+375374388620','yfan1a0lbi@gmail.com'),
  ('login057jgbayur','48254286','Иван','Ковалев','Иванович','+375000722412','057jgbayur@gmail.com'),
  ('loginhl0bbdyzjd','75445346','Дмитрий','Борискин','Афанасьевич','+375272520461','hl0bbdyzjd@gmail.com'),
  ('loginslubp1j3q8','88225755','Михаил','Ковалев','Алексеевич','+375777480881','slubp1j3q8@gmail.com'),
  ('loginl0jkqvp2vd','53343400','Иван','Борискин','Афанасьевич','+375606745414','l0jkqvp2vd@gmail.com'),
  ('loginvn1ulkeymg','14105762','Евгений','Иванов','Афанасьевич','+375852570144','vn1ulkeymg@gmail.com'),
  ('loginhn99fkrnkv','36220341','Генрих','Синельников','Максимович','+375848171487','hn99fkrnkv@gmail.com'),
  ('loginzqtucz2yrk','03287022','Юрий','Рубин','Иванович','+375253118314','zqtucz2yrk@gmail.com'),
  ('loginztdvzjhhzb','50732841','Артем','Рубин','Максимович','+375663648334','ztdvzjhhzb@gmail.com'),
  ('logingmtgrbpxos','60058168','Афанасий','Гапеенко','Георгиевич','+375344487854','gmtgrbpxos@gmail.com'),
  ('loginvn3pi0si9w','38370567','Юрий','Гапеенко','Павлович','+375820756150','vn3pi0si9w@gmail.com'),
  ('login4b6bu6iy75','55808364','Федор','Козик','Юрьевич','+375217513270','4b6bu6iy75@gmail.com'),
  ('loginaofazq2bp0','50726033','Андрей','Иванов','Иванович','+375486302031','aofazq2bp0@gmail.com'),
  ('loginvjqdj7jw6r','45013187','Михаил','Зверуго','Алексеевич','+375423718878','vjqdj7jw6r@gmail.com'),
  ('loginx4d16wrtae','63604137','Андрей','Гапеенко','Афанасьевич','+375327133752','x4d16wrtae@gmail.com'),
  ('loginr0boo23fpl','43465523','Игорь','Артемьев','Афанасьевич','+375468008532','r0boo23fpl@gmail.com'),
  ('loginlph7q4sqld','72816577','Андрей','Козик','Афанасьевич','+375044176004','lph7q4sqld@gmail.com'),
  ('loginq882aptf9f','21268637','Павел','Сергеев','Александрович','+375575641478','q882aptf9f@gmail.com'),
  ('logint4gu8iuzxt','34168625','Максим','Рябцев','Максимович','+375512114113','t4gu8iuzxt@gmail.com'),
  ('loginbpxfc51u5u','04088165','Игорь','Слука','Афанасьевич','+375186371553','bpxfc51u5u@gmail.com'),
  ('login7m46lpca7j','34505015','Михаил','Сергеев','Дмитриевич','+375507052067','7m46lpca7j@gmail.com'),
  ('loginxmud4dva96','88754261','Павел','Гапеенко','Алексеевич','+375688047054','xmud4dva96@gmail.com'),
  ('loginbnsy4vz16o','21177701','Александр','Зверуго','Георгиевич','+375866771585','bnsy4vz16o@gmail.com'),
  ('loginifxuzeektn','33304417','Павел','Сергеев','Георгиевич','+375207700145','ifxuzeektn@gmail.com'),
  ('loginaf1nbfl4fo','05124147','Алексей','Иванов','Иванович','+375481850660','af1nbfl4fo@gmail.com'),
  ('logindu1lg2t9z9','40556308','Михаил','Ковалев','Павлович','+375555035355','du1lg2t9z9@gmail.com'),
  ('loginff1z7a9ejh','10233538','Максим','Артемьев','Андреевич','+375204842174','ff1z7a9ejh@gmail.com'),
  ('login8l172tugru','78465868','Артем','Артемьев','Афанасьевич','+375470024205','8l172tugru@gmail.com'),
  ('loginxf960g3v39','87716414','Генрих','Слука','Юрьевич','+375187561857','xf960g3v39@gmail.com'),
  ('logini9jgs0hosu','67117664','Юрий','Борискин','Федорович','+375516568127','i9jgs0hosu@gmail.com'),
  ('loging3i8929ja6','53458157','Михаил','Ковалев','Юрьевич','+375276407018','g3i8929ja6@gmail.com'),
  ('logindpw1bbse6u','23711141','Генрих','Гапеенко','Юрьевич','+375771125451','dpw1bbse6u@gmail.com'),
  ('login0zvpsr4bxy','06826681','Андрей','Зверуго','Дмитриевич','+375220402031','0zvpsr4bxy@gmail.com'),
  ('logindcrbqwan23','27400356','Алексей','Богумильчик','Евгеньевич','+375620544211','dcrbqwan23@gmail.com'),
  ('loginh2afhgz7qt','64843553','Афанасий','Иванов','Алексеевич','+375707571772','h2afhgz7qt@gmail.com'),
  ('logindz9h0aqrs0','16437858','Александр','Савченко','Максимович','+375588064448','dz9h0aqrs0@gmail.com'),
  ('loginfvb5myke66','18743824','Евгений','Артемьев','Павлович','+375752072711','fvb5myke66@gmail.com'),
  ('logindow3q2pt3m','31487127','Евгений','Савченко','Александрович','+375828530664','dow3q2pt3m@gmail.com'),
  ('loginznidze7lq4','27813185','Евгений','Савченко','Георгиевич','+375138846100','znidze7lq4@gmail.com'),
  ('logindpzj8jsbvp','23640615','Михаил','Рябцев','Алексеевич','+375138838784','dpzj8jsbvp@gmail.com'),
  ('loginu1sw25fftz','61524856','Юрий','Слука','Иванович','+375854320684','u1sw25fftz@gmail.com'),
  ('login7y2iwtw76q','20870637','Дмитрий','Слука','Афанасьевич','+375562735845','7y2iwtw76q@gmail.com'),
  ('logingnvyntgurw','33311355','Павел','Рябцев','Евгеньевич','+375655014085','gnvyntgurw@gmail.com'),
  ('logins8b6ijpq1m','53300323','Георгий','Синельников','Максимович','+375443401722','s8b6ijpq1m@gmail.com'),
  ('loginmva4n2za1r','84646323','Георгий','Гапеенко','Павлович','+375707350736','mva4n2za1r@gmail.com'),
  ('login09jm844k1w','24378438','Павел','Борискин','Максимович','+375726024524','09jm844k1w@gmail.com'),
  ('loginqkrgp5lzi6','65471180','Иван','Ковалев','Александрович','+375663246267','qkrgp5lzi6@gmail.com'),
  ('loginsvr7ithgjv','80827134','Георгий','Рубин','Дмитриевич','+375037107763','svr7ithgjv@gmail.com'),
  ('loginaqlagscdyr','81341776','Михаил','Артемьев','Михайлович','+375832880472','aqlagscdyr@gmail.com'),
  ('logins6b7jnmavs','18257844','Павел','Синельников','Павлович','+375780685415','s6b7jnmavs@gmail.com'),
  ('logino1kt6nlwsd','28802423','Игорь','Рубин','Евгеньевич','+375777224652','o1kt6nlwsd@gmail.com'),
  ('loginksfadrycnm','68464466','Дмитрий','Борискин','Павлович','+375631423788','ksfadrycnm@gmail.com'),
  ('logindg7e1r450p','04561453','Павел','Сергеев','Юрьевич','+375442213385','dg7e1r450p@gmail.com'),
  ('logingannhtnkdv','11133118','Федор','Синельников','Андреевич','+375133660158','gannhtnkdv@gmail.com'),
  ('loginbdqd7uyrhk','83261320','Дмитрий','Артемьев','Максимович','+375007087227','bdqd7uyrhk@gmail.com'),
  ('loginoywna4jb73','77545351','Афанасий','Иванов','Максимович','+375735678366','oywna4jb73@gmail.com'),
  ('logingce6nmdewg','00157443','Артем','Иванов','Юрьевич','+375801676351','gce6nmdewg@gmail.com'),
  ('loginj8cxxds7mj','26883672','Алексей','Борискин','Георгиевич','+375501042153','j8cxxds7mj@gmail.com'),
  ('loginhtjqdbd2u3','83867057','Иван','Зверуго','Юрьевич','+375602800703','htjqdbd2u3@gmail.com'),
  ('loginf3i1t67iyw','08807508','Генрих','Сергеев','Алексеевич','+375710453522','f3i1t67iyw@gmail.com'),
  ('login0p3kxnq2jg','66781124','Афанасий','Сергеев','Андреевич','+375660635608','0p3kxnq2jg@gmail.com'),
  ('login4z0zptj01j','82582363','Михаил','Савченко','Афанасьевич','+375010628252','4z0zptj01j@gmail.com'),
  ('login4kplqlk79y','14803016','Юрий','Рубин','Юрьевич','+375308405705','4kplqlk79y@gmail.com'),
  ('loginva2agzg997','20016186','Максим','Давыденко','Георгиевич','+375134012721','va2agzg997@gmail.com'),
  ('login9quzdptsfx','08774008','Афанасий','Давыденко','Павлович','+375435027774','9quzdptsfx@gmail.com'),
  ('logintug2gwroev','66087157','Дмитрий','Давыденко','Павлович','+375050757803','tug2gwroev@gmail.com'),
  ('loginq1cc0xn8xw','20084472','Дмитрий','Богумильчик','Максимович','+375766528371','q1cc0xn8xw@gmail.com'),
  ('login9mgrofsu3t','11427174','Дмитрий','Иванов','Максимович','+375030413101','9mgrofsu3t@gmail.com'),
  ('loginvsbwun0e13','84817874','Максим','Козик','Михайлович','+375403623841','vsbwun0e13@gmail.com'),
  ('loginhrntyvq68o','44287464','Максим','Савченко','Иванович','+375152661435','hrntyvq68o@gmail.com'),
  ('loginh120zadygj','86732610','Юрий','Иванов','Андреевич','+375166118625','h120zadygj@gmail.com'),
  ('loginobpsaj818c','66158276','Генрих','Синельников','Афанасьевич','+375833883505','obpsaj818c@gmail.com'),
  ('loginn4xbdf75hm','13003447','Афанасий','Синельников','Павлович','+375852428008','n4xbdf75hm@gmail.com'),
  ('logine62suqjb7g','76261327','Андрей','Ковалев','Павлович','+375338635153','e62suqjb7g@gmail.com'),
  ('login72977p9gg6','48187658','Алексей','Иванов','Максимович','+375241348021','72977p9gg6@gmail.com'),
  ('login5s6r4idw9j','68272424','Афанасий','Синельников','Алексеевич','+375833550166','5s6r4idw9j@gmail.com'),
  ('loginlr86rm0nrz','07384243','Алексей','Иванов','Андреевич','+375021608760','lr86rm0nrz@gmail.com'),
  ('login6chftnh6hz','32801513','Андрей','Давыденко','Федорович','+375086563403','6chftnh6hz@gmail.com'),
  ('loginp1mm5cbsgt','52337617','Евгений','Рубин','Андреевич','+375423702366','p1mm5cbsgt@gmail.com'),
  ('login0s02fw3n83','53738423','Андрей','Рябцев','Иванович','+375466130803','0s02fw3n83@gmail.com'),
  ('logindsinakfkrw','18656664','Александр','Козик','Александрович','+375868712677','dsinakfkrw@gmail.com'),
  ('login1f1z2luypd','85843085','Андрей','Синельников','Михайлович','+375585370566','1f1z2luypd@gmail.com'),
  ('loginwvg9a8122j','73862783','Павел','Сергеев','Афанасьевич','+375412873754','wvg9a8122j@gmail.com'),
  ('loginyerseibc7a','08678508','Максим','Борискин','Андреевич','+375332217155','yerseibc7a@gmail.com'),
  ('login481vc9edd6','26163037','Федор','Артемьев','Иванович','+375572403225','481vc9edd6@gmail.com'),
  ('loginl1wb8w8fx3','47141483','Георгий','Савченко','Михайлович','+375861446410','l1wb8w8fx3@gmail.com'),
  ('loginmny29i5gn9','50510148','Федор','Гапеенко','Юрьевич','+375224362824','mny29i5gn9@gmail.com'),
  ('login20suif0jw6','24310208','Игорь','Гапеенко','Алексеевич','+375687530865','20suif0jw6@gmail.com'),
  ('logino44dti3gv0','07141837','Юрий','Ковалев','Федорович','+375470820660','o44dti3gv0@gmail.com'),
  ('loginzclsczgd40','66548584','Игорь','Ковалев','Дмитриевич','+375516553443','zclsczgd40@gmail.com'),
  ('loginj4xxnt9pfj','20143302','Дмитрий','Борискин','Федорович','+375876308485','j4xxnt9pfj@gmail.com'),
  ('login6qre1op5qr','51013830','Максим','Давыденко','Дмитриевич','+375752747570','6qre1op5qr@gmail.com'),
  ('loginhracli4vfw','51205247','Дмитрий','Козик','Дмитриевич','+375455857303','hracli4vfw@gmail.com'),
  ('logind2g10622pq','23242646','Игорь','Рубин','Георгиевич','+375254008704','d2g10622pq@gmail.com'),
  ('loginffq7r7b81x','27625846','Георгий','Синельников','Максимович','+375787206787','ffq7r7b81x@gmail.com'),
  ('loginx21ohz9l4z','84451178','Максим','Козик','Максимович','+375126302524','x21ohz9l4z@gmail.com'),
  ('login17cldd09lv','62850782','Иван','Давыденко','Андреевич','+375241565337','17cldd09lv@gmail.com'),
  ('loginjkz8dn9a86','14415665','Федор','Сергеев','Алексеевич','+375271587120','jkz8dn9a86@gmail.com'),
  ('logint6fjlhv2a7','10638577','Дмитрий','Борискин','Иванович','+375514300245','t6fjlhv2a7@gmail.com'),
  ('login7csr2i9e6t','65027518','Павел','Рябцев','Федорович','+375875116800','7csr2i9e6t@gmail.com'),
  ('loginax4ofwa9iy','80762070','Дмитрий','Слука','Афанасьевич','+375854233166','ax4ofwa9iy@gmail.com'),
  ('loginux7gd6xkd5','76370433','Максим','Рябцев','Федорович','+375118054121','ux7gd6xkd5@gmail.com'),
  ('loging375stqqob','07358086','Максим','Рубин','Алексеевич','+375618104178','g375stqqob@gmail.com'),
  ('login7lagvpe0np','06450112','Максим','Богумильчик','Михайлович','+375843467232','7lagvpe0np@gmail.com'),
  ('loginousn26fbbu','61444074','Андрей','Слука','Михайлович','+375743838467','ousn26fbbu@gmail.com'),
  ('loginyzmqrnt4mc','35132646','Юрий','Богумильчик','Михайлович','+375801245744','yzmqrnt4mc@gmail.com'),
  ('loginxgugcc0yn6','18061212','Афанасий','Слука','Александрович','+375513274810','xgugcc0yn6@gmail.com'),
  ('loginqbvdo878sf','10182787','Юрий','Богумильчик','Михайлович','+375527357036','qbvdo878sf@gmail.com'),
  ('loging3yhvpcxdp','87785310','Дмитрий','Козик','Максимович','+375028347728','g3yhvpcxdp@gmail.com'),
  ('login0udrnu2uxr','36406130','Дмитрий','Иванов','Павлович','+375742115325','0udrnu2uxr@gmail.com'),
  ('loginw81mt1r603','08103684','Юрий','Давыденко','Александрович','+375467386351','w81mt1r603@gmail.com'),
  ('loginvcokuvpioh','67110344','Артем','Сергеев','Евгеньевич','+375733683068','vcokuvpioh@gmail.com'),
  ('loginp4qat1oww5','70177172','Павел','Ковалев','Александрович','+375260323251','p4qat1oww5@gmail.com'),
  ('logint5hekphj8z','10715532','Генрих','Борискин','Андреевич','+375345853825','t5hekphj8z@gmail.com'),
  ('login0x51jh25li','12787753','Афанасий','Давыденко','Андреевич','+375427715160','0x51jh25li@gmail.com'),
  ('login1yjsmgw0v5','17051210','Федор','Синельников','Иванович','+375005452254','1yjsmgw0v5@gmail.com'),
  ('logintmcps75l8g','10337121','Георгий','Борискин','Максимович','+375853144454','tmcps75l8g@gmail.com'),
  ('loginj9dxat750i','18826350','Максим','Борискин','Афанасьевич','+375285216138','j9dxat750i@gmail.com'),
  ('loginfv2m5k4664','06363857','Павел','Ковалев','Алексеевич','+375265548432','fv2m5k4664@gmail.com'),
  ('login8ikmmuzzvx','02808242','Юрий','Иванов','Максимович','+375647533650','8ikmmuzzvx@gmail.com'),
  ('login2a7m2duk7a','36735003','Александр','Богумильчик','Павлович','+375651887073','2a7m2duk7a@gmail.com'),
  ('login2cve1f4lu0','28334107','Дмитрий','Рубин','Федорович','+375706032813','2cve1f4lu0@gmail.com'),
  ('loginfpvq6awxka','60054221','Артем','Борискин','Юрьевич','+375216066511','fpvq6awxka@gmail.com'),
  ('loginr1eun0fgnc','76426117','Евгений','Иванов','Иванович','+375830657011','r1eun0fgnc@gmail.com'),
  ('login3xy09rah5c','18377161','Генрих','Иванов','Афанасьевич','+375004311187','3xy09rah5c@gmail.com'),
  ('loginp2cjjqzfjv','25707577','Артем','Иванов','Максимович','+375556486482','p2cjjqzfjv@gmail.com'),
  ('loginwdl5jy2vsj','12047158','Павел','Артемьев','Федорович','+375352437082','wdl5jy2vsj@gmail.com'),
  ('logintioqq0iyu8','74146532','Андрей','Богумильчик','Георгиевич','+375627812500','tioqq0iyu8@gmail.com'),
  ('loginfgjepeah3i','42452675','Иван','Иванов','Георгиевич','+375452111775','fgjepeah3i@gmail.com'),
  ('login9mkfafj6d1','21071045','Александр','Слука','Андреевич','+375870614002','9mkfafj6d1@gmail.com'),
  ('loginz1gwzxt41d','61021228','Игорь','Козик','Юрьевич','+375275180056','z1gwzxt41d@gmail.com'),
  ('login77h1udwyeu','52002654','Игорь','Гапеенко','Федорович','+375460070354','77h1udwyeu@gmail.com'),
  ('logink6yn2qtlvo','47876734','Игорь','Борискин','Павлович','+375462647272','k6yn2qtlvo@gmail.com'),
  ('loginr6vs0dzzg6','11583318','Генрих','Зверуго','Александрович','+375328837661','r6vs0dzzg6@gmail.com'),
  ('loginl7ekvt7e0x','14246015','Дмитрий','Ковалев','Александрович','+375421446406','l7ekvt7e0x@gmail.com'),
  ('loging6hnh0uovw','23216748','Генрих','Синельников','Юрьевич','+375310846545','g6hnh0uovw@gmail.com'),
  ('loginfzv3unesdw','15550762','Иван','Борискин','Алексеевич','+375785151185','fzv3unesdw@gmail.com'),
  ('login2amb16mkze','60645567','Евгений','Иванов','Афанасьевич','+375574147860','2amb16mkze@gmail.com'),
  ('loginml3q0xaqtd','43358433','Игорь','Слука','Дмитриевич','+375377045220','ml3q0xaqtd@gmail.com'),
  ('loginzoj28xc0nc','28541662','Максим','Слука','Евгеньевич','+375257578431','zoj28xc0nc@gmail.com'),
  ('loginj34kp7130l','17782036','Иван','Козик','Федорович','+375878661812','j34kp7130l@gmail.com'),
  ('login9mbmif84bs','71347816','Иван','Савченко','Георгиевич','+375325584302','9mbmif84bs@gmail.com'),
  ('login5ltcrvtz7f','73011561','Андрей','Давыденко','Афанасьевич','+375877116710','5ltcrvtz7f@gmail.com'),
  ('logingxrmzeyeur','54437438','Иван','Богумильчик','Федорович','+375374654320','gxrmzeyeur@gmail.com'),
  ('logini80a1iq63t','21401176','Павел','Савченко','Павлович','+375324448487','i80a1iq63t@gmail.com'),
  ('loginshqvfnsr7o','82247362','Павел','Рябцев','Федорович','+375520088240','shqvfnsr7o@gmail.com'),
  ('login81v85ei4tw','60242744','Георгий','Зверуго','Юрьевич','+375367150470','81v85ei4tw@gmail.com'),
  ('loginnlyk5wshqo','56675228','Алексей','Козик','Алексеевич','+375252735022','nlyk5wshqo@gmail.com'),
  ('logineld4r1yewi','54276761','Игорь','Рябцев','Дмитриевич','+375812780278','eld4r1yewi@gmail.com'),
  ('loginbaic48p0lk','24016827','Иван','Рябцев','Афанасьевич','+375042327835','baic48p0lk@gmail.com'),
  ('loginweano9qtl5','17607614','Алексей','Козик','Алексеевич','+375382010568','weano9qtl5@gmail.com'),
  ('login7nkvqu4vie','34541711','Юрий','Савченко','Георгиевич','+375522851642','7nkvqu4vie@gmail.com'),
  ('loginoid7domy3v','50685812','Александр','Рябцев','Александрович','+375340784035','oid7domy3v@gmail.com'),
  ('login24cfgk9ezi','10315403','Иван','Козик','Дмитриевич','+375162547858','24cfgk9ezi@gmail.com'),
  ('logingrr0xnwxgk','58688235','Иван','Давыденко','Максимович','+375048206048','grr0xnwxgk@gmail.com'),
  ('loginki9dg83rbc','18168502','Игорь','Богумильчик','Федорович','+375051583254','ki9dg83rbc@gmail.com'),
  ('login4buq7pj1ab','44855170','Георгий','Сергеев','Юрьевич','+375852585726','4buq7pj1ab@gmail.com'),
  ('loginnepmc7rmzc','78653044','Федор','Богумильчик','Юрьевич','+375228407150','nepmc7rmzc@gmail.com'),
  ('loginhmgfveg1jr','68176316','Артем','Давыденко','Георгиевич','+375715140837','hmgfveg1jr@gmail.com'),
  ('loginxluj7xr2ki','33555211','Игорь','Гапеенко','Павлович','+375530602250','xluj7xr2ki@gmail.com'),
  ('loginnawzmguisf','61562700','Алексей','Сергеев','Афанасьевич','+375856365643','nawzmguisf@gmail.com'),
  ('login6t9nj1rgq8','71408474','Алексей','Рябцев','Георгиевич','+375301174861','6t9nj1rgq8@gmail.com'),
  ('logintywox9yl97','13700310','Александр','Иванов','Михайлович','+375712024738','tywox9yl97@gmail.com'),
  ('logingo6dqmbd16','86844426','Иван','Борискин','Андреевич','+375757543026','go6dqmbd16@gmail.com'),
  ('loginncepr08gs2','35311171','Генрих','Иванов','Алексеевич','+375200486024','ncepr08gs2@gmail.com'),
  ('loginky2728ztz4','86213244','Иван','Борискин','Георгиевич','+375624616258','ky2728ztz4@gmail.com'),
  ('loginr7oow13gfk','16718187','Алексей','Козик','Андреевич','+375202384242','r7oow13gfk@gmail.com'),
  ('loginam3kcdzm6d','30135731','Александр','Синельников','Иванович','+375882574832','am3kcdzm6d@gmail.com');

INSERT INTO manufacturer (phone_number, country_code, email) VALUES
  ('(017) 263-67-70', 'by', 'www.academpharm.by, www.academpharm.by'),
  ('+ 375 212 60 15 69, + 375 212 60 15 69', 'by', ''),
  ('', 'by', 'http://amantismed.by, http://amantismed.by'),
  ('(017)204-87-13', 'by', 'www.ameliyabel.belorussia.su'),
  ('+375 (177) 76-83-96', 'by', 'www.amateg.by'),
  ('+375 (163) 47 63 11', 'by', ''),
  ('+375 17 500-33-06, (017) 500 33 11', 'by', ''),
  ('', 'by', 'http://www.belvitunifarm.by'),
  ('(+375 17)220-37-16, (+375 17)228-10-12', 'by', ''),
  ('', 'by', 'http://www.belalek.by, http://www.belalek.by'),
  ('(017) 385-62-10', 'by', ''),
  ('+375 (17) 313-05-88, +375 (29) 640-82-61', 'by', ''),
  ('', 'by', 'http://www.bioterra.by, http://www.bioterra.by'),
  ('+375 015 241 22 22', 'by', ''),
  ('+375(177) 732261', 'by', ''),
  ('', 'by', 'mailto:vasko-m@tut.by'),
  ('+375-44-784-51-84', 'by', 'http://www.eskalube.by'),
  ('+375 (17) 313-99-35', 'by', 'http://www.deal.by/cs/62934'),
  ('+ 375212-23-12-15, +375212-23-17-18', 'by', ''),
  ('(017) 222-97-73', 'by', 'http://диалек.бел'),
  ('(017) 237-25-30 (', 'by', 'http://www.inkraslav.all.biz'),
  ('+(375 17) 284-16-32', 'by', 'http://www.ifoch.by'),
  ('+375 (17) 267-87-61', 'by', 'http://www.iboch.bas-net.by'),
  ('', 'by', 'http://www.oookalina.by, http://www.oookalina.by'),
  ('', 'by', 'http://www.lekpharm.com'),
  ('+375 222 22 63 38, +375 222 22 21 67', 'by', ''),
  ('+375 17 544 27 76', 'by', ''),
  ('+375 17 212 77 06', 'by', ''),
  ('+375 (152) 43-02-68, +375 (152) 48-27-52', 'by', ''),
  ('(01770)6-19-39', 'by', ''),
  ('+(375 232) 45-91-34, +(375 232) 45-92-71', 'by', ''),
  ('(017) 344-56-23', 'by', ''),
  ('+375 17 287 94 58', 'by', 'http://www.oaotermoplast.by'),
  ('', 'by', 'http://www.nativita.com'),
  ('+375 1770 62001, +375 1770 62081', 'by', ''),
  ('', 'by', 'http://www.nikapharm.by'),
  ('+375 (17) 385-11-47', 'by', ''),
  ('', 'by', 'http://www.iskoz.com'),
  ('(01714) 227-83 , (8033)3508162', 'by', ''),
  ('+375 29 684 14 25', 'by', ''),
  ('+375(212) 34-27-77, +375(212) 34-06-29, +375(212) 34-77-91', 'by', ''),
  ('(+375 0212) 24-32-33', 'by', 'http://www.simung.by'),
  ('(017) 237-35-57 295-10-01', 'by', ''),
  ('+375 (1514) 36 447 , +375 (1514) 36 447', 'by', ''),
  ('+375 1774 43181 ', 'by', 'http://www.triplepharm'),
  ('(017) 392-62-04(05, (017) 202-29-87', 'by', ''),
  ('(+375 17) 212-09-26', 'by', ''),
  ('+375 17 211-30-64 ', 'by', ''),
  ('(017) 344-18-51 345-81-98', 'by', ''),
  ('(017) 216-13-16, (017) 216-13-18, (017) 216-13-19', 'by', ''),
  ('(017) 212-90-30', 'by', ''),
  ('+375 (17) 213-13-38', 'by', ''),
  ('(0232) 42-86-98', 'by', ''),
  ('', 'by', ''),
  ('', 'by', 'http://www.frebor.by'),
  ('', 'by', 'http://www.himmedsintez.ru'),
  ('(017) 5055072', 'by', 'http://www.cefi.by'),
  ('+3751644 3-07-37', 'by', ''),
  ('', 'de', ''),
  ('', 'de', ''),
  ('', 'de', ''),
  ('', 'pl', ''),
  ('', 'ua', ''),
  ('', 'nl', ''),
  ('', 'ua', ''),
  ('', 'ru', ''),
  ('', 'ru', ''),
  ('', 'md', ''),
  ('', 'ua', ''),
  ('', 'by', ''),
  ('', 'ru', ''),
  ('', 'jp', ''),
  ('', 'ru', ''),
  ('', 'us', ''),
  ('', 'bg', ''),
  ('', 'cz', ''),
  ('', 'us', ''),
  ('', 'ru', ''),
  ('', 'gb', ''),
  ('', 'de', ''),
  ('', 'si', ''),
  ('', 'ch', ''),
  ('', 'ru', ''),
  ('', 'in', ''),
  ('', 'at', ''),
  ('', 'is', ''),
  ('', 'rs', ''),
  ('', 'ch', ''),
  ('', 'de', ''),
  ('', 'ps', ''),
  ('', 'cy', ''),
  ('', 'at', ''),
  ('', 'ua', ''),
  ('', 'ru', ''),
  ('', 'gb', ''),
  ('', 'pl', ''),
  ('', 'by', ''),
  ('', 'us', ''),
  ('', 'nl', ''),
  ('', 'pl', ''),
  ('', 'gb', ''),
  ('', 'tr', ''),
  ('', 'in', ''),
  ('', 'in', ''),
  ('', 'in', ''),
  ('', 'us', ''),
  ('', 'it', ''),
  ('', 'fr', ''),
  ('', 'hr', ''),
  ('', 'ca', ''),
  ('', 'ir', ''),
  ('', 'md', '');


INSERT INTO manufacturer_translate (language_name, manufacturer_id, name, address) VALUES
  ('russian', 1, '«Академфарм» ГП', 'г. Минск, ул. Академика В. Ф. Купревича, д. 5, корп. 3'),
  ('russian', 2, '«АконитФарма» СООО', 'г.Витебск, пр-т Фрунзе, 26/3'),
  ('russian', 3, '«АмантисМед» ООО', 'Минская область, Логойский район'),
  ('russian', 4, '«АмелияБел» ООО', 'г. Минск, ул. Татарская, 1-208'),
  ('russian', 5, '«Аматег», ОДО', 'пр-к Революции д.16, оф. 25'),
  ('russian', 6, 'Барановичское производственное хлопчатобумажное объединение, ОАО', 'Брестская область, Барановичи,225410, ул. Фабричная, 7'),
  ('russian', 7, '«БелАсептика», ЗАО', '223043, Минский район, д. Цнянка'),
  ('russian', 8, '«БелВитунифарм», ОАО', 'пр-кт Фрунзе 77'),
  ('russian', 9, '«Белмедпрепараты», РУП', 'г. Минск, ул. Фабрициуса, 30'),
  ('russian', 10, '«БЕЛАЛЕК» ООО', 'Республика Беларусь, г. Жодино, ул. Советская'),
  ('russian', 11, '«Белпа-мед», ООО', 'пр-т Независимости, д.85/Б'),
  ('russian', 12, '"Бимед" ООО', 'Республика Беларусь. г.Минск, ул.П.Панченко'),
  ('russian', 13, '«Биотерра», ООО', 'РБ, Минская обл., Борисовский р-он, д. Углы, ул. Московское шоссе, д. 2'),
  ('russian', 14, '«Биотест», НПК', 'ул. Врублевского, 45 , РБ'),
  ('russian', 15, '«Борисовский завод медицинских препаратов», ОАО', 'Республика Беларусь, Минская область,г.Борисов, ул.Чапаева 64/27'),
  ('russian', 16, '«Васко», ООО', 'ул.Мира, 11а, 222310'),
  ('russian', 17, '"Вясковая крама" ЧПТУП', 'г. Минск, ул. Беломорская, д. 23, к. 99'),
  ('russian', 18, '«Галасар», ИООО', 'ул. Шаранговича, 67, офис 303, 220019, Беларусь'),
  ('russian', 19, '«Галтеяфарм», ЧТУП', 'ул. Журжевская, 11'),
  ('russian', 20, '«Диалек», УП', 'пер. С. Ковалевской, 52а, 220014, г. Минск'),
  ('russian', 21, '«Инкраслав», ИП', 'Республика Беларусь, г. Минск, ул.Волгоградская,76а'),
  ('russian', 22, '«Институт физико-органической химии НАН Беларуси»,ГНУ', 'г. Минск'),
  ('russian', 23, '«Институт биоорганической химии НАН Беларуси», ГНУ', 'ул. Академика В.Ф.Купревича, д.5, корп.2,220141'),
  ('russian', 24, '«Калина», ООО', 'Оршанский р-н, н.п. Пищалово'),
  ('russian', 25, '«Лекфарм», СООО', '223110, Минская обл., г. Логойск, ул. Минская'),
  ('russian', 26, '"Лента" ОАО', 'Республика Беларусь, г.Могилев, ул.Челюскинцев, 65'),
  ('russian', 27, '"Литопласт -Мед" ПК ООО', 'Минская область, Минский р-н, г. Заславль, ул. Путейко'),
  ('russian', 28, '«Малкут», НП ЗАО', 'г. Минск, пер.4-ый Брестский, 22/1'),
  ('russian', 29, '"Медватфарм" СООО', 'ул. Горького, 91, 230005'),
  ('russian', 30, '«Мед-интерпласт», ИЧПУП', 'Несвиж, Ленинская 115 каб 204.Факс'),
  ('russian', 31, '«Медпласт», ОАО', '246051, г. Гомель, ул. Объездная, 12'),
  ('russian', 32, '«Минскинтеркапс», ПРУП', 'Республика Беларусь, г. Минск, ул. Инженерная, д. 26, а/я 112'),
  ('russian', 33, '«Минский завод «Термопласт», ОАО', 'г. Минск, ул. Кнорина'),
  ('russian', 34, '"Нативита" СООО', 'г. Минск, ул. Ольшевского дом 20/11, оф. 510'),
  ('russian', 35, '«Несвижский завод медицинских препаратов», РУП', ', 222603, Минская область, Несвижский районг. пос. Альба, ул. Заводская, 1'),
  ('russian', 36, '«Ника Фармацевтика», ООО', 'Несвижский район, п. Альба, ул. Заводская, 1'),
  ('russian', 37, '«Падис’С», ООО', 'г.Минск, ул. Корвата, 449/1'),
  ('russian', 38, '«Пинский завод искусственных кож», ОАО', 'г. Пинск, ул. Брестская'),
  ('russian', 39, '«Реб-Фарма» ИПТУП', 'Червенский р-н г.п. Смиловичи ул. Садовая'),
  ('russian', 40, '«Радмедтех», ЧУП', 'Республика Беларусь, г. Минск, ул. акад. А. К. Красина, 99, ЛТК-303а, Минск, Беларусь, 291 30 00'),
  ('russian', 41, '«РУБИКОН», ООО', 'г. Витебск, ул. М.Горького, 62б'),
  ('russian', 42, '«Симург Медицинское предприятие» ЗАО', 'пр-т Людникова, 13, 210023, Беларусь'),
  ('russian', 43, '"Сиринга" НПУП', 'г. Минск,пр-т Партизанский, 91-3-'),
  ('russian', 44, '"Совхоз "Большое Можейково" КСУП', 'Республика Беларусь, Гродненская область, Щучинский район,д. Большое Можейково, ул. Ленина, 1'),
  ('russian', 45, '«ТрайплФарм», СООО', 'Республика Беларусь, г. Логойск, ул. Минская, д.2'),
  ('russian', 46, '«Униксфарм», УП', 'Беларусь, Минск, ул. Корженевского'),
  ('russian', 47, '"Унитехпром БГУ", УП', 'г. Минск, ул. Курчатова, 1, оф.10'),
  ('russian', 48, '«Фарма-Маркет», ООО', 'ул. Петруся Бровки ,12, Беларусь'),
  ('russian', 49, '«Фарматех», ЗАО', 'г. Минск, ул. Инженерная, 12-409'),
  ('russian', 50, '«Фармлэнд», СП ООО', 'ул. Восточная, 129'),
  ('russian', 51, '«Фармтехнология», ООО', 'г. Минск, ул. Корженевского, 22'),
  ('russian', 52, '"Ферейн" СОАО', 'Софьи Ковалевской пер., 52/А-28'),
  ('russian', 53, 'Филиал Белорусского протезно-ортопедического восстановительного центра', 'ул. Владимирова, 8а, 246034'),
  ('russian', 54, '"Фортива Мед" ООО', 'Мачулищи, Минский р-н, Минская область, ул.Аэродромная'),
  ('russian', 55, '«Фрезениус-Борисов-Диализотехник» СП ООО', 'Республика Беларусь, Минская обл.,г. Борисов, ул. Чапаева 64/27'),
  ('russian', 56, '«ХИММЕДСИНТЕЗ» НПЦ ООО', 'Минск'),
  ('russian', 57, '«Чефи», ООО', 'Минская область, д. Боровляны, ул. 40 лет Победы, 28, АТП'),
  ('russian', 58, '«Экзон», РУП', 'Республика Беларусь, Брестская обл., г.Дрогичин ул.Ленина 202'),
  ('russian', 59, 'Вёрваг Фарма', ''),
  ('russian', 60, 'Натурварен', ''),
  ('russian', 61, 'Мерц', ''),
  ('russian', 62, 'Медана Фарма', ''),
  ('russian', 63, 'Технолог', ''),
  ('russian', 64, 'Натур Продукт', ''),
  ('russian', 65, 'Киевский Витаминный Завод', ''),
  ('russian', 66, 'Алтайвитамины', ''),
  ('russian', 67, 'Марбиофарм', ''),
  ('russian', 68, 'Депофарм', ''),
  ('russian', 69, 'Здоровье', ''),
  ('russian', 70, 'БЗМП', ''),
  ('russian', 71, 'Аскопром', ''),
  ('russian', 72, 'Такеда', ''),
  ('russian', 73, 'Брынцалов-А', ''),
  ('russian', 74, 'Сагмел', ''),
  ('russian', 75, 'Софарма', ''),
  ('russian', 76, 'Зентива', ''),
  ('russian', 77, 'Юнифарм', ''),
  ('russian', 78, 'Щелковский витаминный завод', ''),
  ('russian', 79, 'Ламира', ''),
  ('russian', 80, 'Квайссер Фарма', ''),
  ('russian', 81, 'Крка', ''),
  ('russian', 82, 'Уорлд Медисин', ''),
  ('russian', 83, 'Отисифарм', ''),
  ('russian', 84, 'Англо-Френч Драгс Энд Индастриз', ''),
  ('russian', 85, 'Ланнахер Хайльмиттель', ''),
  ('russian', 86, 'Актавис', ''),
  ('russian', 87, 'Галеника', ''),
  ('russian', 88, 'Ф.Хоффманн-Ля Рош', ''),
  ('russian', 89, 'Байер Консьюмер Кэр', ''),
  ('russian', 89, 'Фармакар', ''),
  ('russian', 90, 'Медокеми', ''),
  ('russian', 91, 'Сандоз', ''),
  ('russian', 92, 'Киевмедпрепарат', ''),
  ('russian', 93, 'Фарм-Центр/Синтез', ''),
  ('russian', 94, 'ГСК Фармасьютикалз', ''),
  ('russian', 95, 'Польфарма фармзавод', ''),
  ('russian', 96, 'Трайплфарм', ''),
  ('russian', 97, 'Пфайзер', ''),
  ('russian', 98, 'Астеллас Фарма', ''),
  ('russian', 99, 'Польфа; Тархоминский фармзавод', ''),
  ('russian', 100, 'Ротафарм', ''),
  ('russian', 101, 'Нобель Илач', ''),
  ('russian', 102, 'Люпин Лабораториз', ''),
  ('russian', 103, 'Ипка Лабораториз', ''),
  ('russian', 104, 'Синмедик', ''),
  ('russian', 105, 'Эбботт', ''),
  ('russian', 106, 'Замбон Груп', ''),
  ('russian', 107, 'Санофи', ''),
  ('russian', 108, 'Плива', ''),
  ('russian', 109, 'Вайет Ледерле', ''),
  ('russian', 110, 'Фараби', ''),
  ('russian', 111, 'Фармако', '');








INSERT INTO drug (manufacturer_id, dosage, amount, number, price, need_prescription) VALUES
  (59, 31, 77, 682, 28.56, 1),
  (60, 6, 19, 277, 4.81, 0),
  (61, 48, 60, 832, 36.69, 1),
  (31, 25, 33, 453, 0.84, 0),
  (8, 25, 44, 112, 1.95, 0),
  (62, 32, 68, 875, 7.72, 1),
  (61, 36, 15, 519, 5.90, 0),
  (63, 8, 43, 992, 0.50, 1),
  (31, 41, 17, 451, 0.56, 1),
  (8, 17, 71, 62, 0.65, 1),
  (31, 36, 53, 756, 1.00, 1),
  (31, 37, 97, 684, 0.50, 1),
  (31, 11, 19, 990, 0.50, 0),
  (31, 1, 64, 9, 1.63, 1),
  (31, 8, 37, 963, 0.86, 0),
  (64, 44, 36, 318, 3.13, 1),
  (65, 42, 6, 11, 0.88, 0),
  (66, 11, 20, 295, 0.84, 1),
  (67, 40, 72, 206, 0.90, 1),
  (68, 36, 76, 40, 0.99, 1),
  (8, 43, 50, 534, 0.69, 1),
  (69, 14, 7, 201, 0.52, 1),
  (57, 46, 26, 704, 0.50, 0),
  (70, 34, 30, 771, 3.38, 1),
  (71, 32, 8, 369, 0.20, 1),
  (8, 27, 30, 354, 0.23, 1),
  (57, 24, 96, 826, 0.26, 1),
  (57, 36, 50, 851, 0.35, 1),
  (64, 39, 40, 629, 0.26, 0),
  (70, 27, 34, 773, 0.22, 1),
  (69, 30, 67, 87, 6.90, 1),
  (72, 5, 24, 689, 4.66, 1),
  (73, 7, 99, 886, 5.10, 0),
  (31, 48, 82, 220, 0.50, 0),
  (54, 36, 83, 187, 150.89, 1),
  (74, 1, 14, 522, 9.44, 0),
  (75, 49, 5, 927, 4.95, 1),
  (64, 4, 64, 930, 2.95, 0),
  (76, 33, 52, 214, 6.55, 1),
  (77, 28, 39, 998, 12.10, 0),
  (76, 13, 87, 665, 18.94, 0),
  (76, 27, 24, 9, 21.67, 0),
  (76, 26, 88, 93, 50.65, 0),
  (76, 24, 36, 320, 16.70, 0),
  (76, 8, 81, 462, 45.11, 0),
  (76, 29, 14, 532, 14.10, 0),
  (76, 49, 70, 545, 11.66, 0),
  (76, 39, 10, 524, 22.22, 0),
  (76, 34, 24, 747, 42.59, 1),
  (76, 39, 15, 213, 16.00, 1),
  (76, 3, 67, 237, 15.00, 1),
  (76, 35, 93, 803, 8.36, 0),
  (76, 12, 80, 905, 11.97, 0),
  (65, 10, 36, 967, 0.90, 0),
  (66, 22, 23, 291, 0.72, 1),
  (78, 37, 94, 104, 2.41, 1),
  (66, 3, 54, 858, 1.95, 1),
  (63, 18, 0, 596, 6.05, 1),
  (79, 36, 28, 494, 22.86, 0),
  (64, 2, 61, 990, 4.34, 1),
  (59, 25, 86, 777, 5.10, 0),
  (80, 31, 73, 630, 18.39, 1),
  (81, 31, 29, 304, 7.64, 1),
  (31, 45, 75, 815, 5.27, 0),
  (82, 5, 81, 41, 14.04, 0),
  (64, 35, 10, 369, 4.26, 0),
  (83, 43, 11, 500, 7.11, 1),
  (82, 46, 43, 877, 6.73, 1),
  (82, 44, 7, 132, 5.10, 0),
  (80, 21, 85, 151, 4.99, 1),
  (84, 36, 26, 805, 18.43, 0),
  (58, 36, 88, 395, 19.00, 1),
  (76, 14, 33, 997, 9.79, 0),
  (63, 0, 34, 970, 4.69, 1),
  (63, 18, 68, 460, 5.00, 1),
  (63, 0, 28, 107, 2.73, 1),
  (63, 45, 7, 550, 3.10, 0),
  (63, 18, 25, 165, 3.88, 1),
  (24, 1, 80, 309, 6.32, 0),
  (29, 32, 77, 449, 3.42, 0),
  (29, 16, 98, 321, 6.30, 1),
  (85, 38, 23, 298, 10.34, 1),
  (86, 5, 15, 714, 27.50, 0),
  (87, 38, 71, 870, 7.53, 1),
  (64, 48, 2, 529, 12.90, 0),
  (80, 32, 45, 595, 8.00, 1),
  (80, 0, 9, 933, 2.88, 1),
  (80, 14, 75, 372, 3.66, 0),
  (80, 5, 8, 682, 1.00, 0),
  (69, 26, 34, 132, 0.96, 0),
  (64, 0, 48, 168, 0.99, 1),
  (67, 47, 29, 8, 1.38, 1),
  (65, 1, 80, 804, 0.12, 0),
  (66, 18, 64, 839, 0.71, 0),
  (8, 9, 75, 600, 4.60, 1),
  (8, 19, 78, 874, 0.10, 1),
  (62, 25, 39, 10, 1.21, 0),
  (57, 38, 66, 494, 1.77, 0),
  (88, 8, 71, 269, 28.17, 1),
  (31, 18, 21, 710, 3.00, 0),
  (60, 36, 46, 856, 24.08, 0),
  (64, 21, 90, 987, 5.71, 0),
  (89, 48, 68, 90, 9.87, 1),
  (88, 25, 89, 222, 17.53, 1),
  (69, 37, 52, 112, 1.52, 0),
  (88, 20, 76, 586, 13.00, 1),
  (80, 22, 44, 882, 7.13, 0),
  (64, 22, 12, 412, 1.66, 1),
  (65, 2, 70, 307, 1.41, 1),
  (66, 21, 72, 660, 1.31, 1),
  (88, 37, 58, 120, 8.16, 0),
  (62, 31, 41, 212, 3.02, 1),
  (64, 25, 69, 270, 5.45, 1),
  (89, 28, 75, 741, 21.44, 1),
  (89, 14, 83, 189, 10.00, 1),
  (69, 20, 98, 166, 1.73, 1),
  (49, 8, 81, 449, 0.50, 0),
  (8, 43, 26, 46, 1.22, 1),
  (90, 43, 23, 429, 32.35, 1),
  (72, 44, 53, 551, 3.26, 0),
  (8, 36, 83, 288, 1.97, 1),
  (49, 14, 24, 427, 9.36, 1),
  (49, 43, 88, 265, 7.86, 1),
  (89, 2, 18, 688, 4.61, 0),
  (89, 44, 63, 349, 11.00, 1),
  (91, 48, 27, 622, 9.45, 1),
  (91, 39, 9, 197, 13.30, 0),
  (91, 34, 25, 924, 11.13, 1),
  (92, 44, 38, 994, 2.66, 0),
  (49, 9, 63, 424, 9.38, 1),
  (8, 26, 79, 187, 2.19, 1),
  (50, 45, 92, 222, 5.50, 0),
  (50, 30, 77, 867, 2.08, 1),
  (50, 41, 36, 301, 4.72, 0),
  (93, 10, 67, 653, 0.77, 0),
  (92, 4, 43, 752, 64.00, 1),
  (92, 19, 67, 881, 2.00, 0),
  (92, 48, 7, 120, 27.60, 0),
  (8, 24, 92, 718, 0.88, 0),
  (69, 31, 5, 972, 1.44, 1),
  (94, 20, 97, 72, 10.82, 0),
  (94, 49, 44, 810, 13.45, 1),
  (93, 13, 4, 585, 11.60, 1),
  (93, 47, 72, 813, 9.75, 0),
  (95, 6, 28, 801, 10.07, 1),
  (95, 16, 64, 47, 4.55, 0),
  (95, 47, 0, 167, 1.98, 1),
  (93, 3, 85, 350, 0.37, 0),
  (93, 48, 40, 623, 5.29, 1),
  (8, 6, 40, 480, 5.52, 0),
  (96, 43, 34, 932, 26.60, 1),
  (97, 33, 99, 568, 9.94, 0),
  (98, 1, 11, 612, 19.70, 1),
  (98, 18, 51, 113, 24.45, 1),
  (69, 15, 37, 49, 0.50, 1),
  (8, 46, 67, 255, 0.50, 0),
  (97, 19, 79, 668, 11.76, 1),
  (99, 44, 51, 731, 1.75, 1),
  (8, 35, 76, 170, 0.90, 0),
  (69, 11, 69, 861, 1.17, 1),
  (81, 8, 98, 552, 15.00, 1),
  (96, 18, 28, 313, 86.47, 1),
  (89, 44, 92, 288, 18.05, 1),
  (94, 20, 55, 413, 8.55, 1),
  (100, 0, 12, 892, 9.54, 0),
  (101, 10, 66, 110, 25.77, 1),
  (102, 0, 14, 591, 16.00, 0),
  (96, 42, 81, 984, 50.40, 1),
  (93, 33, 26, 945, 19.20, 1),
  (103, 10, 38, 845, 13.96, 0),
  (96, 47, 70, 337, 67.66, 1),
  (89, 28, 82, 34, 16.30, 1),
  (8, 7, 29, 186, 3.00, 0),
  (104, 32, 16, 183, 4.29, 1),
  (49, 33, 44, 728, 4.70, 1),
  (69, 23, 1, 109, 3.45, 0),
  (8, 3, 16, 818, 13.16, 1),
  (49, 10, 70, 583, 10.00, 1),
  (50, 36, 13, 999, 0.50, 1),
  (105, 23, 48, 3, 39.92, 0),
  (105, 36, 56, 363, 16.19, 1),
  (90, 4, 42, 624, 5.28, 1),
  (69, 40, 42, 209, 2.96, 1),
  (96, 10, 1, 560, 141.75, 1),
  (8, 30, 2, 695, 1.30, 1),
  (93, 26, 15, 429, 1.79, 1),
  (91, 7, 30, 543, 3.93, 1),
  (91, 42, 8, 220, 15.15, 1),
  (8, 41, 31, 954, 0.20, 1),
  (69, 26, 84, 55, 0.71, 1),
  (80, 9, 59, 517, 6.00, 0),
  (101, 30, 50, 916, 15.91, 0),
  (90, 0, 82, 221, 28.32, 0),
  (90, 40, 98, 369, 2.37, 1),
  (8, 29, 58, 388, 13.00, 0),
  (69, 17, 7, 282, 14.69, 0),
  (96, 12, 24, 588, 61.32, 1),
  (106, 17, 85, 190, 15.25, 0),
  (93, 43, 97, 128, 4.60, 0),
  (91, 42, 96, 495, 6.30, 1),
  (91, 0, 3, 143, 6.50, 0),
  (101, 34, 66, 240, 15.03, 0),
  (103, 2, 63, 730, 13.67, 0),
  (91, 17, 56, 263, 11.61, 0),
  (107, 42, 57, 211, 13.47, 1),
  (87, 30, 33, 378, 4.99, 0),
  (8, 40, 11, 606, 8.60, 0),
  (101, 32, 22, 715, 15.10, 1),
  (50, 26, 28, 834, 8.05, 1),
  (93, 21, 36, 22, 0.62, 1),
  (93, 30, 35, 334, 1.32, 1),
  (50, 31, 80, 431, 2.45, 0),
  (108, 45, 21, 542, 8.66, 1),
  (108, 32, 65, 47, 6.00, 0),
  (98, 23, 21, 373, 31.26, 0),
  (99, 13, 44, 550, 3.86, 0),
  (96, 32, 51, 465, 279.25, 1),
  (8, 19, 7, 423, 0.81, 1),
  (8, 8, 64, 260, 0.76, 0),
  (109, 17, 50, 880, 980.00, 1),
  (96, 25, 83, 6, 5.70, 1),
  (110, 47, 97, 649, 5.71, 0),
  (110, 22, 87, 134, 9.08, 1),
  (98, 6, 19, 802, 15.27, 1),
  (98, 48, 18, 184, 17.43, 0),
  (106, 34, 80, 55, 21.21, 0),
  (24, 18, 16, 926, 14.60, 0),
  (80, 36, 63, 325, 11.54, 0),
  (80, 23, 45, 210, 10.76, 0),
  (80, 10, 28, 108, 3.55, 1),
  (93, 23, 22, 639, 0.78, 1),
  (8, 25, 59, 524, 0.01, 1),
  (69, 5, 55, 780, 3.05, 0),
  (111, 21, 86, 898, 0.84, 0),
  (8, 6, 85, 186, 0.10, 1),
  (49, 31, 47, 770, 0.10, 1),
  (81, 43, 90, 3, 4.09, 0),
  (8, 30, 31, 411, 1.77, 1),
  (69, 44, 12, 979, 19.54, 1),
  (96, 43, 39, 856, 9.30, 0),
  (89, 12, 69, 993, 6.59, 1),
  (69, 27, 42, 243, 10.19, 1),
  (93, 11, 97, 900, 0.68, 0),
  (96, 12, 32, 154, 19.46, 1),
  (92, 33, 33, 319, 10.62, 0),
  (69, 31, 85, 116, 1.11, 1),
  (8, 43, 34, 439, 0.20, 1),
  (69, 13, 32, 706, 13.94, 1),
  (69, 1, 76, 297, 6.46, 1),
  (93, 49, 95, 744, 0.89, 1),
  (8, 11, 43, 871, 0.56, 1),
  (96, 40, 49, 755, 7.70, 0),
  (104, 0, 60, 553, 8.19, 0),
  (69, 22, 70, 994, 5.00, 1),
  (8, 3, 32, 782, 11.57, 1),
  (99, 27, 73, 262, 4.74, 0),
  (93, 34, 31, 594, 4.04, 0),
  (69, 25, 86, 235, 5.15, 0),
  (98, 30, 6, 527, 10.34, 0);


INSERT INTO drug_translate (drug_id, lang_name, name, description, composition) VALUES
  (1, 'russian', 'Мильгамма моно 300', 'Описание препарата Мильгамма моно 300', 'Состав препарата Мильгамма моно 300'),
  (2, 'russian', 'Доктор тайсс геровитал', 'Описание препарата Доктор тайсс геровитал', 'Состав препарата Доктор тайсс геровитал'),
  (3, 'russian', 'Пантовигар', 'Описание препарата Пантовигар', 'Состав препарата Пантовигар'),
  (4, 'russian', 'Аевит', 'Описание препарата Аевит', 'Состав препарата Аевит'),
  (5, 'russian', 'Аевит', 'Описание препарата Аевит', 'Состав препарата Аевит'),
  (6, 'russian', 'Аквадетрим', 'Описание препарата Аквадетрим', 'Состав препарата Аквадетрим'),
  (7, 'russian', 'Аквадетрим плюс', 'Описание препарата Аквадетрим плюс', 'Состав препарата Аквадетрим плюс'),
  (8, 'russian', 'Альфа-токоферола ацетат (витамин е)', 'Описание препарата Альфа-токоферола ацетат (витамин е)', 'Состав препарата Альфа-токоферола ацетат (витамин е)'),
  (9, 'russian', 'Альфа-токоферола ацетат (витамин е) раствор в масле 50%', 'Описание препарата Альфа-токоферола ацетат (витамин е) раствор в масле 50%', 'Состав препарата Альфа-токоферола ацетат (витамин е) раствор в масле 50%'),
  (10, 'russian', 'Альфа-токоферола ацетат (витамин е) раствор в масле 50%', 'Описание препарата Альфа-токоферола ацетат (витамин е) раствор в масле 50%', 'Состав препарата Альфа-токоферола ацетат (витамин е) раствор в масле 50%'),
  (11, 'russian', 'Антиоксикапс', 'Описание препарата Антиоксикапс', 'Состав препарата Антиоксикапс'),
  (12, 'russian', 'Антиоксикапс с железом', 'Описание препарата Антиоксикапс с железом', 'Состав препарата Антиоксикапс с железом'),
  (13, 'russian', 'Антиоксикапс с йодом', 'Описание препарата Антиоксикапс с йодом', 'Состав препарата Антиоксикапс с йодом'),
  (14, 'russian', 'Антиоксикапс с селеном', 'Описание препарата Антиоксикапс с селеном', 'Состав препарата Антиоксикапс с селеном'),
  (15, 'russian', 'Антиоксикапс с цинком', 'Описание препарата Антиоксикапс с цинком', 'Состав препарата Антиоксикапс с цинком'),
  (16, 'russian', 'Асковит', 'Описание препарата Асковит', 'Состав препарата Асковит'),
  (17, 'russian', 'Аскорбиновая кислота', 'Описание препарата Аскорбиновая кислота', 'Состав препарата Аскорбиновая кислота'),
  (18, 'russian', 'Аскорбиновая кислота', 'Описание препарата Аскорбиновая кислота', 'Состав препарата Аскорбиновая кислота'),
  (19, 'russian', 'Аскорбиновая кислота', 'Описание препарата Аскорбиновая кислота', 'Состав препарата Аскорбиновая кислота'),
  (20, 'russian', 'Аскорбиновая кислота', 'Описание препарата Аскорбиновая кислота', 'Состав препарата Аскорбиновая кислота'),
  (21, 'russian', 'Аскорбиновая кислота', 'Описание препарата Аскорбиновая кислота', 'Состав препарата Аскорбиновая кислота'),
  (22, 'russian', 'Аскорбиновая кислота', 'Описание препарата Аскорбиновая кислота', 'Состав препарата Аскорбиновая кислота'),
  (23, 'russian', 'Аскорбиновая кислота', 'Описание препарата Аскорбиновая кислота', 'Состав препарата Аскорбиновая кислота'),
  (24, 'russian', 'Аскорбиновая кислота', 'Описание препарата Аскорбиновая кислота', 'Состав препарата Аскорбиновая кислота'),
  (25, 'russian', 'Аскорбиновая кислота с глюкозой', 'Описание препарата Аскорбиновая кислота с глюкозой', 'Состав препарата Аскорбиновая кислота с глюкозой'),
  (26, 'russian', 'Аскорбиновая кислота с глюкозой', 'Описание препарата Аскорбиновая кислота с глюкозой', 'Состав препарата Аскорбиновая кислота с глюкозой'),
  (27, 'russian', 'Аскорбиновая кислота с глюкозой', 'Описание препарата Аскорбиновая кислота с глюкозой', 'Состав препарата Аскорбиновая кислота с глюкозой'),
  (28, 'russian', 'Аскорбиновая кислота с сахаром', 'Описание препарата Аскорбиновая кислота с сахаром', 'Состав препарата Аскорбиновая кислота с сахаром'),
  (29, 'russian', 'Аскорбиновая кислота с сахаром', 'Описание препарата Аскорбиновая кислота с сахаром', 'Состав препарата Аскорбиновая кислота с сахаром'),
  (30, 'russian', 'Аскорбиновая кислота с сахаром', 'Описание препарата Аскорбиновая кислота с сахаром', 'Состав препарата Аскорбиновая кислота с сахаром'),
  (31, 'russian', 'Боривит', 'Описание препарата Боривит', 'Состав препарата Боривит'),
  (32, 'russian', 'Вигантол', 'Описание препарата Вигантол', 'Состав препарата Вигантол'),
  (33, 'russian', 'Витагамма', 'Описание препарата Витагамма', 'Состав препарата Витагамма'),
  (34, 'russian', 'Витадиабетокапс', 'Описание препарата Витадиабетокапс', 'Состав препарата Витадиабетокапс'),
  (35, 'russian', 'Виталипид н детский', 'Описание препарата Виталипид н детский', 'Состав препарата Виталипид н детский'),
  (36, 'russian', 'Виталити', 'Описание препарата Виталити', 'Состав препарата Виталити'),
  (37, 'russian', 'Витамин в комплекс', 'Описание препарата Витамин в комплекс', 'Состав препарата Витамин в комплекс'),
  (38, 'russian', 'Витамин е', 'Описание препарата Витамин е', 'Состав препарата Витамин е'),
  (39, 'russian', 'Витамин е зентива', 'Описание препарата Витамин е зентива', 'Состав препарата Витамин е зентива'),
  (40, 'russian', 'Витрум', 'Описание препарата Витрум', 'Состав препарата Витрум'),
  (41, 'russian', 'Витрум антиоксидант', 'Описание препарата Витрум антиоксидант', 'Состав препарата Витрум антиоксидант'),
  (42, 'russian', 'Витрум бьюти', 'Описание препарата Витрум бьюти', 'Состав препарата Витрум бьюти'),
  (43, 'russian', 'Витрум бьюти элит', 'Описание препарата Витрум бьюти элит', 'Состав препарата Витрум бьюти элит'),
  (44, 'russian', 'Витрум бэби', 'Описание препарата Витрум бэби', 'Состав препарата Витрум бэби'),
  (45, 'russian', 'Витрум вижн форте', 'Описание препарата Витрум вижн форте', 'Состав препарата Витрум вижн форте'),
  (46, 'russian', 'Витрум кидс', 'Описание препарата Витрум кидс', 'Состав препарата Витрум кидс'),
  (47, 'russian', 'Витрум остеомаг', 'Описание препарата Витрум остеомаг', 'Состав препарата Витрум остеомаг'),
  (48, 'russian', 'Витрум перфоменс', 'Описание препарата Витрум перфоменс', 'Состав препарата Витрум перфоменс'),
  (49, 'russian', 'Витрум пренатал', 'Описание препарата Витрум пренатал', 'Состав препарата Витрум пренатал'),
  (50, 'russian', 'Витрум пренатал форте', 'Описание препарата Витрум пренатал форте', 'Состав препарата Витрум пренатал форте'),
  (51, 'russian', 'Витрум суперстресс', 'Описание препарата Витрум суперстресс', 'Состав препарата Витрум суперстресс'),
  (52, 'russian', 'Витрум центури', 'Описание препарата Витрум центури', 'Состав препарата Витрум центури'),
  (53, 'russian', 'Витрум юниор', 'Описание препарата Витрум юниор', 'Состав препарата Витрум юниор'),
  (54, 'russian', 'Гексавит-ав', 'Описание препарата Гексавит-ав', 'Состав препарата Гексавит-ав'),
  (55, 'russian', 'Гексавит-мбф', 'Описание препарата Гексавит-мбф', 'Состав препарата Гексавит-мбф'),
  (56, 'russian', 'Гендевит', 'Описание препарата Гендевит', 'Состав препарата Гендевит'),
  (57, 'russian', 'Гендевит', 'Описание препарата Гендевит', 'Состав препарата Гендевит'),
  (58, 'russian', 'Геровит', 'Описание препарата Геровит', 'Состав препарата Геровит'),
  (59, 'russian', 'Девит 50000', 'Описание препарата Девит 50000', 'Состав препарата Девит 50000'),
  (60, 'russian', 'Декамевит', 'Описание препарата Декамевит', 'Состав препарата Декамевит'),
  (61, 'russian', 'Доктор тайсс мультивитамол', 'Описание препарата Доктор тайсс мультивитамол', 'Состав препарата Доктор тайсс мультивитамол'),
  (62, 'russian', 'Доппельгерц энерготоник', 'Описание препарата Доппельгерц энерготоник', 'Состав препарата Доппельгерц энерготоник'),
  (63, 'russian', 'Дуовит', 'Описание препарата Дуовит', 'Состав препарата Дуовит'),
  (64, 'russian', 'Дуокапс', 'Описание препарата Дуокапс', 'Состав препарата Дуокапс'),
  (65, 'russian', 'Кокарнит', 'Описание препарата Кокарнит', 'Состав препарата Кокарнит'),
  (66, 'russian', 'Комплекапс', 'Описание препарата Комплекапс', 'Состав препарата Комплекапс'),
  (67, 'russian', 'Компливит', 'Описание препарата Компливит', 'Состав препарата Компливит'),
  (68, 'russian', 'Компливит офтальмо', 'Описание препарата Компливит офтальмо', 'Состав препарата Компливит офтальмо'),
  (69, 'russian', 'Компливит-актив', 'Описание препарата Компливит-актив', 'Состав препарата Компливит-актив'),
  (70, 'russian', 'Макровит', 'Описание препарата Макровит', 'Состав препарата Макровит'),
  (71, 'russian', 'Максамин форте', 'Описание препарата Максамин форте', 'Состав препарата Максамин форте'),
  (72, 'russian', 'Мильгамма', 'Описание препарата Мильгамма', 'Состав препарата Мильгамма'),
  (73, 'russian', 'Мультимакс', 'Описание препарата Мультимакс', 'Состав препарата Мультимакс'),
  (74, 'russian', 'Мультипродукт для беременных', 'Описание препарата Мультипродукт для беременных', 'Состав препарата Мультипродукт для беременных'),
  (75, 'russian', 'Мультипродукт для детей', 'Описание препарата Мультипродукт для детей', 'Состав препарата Мультипродукт для детей'),
  (76, 'russian', 'Мультипродукт для женщин', 'Описание препарата Мультипродукт для женщин', 'Состав препарата Мультипродукт для женщин'),
  (77, 'russian', 'Мультипродукт для людей пожилого возраста', 'Описание препарата Мультипродукт для людей пожилого возраста', 'Состав препарата Мультипродукт для людей пожилого возраста'),
  (78, 'russian', 'Мультипродукт для мужчин', 'Описание препарата Мультипродукт для мужчин', 'Состав препарата Мультипродукт для мужчин'),
  (79, 'russian', 'Нейровит', 'Описание препарата Нейровит', 'Состав препарата Нейровит'),
  (80, 'russian', 'Нейромед', 'Описание препарата Нейромед', 'Состав препарата Нейромед'),
  (81, 'russian', 'Нейромед форте', 'Описание препарата Нейромед форте', 'Состав препарата Нейромед форте'),
  (82, 'russian', 'Нейромультивит', 'Описание препарата Нейромультивит', 'Состав препарата Нейромультивит'),
  (83, 'russian', 'Неуробекс нео', 'Описание препарата Неуробекс нео', 'Состав препарата Неуробекс нео'),
  (84, 'russian', 'Олиговит', 'Описание препарата Олиговит', 'Состав препарата Олиговит'),
  (85, 'russian', 'Оптикс', 'Описание препарата Оптикс', 'Состав препарата Оптикс'),
  (86, 'russian', 'Пиковит', 'Описание препарата Пиковит', 'Состав препарата Пиковит'),
  (87, 'russian', 'Пиковит д', 'Описание препарата Пиковит д', 'Состав препарата Пиковит д'),
  (88, 'russian', 'Пиковит кидс', 'Описание препарата Пиковит кидс', 'Состав препарата Пиковит кидс'),
  (89, 'russian', 'Пиковит форте', 'Описание препарата Пиковит форте', 'Состав препарата Пиковит форте'),
  (90, 'russian', 'Пиридоксина гидрохлорид', 'Описание препарата Пиридоксина гидрохлорид', 'Состав препарата Пиридоксина гидрохлорид'),
  (91, 'russian', 'Ревит', 'Описание препарата Ревит', 'Состав препарата Ревит'),
  (92, 'russian', 'Ревит', 'Описание препарата Ревит', 'Состав препарата Ревит'),
  (93, 'russian', 'Ревит', 'Описание препарата Ревит', 'Состав препарата Ревит'),
  (94, 'russian', 'Ревит-мбф', 'Описание препарата Ревит-мбф', 'Состав препарата Ревит-мбф'),
  (95, 'russian', 'Резистон', 'Описание препарата Резистон', 'Состав препарата Резистон'),
  (96, 'russian', 'Ретинола ацетат (витамин а)', 'Описание препарата Ретинола ацетат (витамин а)', 'Состав препарата Ретинола ацетат (витамин а)'),
  (97, 'russian', 'Ретинола ацетат (витамин а)', 'Описание препарата Ретинола ацетат (витамин а)', 'Состав препарата Ретинола ацетат (витамин а)'),
  (98, 'russian', 'Розавит', 'Описание препарата Розавит', 'Состав препарата Розавит'),
  (99, 'russian', 'Рокальтрол', 'Описание препарата Рокальтрол', 'Состав препарата Рокальтрол'),
  (100, 'russian', 'Рыбий жир витаминизированный', 'Описание препарата Рыбий жир витаминизированный', 'Состав препарата Рыбий жир витаминизированный'),
  (101, 'russian', 'Специальное драже мерц', 'Описание препарата Специальное драже мерц', 'Состав препарата Специальное драже мерц'),
  (102, 'russian', 'Супервит', 'Описание препарата Супервит', 'Состав препарата Супервит'),
  (103, 'russian', 'Супрадин', 'Описание препарата Супрадин', 'Состав препарата Супрадин'),
  (104, 'russian', 'Супрадин энерджи', 'Описание препарата Супрадин энерджи', 'Состав препарата Супрадин энерджи'),
  (105, 'russian', 'Тиамина хлорид', 'Описание препарата Тиамина хлорид', 'Состав препарата Тиамина хлорид'),
  (106, 'russian', 'Три-ви плюс', 'Описание препарата Три-ви плюс', 'Состав препарата Три-ви плюс'),
  (107, 'russian', 'Триовит', 'Описание препарата Триовит', 'Состав препарата Триовит'),
  (108, 'russian', 'Ундевит', 'Описание препарата Ундевит', 'Состав препарата Ундевит'),
  (109, 'russian', 'Ундевит-ав', 'Описание препарата Ундевит-ав', 'Состав препарата Ундевит-ав'),
  (110, 'russian', 'Ундевит-мбф', 'Описание препарата Ундевит-мбф', 'Состав препарата Ундевит-мбф'),
  (111, 'russian', 'Элевит пронаталь', 'Описание препарата Элевит пронаталь', 'Состав препарата Элевит пронаталь'),
  (112, 'russian', 'Эргокальциферол (витамин д2)', 'Описание препарата Эргокальциферол (витамин д2)', 'Состав препарата Эргокальциферол (витамин д2)'),
  (113, 'russian', 'Юнивит', 'Описание препарата Юнивит', 'Состав препарата Юнивит'),
  (114, 'russian', 'Адицеф', 'Описание препарата Адицеф', 'Состав препарата Адицеф'),
  (115, 'russian', 'Азикар', 'Описание препарата Азикар', 'Состав препарата Азикар'),
  (116, 'russian', 'Азитромицин', 'Описание препарата Азитромицин', 'Состав препарата Азитромицин'),
  (117, 'russian', 'Азитромицин', 'Описание препарата Азитромицин', 'Состав препарата Азитромицин'),
  (118, 'russian', 'Азитромицин-белмед', 'Описание препарата Азитромицин-белмед', 'Состав препарата Азитромицин-белмед'),
  (119, 'russian', 'Аксетин', 'Описание препарата Аксетин', 'Состав препарата Аксетин'),
  (120, 'russian', 'Амикацин', 'Описание препарата Амикацин', 'Состав препарата Амикацин'),
  (121, 'russian', 'Амклав', 'Описание препарата Амклав', 'Состав препарата Амклав'),
  (122, 'russian', 'Амоклав-1000', 'Описание препарата Амоклав-1000', 'Состав препарата Амоклав-1000'),
  (123, 'russian', 'Амоклав-625', 'Описание препарата Амоклав-625', 'Состав препарата Амоклав-625'),
  (124, 'russian', 'Амоксикар', 'Описание препарата Амоксикар', 'Состав препарата Амоксикар'),
  (125, 'russian', 'Амоксикар плюс', 'Описание препарата Амоксикар плюс', 'Состав препарата Амоксикар плюс'),
  (126, 'russian', 'Амоксиклав', 'Описание препарата Амоксиклав', 'Состав препарата Амоксиклав'),
  (127, 'russian', 'Амоксиклав 2х', 'Описание препарата Амоксиклав 2х', 'Состав препарата Амоксиклав 2х'),
  (128, 'russian', 'Амоксиклав квиктаб', 'Описание препарата Амоксиклав квиктаб', 'Состав препарата Амоксиклав квиктаб'),
  (129, 'russian', 'Амоксил', 'Описание препарата Амоксил', 'Состав препарата Амоксил'),
  (130, 'russian', 'Амоксициллин', 'Описание препарата Амоксициллин', 'Состав препарата Амоксициллин'),
  (131, 'russian', 'Амоксициллин', 'Описание препарата Амоксициллин', 'Состав препарата Амоксициллин'),
  (132, 'russian', 'Амоксициллин', 'Описание препарата Амоксициллин', 'Состав препарата Амоксициллин'),
  (133, 'russian', 'Амоксициллин-фарма', 'Описание препарата Амоксициллин-фарма', 'Состав препарата Амоксициллин-фарма'),
  (134, 'russian', 'Амоксициллин-фт', 'Описание препарата Амоксициллин-фт', 'Состав препарата Амоксициллин-фт'),
  (135, 'russian', 'Амосин', 'Описание препарата Амосин', 'Состав препарата Амосин'),
  (136, 'russian', 'Амписульбин', 'Описание препарата Амписульбин', 'Состав препарата Амписульбин'),
  (137, 'russian', 'Ампициллин', 'Описание препарата Ампициллин', 'Состав препарата Ампициллин'),
  (138, 'russian', 'Ампициллин-кмп', 'Описание препарата Ампициллин-кмп', 'Состав препарата Ампициллин-кмп'),
  (139, 'russian', 'Ампициллина тригидрат', 'Описание препарата Ампициллина тригидрат', 'Состав препарата Ампициллина тригидрат'),
  (140, 'russian', 'Ампициллина тригидрат', 'Описание препарата Ампициллина тригидрат', 'Состав препарата Ампициллина тригидрат'),
  (141, 'russian', 'Аугментин', 'Описание препарата Аугментин', 'Состав препарата Аугментин'),
  (142, 'russian', 'Аугментин ес', 'Описание препарата Аугментин ес', 'Состав препарата Аугментин ес'),
  (143, 'russian', 'Бензилпенициллина натриевая соль', 'Описание препарата Бензилпенициллина натриевая соль', 'Состав препарата Бензилпенициллина натриевая соль'),
  (144, 'russian', 'Бензилпенициллина новокаиновая соль', 'Описание препарата Бензилпенициллина новокаиновая соль', 'Состав препарата Бензилпенициллина новокаиновая соль'),
  (145, 'russian', 'Биорацеф', 'Описание препарата Биорацеф', 'Состав препарата Биорацеф'),
  (146, 'russian', 'Биотаксим', 'Описание препарата Биотаксим', 'Состав препарата Биотаксим'),
  (147, 'russian', 'Биотраксон', 'Описание препарата Биотраксон', 'Состав препарата Биотраксон'),
  (148, 'russian', 'Бициллин-3', 'Описание препарата Бициллин-3', 'Состав препарата Бициллин-3'),
  (149, 'russian', 'Бициллин-5', 'Описание препарата Бициллин-5', 'Состав препарата Бициллин-5'),
  (150, 'russian', 'Ванкомицин', 'Описание препарата Ванкомицин', 'Состав препарата Ванкомицин'),
  (151, 'russian', 'Ванкомицин-тф', 'Описание препарата Ванкомицин-тф', 'Состав препарата Ванкомицин-тф'),
  (152, 'russian', 'Вибрамицин', 'Описание препарата Вибрамицин', 'Состав препарата Вибрамицин'),
  (153, 'russian', 'Вильпрафен', 'Описание препарата Вильпрафен', 'Состав препарата Вильпрафен'),
  (154, 'russian', 'Вильпрафен солютаб', 'Описание препарата Вильпрафен солютаб', 'Состав препарата Вильпрафен солютаб'),
  (155, 'russian', 'Гентамицин', 'Описание препарата Гентамицин', 'Состав препарата Гентамицин'),
  (156, 'russian', 'Гентамицин', 'Описание препарата Гентамицин', 'Состав препарата Гентамицин'),
  (157, 'russian', 'Далацин ц', 'Описание препарата Далацин ц', 'Состав препарата Далацин ц'),
  (158, 'russian', 'Доксициклин', 'Описание препарата Доксициклин', 'Состав препарата Доксициклин'),
  (159, 'russian', 'Доксициклин', 'Описание препарата Доксициклин', 'Состав препарата Доксициклин'),
  (160, 'russian', 'Доксициклин', 'Описание препарата Доксициклин', 'Состав препарата Доксициклин'),
  (161, 'russian', 'Дорамицин', 'Описание препарата Дорамицин', 'Состав препарата Дорамицин'),
  (162, 'russian', 'Доренем', 'Описание препарата Доренем', 'Состав препарата Доренем'),
  (163, 'russian', 'Зинекс', 'Описание препарата Зинекс', 'Состав препарата Зинекс'),
  (164, 'russian', 'Зиннат', 'Описание препарата Зиннат', 'Состав препарата Зиннат'),
  (165, 'russian', 'Зиромин', 'Описание препарата Зиромин', 'Состав препарата Зиромин'),
  (166, 'russian', 'Зитмак', 'Описание препарата Зитмак', 'Состав препарата Зитмак'),
  (167, 'russian', 'Иксим люпин', 'Описание препарата Иксим люпин', 'Состав препарата Иксим люпин'),
  (168, 'russian', 'Имицинем-тф', 'Описание препарата Имицинем-тф', 'Состав препарата Имицинем-тф'),
  (169, 'russian', 'Канамицин', 'Описание препарата Канамицин', 'Состав препарата Канамицин'),
  (170, 'russian', 'Кларбакт', 'Описание препарата Кларбакт', 'Состав препарата Кларбакт'),
  (171, 'russian', 'Кларибакцин', 'Описание препарата Кларибакцин', 'Состав препарата Кларибакцин'),
  (172, 'russian', 'Кларикар', 'Описание препарата Кларикар', 'Состав препарата Кларикар'),
  (173, 'russian', 'Кларилид', 'Описание препарата Кларилид', 'Состав препарата Кларилид'),
  (174, 'russian', 'Кларимицин', 'Описание препарата Кларимицин', 'Состав препарата Кларимицин'),
  (175, 'russian', 'Кларитромицин', 'Описание препарата Кларитромицин', 'Состав препарата Кларитромицин'),
  (176, 'russian', 'Кларитромицин', 'Описание препарата Кларитромицин', 'Состав препарата Кларитромицин'),
  (177, 'russian', 'Кларитромицин', 'Описание препарата Кларитромицин', 'Состав препарата Кларитромицин'),
  (178, 'russian', 'Кларитромицин фармлэнд', 'Описание препарата Кларитромицин фармлэнд', 'Состав препарата Кларитромицин фармлэнд'),
  (179, 'russian', 'Кларитромицин-фт', 'Описание препарата Кларитромицин-фт', 'Состав препарата Кларитромицин-фт'),
  (180, 'russian', 'Клацид', 'Описание препарата Клацид', 'Состав препарата Клацид'),
  (181, 'russian', 'Клацид ср', 'Описание препарата Клацид ср', 'Состав препарата Клацид ср'),
  (182, 'russian', 'Клеримед', 'Описание препарата Клеримед', 'Состав препарата Клеримед'),
  (183, 'russian', 'Клиндацил', 'Описание препарата Клиндацил', 'Состав препарата Клиндацил'),
  (184, 'russian', 'Колистат', 'Описание препарата Колистат', 'Состав препарата Колистат'),
  (185, 'russian', 'Левомицетин', 'Описание препарата Левомицетин', 'Состав препарата Левомицетин'),
  (186, 'russian', 'Левомицетин', 'Описание препарата Левомицетин', 'Состав препарата Левомицетин'),
  (187, 'russian', 'Лекоклар', 'Описание препарата Лекоклар', 'Состав препарата Лекоклар'),
  (188, 'russian', 'Лекоклар хл', 'Описание препарата Лекоклар хл', 'Состав препарата Лекоклар хл'),
  (189, 'russian', 'Линкомицина гидрохлорид', 'Описание препарата Линкомицина гидрохлорид', 'Состав препарата Линкомицина гидрохлорид'),
  (190, 'russian', 'Линкомицина гидрохлорид', 'Описание препарата Линкомицина гидрохлорид', 'Состав препарата Линкомицина гидрохлорид'),
  (191, 'russian', 'Макропен', 'Описание препарата Макропен', 'Состав препарата Макропен'),
  (192, 'russian', 'Мегасеф', 'Описание препарата Мегасеф', 'Состав препарата Мегасеф'),
  (193, 'russian', 'Медаксон', 'Описание препарата Медаксон', 'Состав препарата Медаксон'),
  (194, 'russian', 'Медомицин', 'Описание препарата Медомицин', 'Состав препарата Медомицин'),
  (195, 'russian', 'Меропенем', 'Описание препарата Меропенем', 'Состав препарата Меропенем'),
  (196, 'russian', 'Меропенем', 'Описание препарата Меропенем', 'Состав препарата Меропенем'),
  (197, 'russian', 'Меропенем-тф', 'Описание препарата Меропенем-тф', 'Состав препарата Меропенем-тф'),
  (198, 'russian', 'Монурал', 'Описание препарата Монурал', 'Состав препарата Монурал'),
  (199, 'russian', 'Оксамп-натрий', 'Описание препарата Оксамп-натрий', 'Состав препарата Оксамп-натрий'),
  (200, 'russian', 'Оспамокс', 'Описание препарата Оспамокс', 'Состав препарата Оспамокс'),
  (201, 'russian', 'Оспамокс дт', 'Описание препарата Оспамокс дт', 'Состав препарата Оспамокс дт'),
  (202, 'russian', 'Префикс', 'Описание препарата Префикс', 'Состав препарата Префикс'),
  (203, 'russian', 'Рапиклав', 'Описание препарата Рапиклав', 'Состав препарата Рапиклав'),
  (204, 'russian', 'Ретарпен', 'Описание препарата Ретарпен', 'Состав препарата Ретарпен'),
  (205, 'russian', 'Ровамицин', 'Описание препарата Ровамицин', 'Состав препарата Ровамицин'),
  (206, 'russian', 'Роцефин', 'Описание препарата Роцефин', 'Состав препарата Роцефин'),
  (207, 'russian', 'Селецеф', 'Описание препарата Селецеф', 'Состав препарата Селецеф'),
  (208, 'russian', 'Сефпотек', 'Описание препарата Сефпотек', 'Состав препарата Сефпотек'),
  (209, 'russian', 'Спирамицин-фт', 'Описание препарата Спирамицин-фт', 'Состав препарата Спирамицин-фт'),
  (210, 'russian', 'Стрептомицина сульфат', 'Описание препарата Стрептомицина сульфат', 'Состав препарата Стрептомицина сульфат'),
  (211, 'russian', 'Сультасин', 'Описание препарата Сультасин', 'Состав препарата Сультасин'),
  (212, 'russian', 'Сумалек', 'Описание препарата Сумалек', 'Состав препарата Сумалек'),
  (213, 'russian', 'Сумамед', 'Описание препарата Сумамед', 'Состав препарата Сумамед'),
  (214, 'russian', 'Сумамед форте', 'Описание препарата Сумамед форте', 'Состав препарата Сумамед форте'),
  (215, 'russian', 'Супракс солютаб', 'Описание препарата Супракс солютаб', 'Состав препарата Супракс солютаб'),
  (216, 'russian', 'Тардокс', 'Описание препарата Тардокс', 'Состав препарата Тардокс'),
  (217, 'russian', 'Тейкопланин-тф', 'Описание препарата Тейкопланин-тф', 'Состав препарата Тейкопланин-тф'),
  (218, 'russian', 'Тетрациклин', 'Описание препарата Тетрациклин', 'Состав препарата Тетрациклин'),
  (219, 'russian', 'Тетрациклин-белмед', 'Описание препарата Тетрациклин-белмед', 'Состав препарата Тетрациклин-белмед'),
  (220, 'russian', 'Тигацил', 'Описание препарата Тигацил', 'Состав препарата Тигацил'),
  (221, 'russian', 'Триксоцеф', 'Описание препарата Триксоцеф', 'Состав препарата Триксоцеф'),
  (222, 'russian', 'Фарментин бд 228', 'Описание препарата Фарментин бд 228', 'Состав препарата Фарментин бд 228'),
  (223, 'russian', 'Фарментин бд 457', 'Описание препарата Фарментин бд 457', 'Состав препарата Фарментин бд 457'),
  (224, 'russian', 'Флемоклав солютаб', 'Описание препарата Флемоклав солютаб', 'Состав препарата Флемоклав солютаб'),
  (225, 'russian', 'Флемоксин солютаб', 'Описание препарата Флемоксин солютаб', 'Состав препарата Флемоксин солютаб'),
  (226, 'russian', 'Флуимуцил-антибиотик ит', 'Описание препарата Флуимуцил-антибиотик ит', 'Состав препарата Флуимуцил-антибиотик ит'),
  (227, 'russian', 'Фосфомицин-лф', 'Описание препарата Фосфомицин-лф', 'Состав препарата Фосфомицин-лф'),
  (228, 'russian', 'Фромилид', 'Описание препарата Фромилид', 'Состав препарата Фромилид'),
  (229, 'russian', 'Фромилид уно', 'Описание препарата Фромилид уно', 'Состав препарата Фромилид уно'),
  (230, 'russian', 'Хиконцил', 'Описание препарата Хиконцил', 'Состав препарата Хиконцил'),
  (231, 'russian', 'Цефазолин-акос', 'Описание препарата Цефазолин-акос', 'Состав препарата Цефазолин-акос'),
  (232, 'russian', 'Цефазолин-белмед', 'Описание препарата Цефазолин-белмед', 'Состав препарата Цефазолин-белмед'),
  (233, 'russian', 'Цефазолина натриевая соль', 'Описание препарата Цефазолина натриевая соль', 'Состав препарата Цефазолина натриевая соль'),
  (234, 'russian', 'Цефазолина натриевая соль', 'Описание препарата Цефазолина натриевая соль', 'Состав препарата Цефазолина натриевая соль'),
  (235, 'russian', 'Цефалексин', 'Описание препарата Цефалексин', 'Состав препарата Цефалексин'),
  (236, 'russian', 'Цефалексин', 'Описание препарата Цефалексин', 'Состав препарата Цефалексин'),
  (237, 'russian', 'Цефамед', 'Описание препарата Цефамед', 'Состав препарата Цефамед'),
  (238, 'russian', 'Цефепим', 'Описание препарата Цефепим', 'Состав препарата Цефепим'),
  (239, 'russian', 'Цефепим-боримед', 'Описание препарата Цефепим-боримед', 'Состав препарата Цефепим-боримед'),
  (240, 'russian', 'Цефепим-тф', 'Описание препарата Цефепим-тф', 'Состав препарата Цефепим-тф'),
  (241, 'russian', 'Цефикар', 'Описание препарата Цефикар', 'Состав препарата Цефикар'),
  (242, 'russian', 'Цефоперазон', 'Описание препарата Цефоперазон', 'Состав препарата Цефоперазон'),
  (243, 'russian', 'Цефосин', 'Описание препарата Цефосин', 'Состав препарата Цефосин'),
  (244, 'russian', 'Цефосульбактам', 'Описание препарата Цефосульбактам', 'Состав препарата Цефосульбактам'),
  (245, 'russian', 'Цефотаксим', 'Описание препарата Цефотаксим', 'Состав препарата Цефотаксим'),
  (246, 'russian', 'Цефотаксима натриевая соль', 'Описание препарата Цефотаксима натриевая соль', 'Состав препарата Цефотаксима натриевая соль'),
  (247, 'russian', 'Цефотаксима натриевая соль', 'Описание препарата Цефотаксима натриевая соль', 'Состав препарата Цефотаксима натриевая соль'),
  (248, 'russian', 'Цефтазидим', 'Описание препарата Цефтазидим', 'Состав препарата Цефтазидим'),
  (249, 'russian', 'Цефтриаксон', 'Описание препарата Цефтриаксон', 'Состав препарата Цефтриаксон'),
  (250, 'russian', 'Цефтриаксон', 'Описание препарата Цефтриаксон', 'Состав препарата Цефтриаксон'),
  (251, 'russian', 'Цефтриаксон', 'Описание препарата Цефтриаксон', 'Состав препарата Цефтриаксон'),
  (252, 'russian', 'Цефтриаксон-тф', 'Описание препарата Цефтриаксон-тф', 'Состав препарата Цефтриаксон-тф'),
  (253, 'russian', 'Цефурокс', 'Описание препарата Цефурокс', 'Состав препарата Цефурокс'),
  (254, 'russian', 'Цефуроксим', 'Описание препарата Цефуроксим', 'Состав препарата Цефуроксим'),
  (255, 'russian', 'Цилапенем', 'Описание препарата Цилапенем', 'Состав препарата Цилапенем'),
  (256, 'russian', 'Эритромицин', 'Описание препарата Эритромицин', 'Состав препарата Эритромицин'),
  (257, 'russian', 'Эритромицин', 'Описание препарата Эритромицин', 'Состав препарата Эритромицин'),
  (258, 'russian', 'Эритромицин-боримед', 'Описание препарата Эритромицин-боримед',
   'Состав препарата Эритромицин-боримед'),
  (259, 'russian', 'Юнидокс солютаб', 'Описание препарата Юнидокс солютаб', 'Состав препарата Юнидокс солютаб');



INSERT INTO orders (client_login, drug_id, number, date) VALUES
  ('logintug2gwroev',182,7,'2016-4-23 20:21:4'),
  ('login1khnxlwvm0',100,0,'2016-2-22 17:24:48'),
  ('loginp1gj2japq9',135,1,'2016-5-18 11:45:46'),
  ('loginiiikjgyj59',231,2,'2016-8-8 21:35:43'),
  ('login0dxlnllfma',138,9,'2016-1-26 4:57:49'),
  ('loginfegt9s3s2m',89,2,'2016-11-16 6:10:9'),
  ('loginxu04scj73w',23,2,'2016-8-26 13:44:0'),
  ('loginbaic48p0lk',213,1,'2016-11-21 19:57:56'),
  ('login5u9vaqj83a',39,3,'2016-2-23 5:48:53'),
  ('loginyyjt8jjssq',156,3,'2016-9-21 10:32:10'),
  ('loginw81mt1r603',84,10,'2016-1-26 19:29:31'),
  ('login7g5tzsx1cc',235,5,'2016-9-8 18:12:3'),
  ('loginr6vs0dzzg6',16,10,'2016-4-13 21:39:37'),
  ('login8xdtunvdwm',144,0,'2016-3-1 9:6:40'),
  ('loginy87p1ot64i',227,5,'2016-12-1 9:27:40'),
  ('loginh1jwfdrdz2',164,0,'2016-6-30 14:38:56'),
  ('logint195jowq1a',167,5,'2016-5-17 22:57:12'),
  ('loginw81mt1r603',155,8,'2016-11-4 15:1:14'),
  ('loginjss5x2jhqf',11,4,'2016-8-3 2:6:55'),
  ('logind9kpwv3ymb',243,3,'2016-6-2 10:6:28'),
  ('loginzm4kerfau6',28,10,'2016-10-29 12:15:30'),
  ('loginknji8smuij',168,3,'2016-12-27 7:47:24');
  /*('login8ic088u9w6',234,4,'2016-3-2 11:19:26'),
  ('loginzw5ot4j18a',202,8,'2016-5-13 11:25:50'),
  ('logint6fjlhv2a7',186,0,'2016-8-13 20:39:52'),
  ('logina3yvieric7',93,7,'2016-6-2 6:47:35'),
  ('login751ervgjfd',111,8,'2016-12-24 23:1:39'),
  ('loginnqoejzkjpc',182,3,'2016-11-29 5:29:59'),
  ('loginyubw7ik9dm',187,0,'2016-1-11 2:35:2'),
  ('loginz1gwzxt41d',183,0,'2016-9-23 23:22:7'),
  ('logino1kt6nlwsd',219,5,'2016-7-26 4:16:30'),
  ('logingannhtnkdv',172,4,'2016-12-4 3:52:50'),
  ('loginhzol30m8df',254,3,'2016-7-21 10:18:10'),
  ('login8ic088u9w6',212,9,'2016-6-3 23:30:50'),
  ('loginksfadrycnm',108,1,'2016-4-4 3:20:14'),
  ('loginknji8smuij',246,9,'2016-12-3 2:14:19'),
  ('login1ops7yx5ne',28,10,'2016-8-3 15:13:59'),
  ('loginq1cc0xn8xw',45,7,'2016-11-6 10:25:27'),
  ('loginfit0cghwbd',213,9,'2016-7-4 19:38:31'),
  ('loginqdds0487rv',248,2,'2016-3-28 5:37:59'),
  ('loginzemt8q9klz',31,9,'2016-10-17 6:11:22'),
  ('loginrsn2wkteor',28,5,'2016-1-8 11:50:3'),
  ('login6t9nj1rgq8',137,1,'2016-12-19 22:24:10'),
  ('loginlr86rm0nrz',27,1,'2016-9-26 2:43:37'),
  ('loginmry2yume7q',150,3,'2016-7-2 10:36:5'),
  ('login9mkfafj6d1',167,7,'2016-4-14 7:42:12'),
  ('logini80a1iq63t',51,9,'2016-3-5 17:25:2'),
  ('loginpv5ia76144',159,7,'2016-10-29 11:23:30'),
  ('loginnos767az7u',214,2,'2016-1-4 9:12:39'),
  ('loginmry2yume7q',90,2,'2016-12-22 2:11:33'),
  ('logintd5na5l9zp',85,2,'2016-12-2 0:6:52'),
  ('login1zswvc3aep',257,9,'2016-2-3 12:10:1'),
  ('loginc8eo199m77',39,8,'2016-10-23 20:24:41'),
  ('loginnn73j10gkn',110,3,'2016-5-14 15:12:55'),
  ('login0s02fw3n83',174,0,'2016-3-22 22:37:11'),
  ('loginhtjqdbd2u3',225,9,'2016-2-14 2:18:54'),
  ('loginvvz6kjmzyh',174,9,'2016-4-4 10:19:58'),
  ('loginnqoejzkjpc',229,6,'2016-8-22 3:9:45'),
  ('loginfvb5myke66',220,2,'2016-12-12 15:29:19'),
  ('loginga0ah9wgvo',119,6,'2016-8-2 1:5:10'),
  ('loginuj43ssxqr0',210,3,'2016-10-7 13:45:39'),
  ('loginnawzmguisf',174,6,'2016-7-5 18:7:24'),
  ('loginb74ukkt0cr',186,5,'2016-4-15 9:42:33'),
  ('loginxmud4dva96',253,7,'2016-9-14 21:31:36'),
  ('login0p3kxnq2jg',208,2,'2016-11-24 10:22:31'),
  ('loginuugvsr5fay',200,5,'2016-11-21 23:33:59'),
  ('logintonlpt30u0',91,5,'2016-1-18 14:21:4'),
  ('loginukst4hlcya',33,5,'2016-2-29 9:14:37'),
  ('loginynogu22g3f',210,0,'2016-1-28 4:19:34'),
  ('login1pesumlh4t',167,7,'2016-1-6 23:55:14'),
  ('logint6fjlhv2a7',175,6,'2016-12-5 11:49:33'),
  ('loginb74ukkt0cr',47,7,'2016-1-25 2:48:4'),
  ('loginqr97b08j3i',31,6,'2016-7-13 8:7:33'),
  ('logingo6dqmbd16',167,7,'2016-11-7 22:17:58'),
  ('login057jgbayur',32,10,'2016-9-3 3:26:55'),
  ('loginoeh7xtm8wo',188,3,'2016-11-2 3:28:30'),
  ('loginoid7domy3v',56,2,'2016-9-19 10:22:43'),
  ('loginffq7r7b81x',209,9,'2016-6-28 15:8:46'),
  ('logindsinakfkrw',141,1,'2016-1-15 11:44:58'),
  ('login72977p9gg6',106,4,'2016-5-22 1:34:13'),
  ('loginvg1b3g1gbz',243,5,'2016-6-15 14:9:33'),
  ('loginme8bh5ls0u',229,9,'2016-7-4 7:15:23'),
  ('loginslubp1j3q8',55,5,'2016-6-21 7:0:35'),
  ('loginnlyk5wshqo',16,8,'2016-5-15 0:51:0'),
  ('logintfokv1vzjk',145,5,'2016-8-11 15:47:54'),
  ('logineld4r1yewi',108,3,'2016-8-9 18:51:44'),
  ('loginnif1g5ne6v',10,8,'2016-9-21 3:53:57'),
  ('loginh87dutmlig',83,1,'2016-5-30 19:42:12'),
  ('loginhmgfveg1jr',62,3,'2016-2-15 17:24:54'),
  ('loginobpsaj818c',39,3,'2016-7-15 19:14:25'),
  ('login66s0v465g4',55,5,'2016-11-24 18:15:17'),
  ('login2cpwwwmas9',114,7,'2016-3-13 23:3:52'),
  ('loginxluj7xr2ki',196,3,'2016-4-18 10:0:46'),
  ('loginyzmqrnt4mc',93,6,'2016-2-10 7:58:27'),
  ('loginviybl7z2q4',18,5,'2016-2-5 16:59:18'),
  ('login66s0v465g4',155,9,'2016-5-27 0:43:33'),
  ('login04cz7tvwie',240,5,'2016-2-22 20:20:17'),
  ('loginnawzmguisf',60,6,'2016-7-30 2:58:29'),
  ('loginfiwn3igiad',181,3,'2016-8-25 3:8:28'),
  ('loginjk25rzmu4t',253,8,'2016-9-14 2:33:37'),
  ('loginqwh71rryho',91,2,'2016-12-1 3:51:20'),
  ('loginvxv1ho2ubx',70,4,'2016-9-10 7:39:56'),
  ('login79uocdjb8r',39,7,'2016-11-19 5:58:8'),
  ('loginoxow1a74y8',10,7,'2016-9-8 8:49:47'),
  ('loginn11hts3bk3',202,1,'2016-6-21 21:29:54'),
  ('loginsh8mxsj8si',62,8,'2016-3-15 19:55:35'),
  ('loginyyjt8jjssq',258,8,'2016-9-24 2:21:57'),
  ('loginlximyqzggu',160,3,'2016-12-24 22:51:52'),
  ('loginpv5ia76144',130,6,'2016-12-29 4:35:43'),
  ('loginlximyqzggu',217,10,'2016-3-11 1:20:18'),
  ('loginjp89m78rmn',219,10,'2016-4-5 8:58:44'),
  ('loginmny29i5gn9',48,7,'2016-5-1 10:12:23'),
  ('logingce6nmdewg',182,7,'2016-10-13 12:36:52'),
  ('login22gt77m679',109,3,'2016-4-10 23:6:58'),
  ('loginlph7q4sqld',154,10,'2016-10-26 1:4:48'),
  ('loginfgjepeah3i',46,6,'2016-6-14 14:11:1'),
  ('loginhtjqdbd2u3',222,7,'2016-4-27 19:52:1'),
  ('loginxiqabxsfs2',142,5,'2016-9-8 14:43:26'),
  ('loginqu14t015xq',52,10,'2016-5-1 1:27:53'),
  ('loginnawzmguisf',175,6,'2016-2-8 7:0:21'),
  ('login99qf8rma3y',176,7,'2016-6-2 19:3:8'),
  ('loginsz0qjua14u',16,4,'2016-12-21 5:9:43'),
  ('login5ltcrvtz7f',70,8,'2016-3-7 14:20:4'),
  ('login1csuk692xe',85,1,'2016-1-4 8:43:3'),
  ('loginhmgfveg1jr',222,7,'2016-8-18 0:14:31'),
  ('logintywox9yl97',68,10,'2016-8-6 14:15:4'),
  ('login5yd1sor9e5',220,6,'2016-3-16 2:14:52'),
  ('logind8ljgo954y',83,3,'2016-6-27 14:5:48'),
  ('loginkn9q0k8kuj',4,3,'2016-3-9 0:32:58'),
  ('login81v85ei4tw',163,8,'2016-9-5 6:9:9'),
  ('loginlqy66utl6f',143,3,'2016-8-17 9:33:14'),
  ('logint38vhlqond',82,9,'2016-3-4 5:37:23'),
  ('loginp4qat1oww5',6,9,'2016-5-2 13:49:8'),
  ('loginmhyxedd0rq',9,9,'2016-11-5 8:0:35'),
  ('logindow3q2pt3m',197,5,'2016-8-30 1:37:37'),
  ('loginmvxvdi7awl',100,7,'2016-3-28 16:55:32'),
  ('loginti4ys1gcsg',81,0,'2016-3-11 3:49:41'),
  ('logineld4r1yewi',3,8,'2016-9-30 2:31:33'),
  ('logintav6657n6m',190,8,'2016-2-23 3:55:22'),
  ('loginrjl0dl137e',247,4,'2016-6-18 4:12:48'),
  ('loginff1z7a9ejh',43,5,'2016-9-26 0:45:58'),
  ('loginyerseibc7a',171,10,'2016-5-4 13:2:8'),
  ('loginev7zwofk3o',99,9,'2016-6-9 6:6:32'),
  ('loginmvxvdi7awl',83,5,'2016-12-9 12:27:51'),
  ('loginbaic48p0lk',92,5,'2016-8-16 13:24:30'),
  ('loginq9zf07z25y',159,2,'2016-2-23 16:10:43'),
  ('loginhnm21hnml2',17,1,'2016-8-12 12:2:31'),
  ('loginvn3pi0si9w',80,6,'2016-5-14 6:28:31'),
  ('logintioqq0iyu8',99,2,'2016-10-3 1:51:9'),
  ('login3517y2m43n',132,1,'2016-12-17 13:18:43'),
  ('login9quzdptsfx',93,0,'2016-3-8 18:7:28'),
  ('loginyp1865nydm',111,8,'2016-5-10 12:27:47'),
  ('logindxzrcotfyi',111,8,'2016-4-17 14:52:16'),
  ('logind91hjulq0a',75,0,'2016-7-7 1:54:26'),
  ('loginrhga32f7t2',123,1,'2016-5-21 20:18:26'),
  ('loginipgkuremit',197,1,'2016-8-5 2:41:32'),
  ('login6269a1e15j',73,6,'2016-11-2 1:17:39'),
  ('loginc1fdcbdypu',98,10,'2016-11-20 15:10:55'),
  ('loginj4xxnt9pfj',3,2,'2016-1-9 13:34:41'),
  ('loginul3hg7tm0c',50,5,'2016-2-19 22:41:4'),
  ('loginn4xbdf75hm',58,5,'2016-9-1 22:17:4'),
  ('loginxluj7xr2ki',50,10,'2016-4-22 12:55:7'),
  ('logint6ptns3co0',92,1,'2016-3-27 2:27:14'),
  ('loginvxv1ho2ubx',72,6,'2016-11-17 17:19:35'),
  ('loginww4yp2nb48',158,6,'2016-4-4 16:1:17'),
  ('login8u4wnysl96',92,2,'2016-3-17 20:4:9'),
  ('login7pgw8kwqum',192,8,'2016-11-16 22:30:0'),
  ('loginobpsaj818c',94,5,'2016-3-25 2:40:15'),
  ('loginipgkuremit',22,2,'2016-10-1 4:28:22'),
  ('login9quzdptsfx',54,0,'2016-2-3 18:57:14'),
  ('loginkjij2ztse4',168,8,'2016-1-12 15:22:32'),
  ('loginely1r97vhq',130,7,'2016-10-30 11:47:39'),
  ('login6x06mnmnmv',214,1,'2016-5-7 5:38:26'),
  ('loginotzrykf1vx',167,3,'2016-6-10 3:18:24'),
  ('loginyp1865nydm',37,8,'2016-5-17 14:11:21'),
  ('loginyxernq1lz8',144,4,'2016-9-12 1:28:16'),
  ('loginbdqd7uyrhk',177,2,'2016-3-6 16:3:29'),
  ('login162t4vq0q4',150,3,'2016-7-19 3:16:22'),
  ('loginmva4n2za1r',73,4,'2016-7-27 2:58:44'),
  ('loginmhyxedd0rq',106,5,'2016-6-29 8:39:56'),
  ('loginx4d16wrtae',19,2,'2016-6-17 1:32:32'),
  ('loginsvr7ithgjv',203,10,'2016-9-22 21:38:9'),
  ('loginoid7domy3v',114,5,'2016-4-26 13:41:12'),
  ('login0yntf4t4ct',177,2,'2016-2-15 11:57:43'),
  ('loginmiee6fpgje',46,3,'2016-9-16 4:28:54'),
  ('login057jgbayur',176,5,'2016-5-22 6:37:48'),
  ('login8o5vj4mdkd',80,2,'2016-6-17 4:10:21'),
  ('logini9jgs0hosu',168,6,'2016-9-22 7:41:12'),
  ('login2amb16mkze',108,6,'2016-11-9 4:55:56'),
  ('loginipgkuremit',122,10,'2016-9-3 2:47:0'),
  ('login1osocdooia',63,4,'2016-6-10 10:25:0'),
  ('logincx5honqpwx',151,5,'2016-4-9 15:23:31'),
  ('login3q8jiw0ax8',243,0,'2016-6-4 22:29:9'),
  ('logingnvyntgurw',152,0,'2016-2-29 12:26:56'),
  ('login78lc85tfjh',157,3,'2016-12-27 20:24:8'),
  ('loginzau0hxdiyi',69,2,'2016-1-7 16:4:29'),
  ('logins0ifj855vn',35,7,'2016-9-27 5:31:17'),
  ('loginbzhq5i54j0',115,7,'2016-1-29 9:25:32'),
  ('loginofo5fvrtbe',179,0,'2016-12-9 6:45:42'),
  ('login04cz7tvwie',101,9,'2016-5-14 6:55:57'),
  ('loginb7n44lftiy',188,1,'2016-11-13 6:32:21'),
  ('loginnepmc7rmzc',231,5,'2016-12-23 5:45:49'),
  ('login7lagvpe0np',102,2,'2016-3-4 20:27:53'),
  ('loginn3n3xudwa2',171,3,'2016-1-4 5:56:11'),
  ('loginbwgz9ag30a',159,1,'2016-10-22 5:36:24'),
  ('loginwvg9a8122j',73,1,'2016-4-13 3:16:30'),
  ('logingidfnofwb6',127,2,'2016-3-30 9:23:9'),
  ('login1yjsmgw0v5',142,3,'2016-11-5 8:51:48'),
  ('login81v85ei4tw',254,1,'2016-9-11 21:12:47'),
  ('loginqczv7p7ghw',232,10,'2016-10-5 16:33:4'),
  ('loginecwfdy1ztu',64,6,'2016-5-6 1:24:43'),
  ('logintonlpt30u0',1,7,'2016-1-27 4:53:39'),
  ('loginlotlp6a9i0',179,10,'2016-12-28 19:47:9'),
  ('loginmiee6fpgje',83,6,'2016-4-12 16:25:42'),
  ('loginqkrgp5lzi6',98,2,'2016-10-5 18:26:30'),
  ('login7hrsyfyl72',137,9,'2016-9-27 20:13:5'),
  ('login25xzwfsix9',204,0,'2016-3-21 11:53:2'),
  ('loginayempauzl9',212,5,'2016-8-22 22:53:0'),
  ('loginsoxy3dh1oh',73,4,'2016-12-12 22:33:55'),
  ('logink6yn2qtlvo',228,5,'2016-5-5 21:55:49'),
  ('loginbdqd7uyrhk',216,10,'2016-6-3 17:14:31'),
  ('loginogra2w3kuf',199,7,'2016-12-17 15:42:47'),
  ('logindg7e1r450p',156,2,'2016-4-9 2:9:5'),
  ('login1ops7yx5ne',204,2,'2016-3-22 3:4:40'),
  ('logint39n26rpn8',108,8,'2016-1-30 0:7:31'),
  ('loginrb8lvq67rd',161,7,'2016-6-22 15:11:18'),
  ('logintzu81dsinr',132,6,'2016-3-13 17:35:12'),
  ('loginky2728ztz4',253,6,'2016-5-30 9:22:40'),
  ('loginbnsy4vz16o',38,1,'2016-4-4 12:11:55'),
  ('loginn4xbdf75hm',166,1,'2016-1-15 9:5:58'),
  ('logini4x16jjddm',68,0,'2016-7-5 0:18:57'),
  ('loginv8wrespfgf',133,10,'2016-10-9 20:31:0'),
  ('loginlyl2junwcw',178,6,'2016-7-27 11:6:14'),
  ('logingxdb0zugw5',228,4,'2016-4-22 2:23:34'),
  ('login99qf8rma3y',92,5,'2016-6-17 3:19:23'),
  ('loginfiwn3igiad',119,8,'2016-9-20 16:39:45'),
  ('login0p3kxnq2jg',62,8,'2016-2-10 15:25:16'),
  ('loginqtam7mvwpn',224,5,'2016-5-15 13:53:46'),
  ('loginvtehjmyxsv',126,8,'2016-6-2 21:0:39'),
  ('loginh87dutmlig',238,1,'2016-4-6 8:16:30'),
  ('loginro0wz5xcko',34,5,'2016-5-17 20:51:30'),
  ('loginofo5fvrtbe',68,5,'2016-3-17 16:19:23'),
  ('loginww4yp2nb48',178,2,'2016-5-15 3:55:52'),
  ('loginyfan1a0lbi',77,5,'2016-2-14 1:8:52'),
  ('loginsoxy3dh1oh',61,4,'2016-8-16 0:36:23'),
  ('loginme8bh5ls0u',217,4,'2016-9-27 4:53:12'),
  ('loginj4xxnt9pfj',225,0,'2016-2-7 9:4:7'),
  ('loginqwh71rryho',253,0,'2016-6-19 15:27:25'),
  ('loginhzol30m8df',168,8,'2016-3-26 5:20:0'),
  ('login1zswvc3aep',28,3,'2016-1-11 8:12:2'),
  ('loginp2cjjqzfjv',249,9,'2016-4-10 2:45:34'),
  ('login1wb546qyz7',73,8,'2016-2-16 5:59:16'),
  ('login0x51jh25li',172,9,'2016-2-25 23:44:44'),
  ('login7u8rcqrm0l',245,4,'2016-2-19 6:15:52'),
  ('login3xy09rah5c',128,7,'2016-1-16 3:36:40'),
  ('loginksfadrycnm',22,5,'2016-1-16 0:42:2'),
  ('loginrp47lyisj9',207,9,'2016-9-29 4:27:56'),
  ('login7u8rcqrm0l',232,4,'2016-12-19 11:3:22'),
  ('login6ohpf7f0r6',253,8,'2016-12-3 16:56:30'),
  ('loginuugvsr5fay',193,8,'2016-11-18 20:35:14'),
  ('loginmry2yume7q',189,10,'2016-5-19 6:53:6'),
  ('logind2g10622pq',106,8,'2016-3-13 2:6:37'),
  ('loginznidze7lq4',204,8,'2016-12-8 12:37:14'),
  ('login4z0zptj01j',105,6,'2016-12-27 4:42:45'),
  ('loginu1sw25fftz',256,9,'2016-4-13 17:38:17'),
  ('loginqwh71rryho',205,0,'2016-2-27 17:50:4'),
  ('login1wb546qyz7',160,3,'2016-3-2 4:16:32'),
  ('loginc1fdcbdypu',53,9,'2016-8-1 13:24:10'),
  ('loginff1z7a9ejh',148,9,'2016-7-29 18:43:6'),
  ('logini4x16jjddm',119,6,'2016-3-24 9:31:56'),
  ('loginztdvzjhhzb',152,1,'2016-4-16 3:28:39'),
  ('loginqddsd5khx1',235,1,'2016-6-16 19:36:1'),
  ('loginvvz6kjmzyh',220,4,'2016-2-12 21:55:24'),
  ('loginx21ohz9l4z',40,3,'2016-5-29 17:23:4'),
  ('loginhqbv78v0xk',94,4,'2016-7-20 7:1:51'),
  ('loginym735324ft',104,0,'2016-8-18 1:22:11'),
  ('loginlyl2junwcw',232,2,'2016-6-6 6:3:0'),
  ('loginaoduopc55g',138,2,'2016-8-16 11:40:37'),
  ('loginj34kp7130l',237,7,'2016-8-15 2:28:41'),
  ('loginvnpv7cpcb9',176,9,'2016-1-11 12:50:15'),
  ('login20suif0jw6',191,7,'2016-9-15 16:29:48'),
  ('loginndmq5bxf7x',185,1,'2016-12-17 4:9:45'),
  ('login6z3jf8e0kf',163,2,'2016-3-10 8:16:20'),
  ('logintug2gwroev',253,3,'2016-9-9 16:21:14'),
  ('login0udrnu2uxr',147,9,'2016-5-13 8:39:31'),
  ('logintug2gwroev',121,1,'2016-9-24 7:46:39'),
  ('loginc8eo199m77',96,0,'2016-3-21 14:33:44'),
  ('loginvnpv7cpcb9',92,6,'2016-5-28 16:42:27'),
  ('loginqr97b08j3i',15,1,'2016-8-9 2:52:38'),
  ('login6x06mnmnmv',29,5,'2016-7-18 17:16:36'),
  ('logintd5na5l9zp',154,3,'2016-10-18 0:27:26'),
  ('loginqcktk0b0ig',218,8,'2016-7-3 17:33:42'),
  ('loginyerseibc7a',134,7,'2016-3-20 17:41:24'),
  ('loginzcalktrht0',257,8,'2016-7-23 14:42:43'),
  ('loginuj43ssxqr0',0,4,'2016-11-9 18:43:46'),
  ('loging8x8d85myq',94,2,'2016-4-10 15:55:56'),
  ('loginxw4ls1oaff',133,6,'2016-11-27 10:33:6'),
  ('logintfokv1vzjk',14,9,'2016-3-25 1:28:25'),
  ('loginy87p1ot64i',250,5,'2016-2-24 15:12:31'),
  ('login2z3kaiokor',129,2,'2016-12-25 13:3:28'),
  ('loginwbhqjsagi6',98,6,'2016-2-12 8:8:43'),
  ('loging3i8929ja6',242,8,'2016-4-21 15:31:24'),
  ('logintq47j1uiyb',242,5,'2016-8-22 20:22:45'),
  ('login6nuvw1i018',96,0,'2016-3-11 8:9:59'),
  ('logind5lv79ln59',19,7,'2016-10-14 8:50:3'),
  ('loginvtehjmyxsv',221,4,'2016-6-11 12:45:19'),
  ('loginga0ah9wgvo',188,4,'2016-11-27 4:21:4'),
  ('login7pgw8kwqum',196,5,'2016-9-7 3:21:44'),
  ('login04cz7tvwie',192,1,'2016-6-20 22:48:59'),
  ('logindcrbqwan23',188,1,'2016-1-25 12:21:3'),
  ('logintef8clswdx',156,6,'2016-4-28 20:34:1'),
  ('loginousn26fbbu',63,4,'2016-3-14 3:56:19'),
  ('loging3i8929ja6',135,3,'2016-1-20 22:1:10'),
  ('loginfiwn3igiad',75,5,'2016-2-13 18:48:35'),
  ('loginznidze7lq4',235,10,'2016-11-3 8:24:8'),
  ('loginhracli4vfw',13,2,'2016-7-26 4:5:25'),
  ('logina3qoyxi1qv',190,8,'2016-5-2 19:45:45'),
  ('logincm6iebv5qy',70,6,'2016-11-8 2:7:56'),
  ('loginlelrqb4o8z',111,10,'2016-8-10 12:39:19'),
  ('logins6b7jnmavs',199,8,'2016-2-22 10:20:57'),
  ('loginyfan1a0lbi',192,5,'2016-5-7 9:20:42'),
  ('login8dx46yc7h8',198,7,'2016-9-24 2:15:1'),
  ('loginm95pfexz2x',8,1,'2016-3-22 19:52:37'),
  ('login2zrkk6raoi',44,7,'2016-4-7 16:10:12'),
  ('loginlaq8job2ej',91,0,'2016-12-20 22:31:12'),
  ('loginqbvdo878sf',25,4,'2016-1-21 12:44:34'),
  ('loginb7n44lftiy',167,6,'2016-4-19 2:22:31'),
  ('loginr1eun0fgnc',250,5,'2016-6-7 11:33:13'),
  ('loginipgkuremit',5,0,'2016-8-23 4:9:13'),
  ('login1e2rn0n8mm',131,8,'2016-5-16 4:0:0'),
  ('loginlyl2junwcw',57,3,'2016-4-11 4:17:15'),
  ('loginw2j918d24r',58,8,'2016-10-19 22:40:37'),
  ('logint6fjlhv2a7',251,4,'2016-12-22 8:18:41'),
  ('login6chftnh6hz',70,7,'2016-2-11 23:1:14'),
  ('login1ops7yx5ne',96,7,'2016-9-14 6:37:28'),
  ('loginapn3phykcu',211,5,'2016-10-12 22:4:19'),
  ('loginu0irwvlk8w',159,6,'2016-4-1 21:35:8'),
  ('login4buq7pj1ab',108,10,'2016-9-15 17:2:21'),
  ('logins8b6ijpq1m',246,8,'2016-8-27 20:47:43'),
  ('login3petsgiq5q',16,4,'2016-12-9 23:23:47'),
  ('login1yjsmgw0v5',9,9,'2016-4-14 8:15:23'),
  ('loginp2cjjqzfjv',42,0,'2016-4-28 22:51:36'),
  ('loginmva4n2za1r',183,7,'2016-2-30 1:18:43'),
  ('loginhl0bbdyzjd',59,4,'2016-2-14 21:16:37'),
  ('logina7bnqv5l6m',179,1,'2016-7-25 21:2:50'),
  ('loginrsn2wkteor',155,1,'2016-1-6 9:21:27'),
  ('logino44dti3gv0',211,2,'2016-9-3 2:22:17'),
  ('logingnvyntgurw',49,4,'2016-10-25 19:39:39'),
  ('loginsoxy3dh1oh',66,4,'2016-3-6 15:0:44'),
  ('loginx33pki1ude',13,2,'2016-2-1 23:47:27'),
  ('loginc8eo199m77',47,6,'2016-7-17 11:16:0'),
  ('logindcrbqwan23',122,0,'2016-6-27 5:24:54'),
  ('loginml3q0xaqtd',71,5,'2016-7-18 11:54:13'),
  ('loginfxclfaj5s6',214,9,'2016-5-1 20:49:31'),
  ('login7u8rcqrm0l',252,9,'2016-2-14 7:59:41'),
  ('loginjarhij1uau',63,6,'2016-8-16 17:12:56'),
  ('loginwvg9a8122j',154,5,'2016-3-5 5:23:38'),
  ('logink6yn2qtlvo',58,5,'2016-5-11 3:43:48'),
  ('loginecwfdy1ztu',227,10,'2016-4-12 3:11:46'),
  ('loginoxow1a74y8',108,6,'2016-10-12 1:34:12'),
  ('login5lo48unl8m',209,10,'2016-7-28 9:19:14'),
  ('loginhfc4d7uek0',215,8,'2016-9-16 17:6:17'),
  ('login6rfgw4ijsb',68,9,'2016-11-18 19:24:10'),
  ('logindpw1bbse6u',63,1,'2016-3-25 10:31:31'),
  ('loginev7zwofk3o',221,10,'2016-11-21 2:7:29'),
  ('loginnawzmguisf',149,6,'2016-7-24 10:45:46'),
  ('login1f1z2luypd',34,5,'2016-9-16 10:51:18'),
  ('logincm6iebv5qy',86,9,'2016-6-17 15:57:0'),
  ('logino8z6w0uh8k',215,7,'2016-7-26 12:50:4'),
  ('loginq1cc0xn8xw',184,6,'2016-2-12 17:36:28'),
  ('loginy87p1ot64i',152,9,'2016-8-10 21:47:28'),
  ('login2z3kaiokor',83,2,'2016-1-6 21:46:24'),
  ('loginflwxuoqa7f',238,3,'2016-8-7 13:0:6'),
  ('loginyyjt8jjssq',196,9,'2016-9-9 19:36:46'),
  ('loginviybl7z2q4',11,3,'2016-2-23 0:4:0'),
  ('login7kvlsmqig6',38,8,'2016-11-16 8:5:38'),
  ('login04cz7tvwie',214,1,'2016-8-24 22:57:48'),
  ('loginpl3r4t8103',46,10,'2016-2-24 11:27:25'),
  ('loginaqlagscdyr',107,1,'2016-9-21 22:15:57'),
  ('login0p3kxnq2jg',102,10,'2016-4-28 3:15:22'),
  ('loginfzv3unesdw',187,6,'2016-4-24 14:18:45'),
  ('login7vpw9qijw2',82,9,'2016-8-9 22:36:48'),
  ('loginoeh7xtm8wo',57,6,'2016-11-28 4:27:23'),
  ('logingidfnofwb6',225,0,'2016-3-25 3:43:37'),
  ('loginpv5ia76144',237,10,'2016-8-10 7:54:17'),
  ('loginkrvx5s6bbo',97,2,'2016-3-10 8:0:43'),
  ('loginz1gwzxt41d',41,4,'2016-7-22 14:36:31'),
  ('loginvg1b3g1gbz',230,6,'2016-6-30 20:45:6'),
  ('logina7bnqv5l6m',131,10,'2016-12-16 22:25:33'),
  ('loginxw4ls1oaff',82,4,'2016-7-25 21:45:59'),
  ('logina2he41ruqt',217,7,'2016-5-26 7:2:4'),
  ('logingo6dqmbd16',142,1,'2016-12-22 9:57:45'),
  ('login3517y2m43n',8,0,'2016-12-2 15:43:49'),
  ('loginqx9witxu2f',32,9,'2016-11-17 8:22:27'),
  ('logintioqq0iyu8',167,5,'2016-8-28 4:14:38'),
  ('logint38vhlqond',171,0,'2016-1-3 23:15:59'),
  ('logini81e6oc6hv',192,3,'2016-5-6 21:57:7'),
  ('login3q8jiw0ax8',24,6,'2016-5-5 6:7:8'),
  ('logint38vhlqond',36,8,'2016-6-22 9:15:38'),
  ('loginyerseibc7a',172,1,'2016-5-23 18:28:32'),
  ('loginva2agzg997',63,7,'2016-5-22 21:58:41'),
  ('loginmbnb51wkx4',179,4,'2016-8-6 2:52:21'),
  ('login0h737xuh9d',138,9,'2016-2-5 1:9:47'),
  ('loginfpvq6awxka',212,9,'2016-12-10 13:36:3'),
  ('loginadyjwhkp0w',108,10,'2016-9-23 19:31:31'),
  ('login81v85ei4tw',41,5,'2016-8-14 17:50:39'),
  ('loginzm4kerfau6',39,9,'2016-8-9 17:8:30'),
  ('loginx4d16wrtae',210,7,'2016-6-28 5:1:24'),
  ('loginj9dxat750i',9,8,'2016-6-25 2:22:32'),
  ('logind8ljgo954y',179,8,'2016-5-6 7:56:49'),
  ('logind8ljgo954y',28,10,'2016-12-20 20:57:54'),
  ('loginyxernq1lz8',71,0,'2016-3-27 5:13:7'),
  ('login0p3kxnq2jg',163,8,'2016-2-29 23:45:56'),
  ('loging375stqqob',9,0,'2016-7-3 15:27:19'),
  ('loginlfgy00v82m',212,6,'2016-10-23 16:31:12'),
  ('loginf92g86yhti',89,3,'2016-7-19 11:27:49'),
  ('loginogra2w3kuf',218,1,'2016-7-3 21:3:20'),
  ('loginfvb5myke66',72,6,'2016-2-15 14:33:18'),
  ('login4bbydl53rh',0,7,'2016-6-22 7:46:47'),
  ('loginybh3tbdyhq',134,6,'2016-10-27 9:7:58'),
  ('loginksfadrycnm',224,6,'2016-3-27 2:25:43'),
  ('loging8o5wv6a54',113,1,'2016-6-28 16:32:37'),
  ('loginu0irwvlk8w',196,3,'2016-8-9 21:43:35'),
  ('loginipgkuremit',122,1,'2016-4-13 19:58:49'),
  ('loginf92g86yhti',18,1,'2016-4-2 23:58:18'),
  ('login4nddzg52ml',73,8,'2016-4-10 17:19:48'),
  ('logindpw1bbse6u',168,0,'2016-4-5 23:29:17'),
  ('login0p3kxnq2jg',154,3,'2016-5-7 14:2:58'),
  ('loginnepmc7rmzc',230,10,'2016-8-12 11:50:51'),
  ('login60xsvllj8k',40,2,'2016-6-5 12:51:16'),
  ('login7lagvpe0np',182,3,'2016-2-16 9:56:32'),
  ('login4kplqlk79y',44,2,'2016-2-8 22:46:9'),
  ('loginmiee6fpgje',80,5,'2016-1-27 0:29:37'),
  ('logingxrmzeyeur',207,8,'2016-9-16 13:3:48'),
  ('loginely1r97vhq',197,5,'2016-10-14 15:9:37'),
  ('login4nddzg52ml',35,8,'2016-5-19 7:23:27'),
  ('loginn08yb20sn7',23,2,'2016-5-19 3:20:6'),
  ('logind8ljgo954y',47,0,'2016-1-15 2:11:45'),
  ('loginpv5ia76144',62,9,'2016-12-24 20:14:14'),
  ('loginecwfdy1ztu',77,3,'2016-7-27 12:55:44'),
  ('login4buq7pj1ab',156,0,'2016-2-28 15:54:18'),
  ('login078j3slezg',163,8,'2016-2-19 13:27:22'),
  ('loginxf960g3v39',13,10,'2016-4-4 5:25:22'),
  ('login7vpw9qijw2',14,2,'2016-4-10 10:37:47'),
  ('login1hvt4elyvd',1,2,'2016-7-5 18:7:13'),
  ('login25hf3gsyvr',156,9,'2016-9-2 2:4:48'),
  ('loginysh0uvbi81',252,8,'2016-6-2 5:6:31'),
  ('login7g5tzsx1cc',236,8,'2016-5-29 12:49:24'),
  ('loginbv1vg3pqu2',19,7,'2016-3-15 5:59:8'),
  ('loginvy2zb4cpym',221,0,'2016-4-20 7:5:34'),
  ('loging8hh9rbbdo',168,7,'2016-10-29 17:23:1'),
  ('loginifxuzeektn',224,9,'2016-8-13 8:19:32'),
  ('logindxj7l8b82i',82,2,'2016-8-4 7:43:35'),
  ('logind2g10622pq',122,4,'2016-12-2 14:14:24'),
  ('logini81e6oc6hv',229,3,'2016-5-23 5:34:48'),
  ('login2dgjbno5nz',239,1,'2016-10-6 15:48:42'),
  ('loginybh3tbdyhq',132,9,'2016-5-20 18:18:36'),
  ('logint4gu8iuzxt',3,9,'2016-6-4 3:55:3'),
  ('login1e2rn0n8mm',155,3,'2016-9-20 20:50:33'),
  ('loging8o5wv6a54',19,9,'2016-4-23 0:39:6'),
  ('login4nddzg52ml',194,8,'2016-10-5 11:24:6'),
  ('loginksfadrycnm',151,0,'2016-4-2 12:29:22'),
  ('login618sssd8ua',128,8,'2016-3-14 11:16:8'),
  ('logingxdb0zugw5',125,7,'2016-8-19 5:45:53'),
  ('loginvz8nhoy4fn',80,5,'2016-6-21 13:2:30'),
  ('logingxrmzeyeur',238,4,'2016-12-8 11:55:30'),
  ('loginjp89m78rmn',239,2,'2016-4-19 6:23:40'),
  ('loginxmud4dva96',40,5,'2016-8-29 3:8:10'),
  ('loginvvz6kjmzyh',89,3,'2016-3-23 13:59:58'),
  ('loginukst4hlcya',20,6,'2016-12-19 4:5:34'),
  ('loginayempauzl9',68,9,'2016-2-4 9:43:41'),
  ('login6269a1e15j',2,7,'2016-2-9 21:42:26'),
  ('loginvtehjmyxsv',188,7,'2016-4-27 7:7:50'),
  ('login9mkfafj6d1',227,8,'2016-6-5 4:16:22'),
  ('logino44dti3gv0',100,4,'2016-6-16 7:20:43'),
  ('loginhqbv78v0xk',157,0,'2016-4-17 8:23:28'),
  ('loginbv1vg3pqu2',190,0,'2016-5-9 6:38:52'),
  ('loginzclsczgd40',62,5,'2016-4-26 23:35:23'),
  ('loginyerseibc7a',10,4,'2016-5-27 12:46:3'),
  ('login5cyzf9dst9',130,9,'2016-12-4 8:25:21'),
  ('login1yjsmgw0v5',132,7,'2016-2-24 15:5:11'),
  ('login5lo48unl8m',144,2,'2016-8-29 17:50:4'),
  ('loginux7gd6xkd5',159,7,'2016-1-3 22:26:9'),
  ('loginhrntyvq68o',160,5,'2016-12-4 16:54:0'),
  ('loginmny29i5gn9',193,6,'2016-11-16 14:11:20'),
  ('login078j3slezg',97,4,'2016-12-28 13:53:14'),
  ('loginhqbv78v0xk',129,6,'2016-8-4 7:35:36'),
  ('login078j3slezg',69,8,'2016-2-13 6:21:41'),
  ('loginqnhajxzigg',121,3,'2016-4-22 14:40:13'),
  ('loginkjij2ztse4',111,1,'2016-10-7 8:25:16'),
  ('loginzcalktrht0',134,4,'2016-8-2 3:30:48'),
  ('login9mgrofsu3t',26,1,'2016-4-17 19:6:13'),
  ('loginnos767az7u',173,5,'2016-1-14 20:17:30'),
  ('loginlf4v4e3apg',163,5,'2016-1-16 6:53:18'),
  ('login1f1z2luypd',56,0,'2016-7-8 16:37:30'),
  ('login0x51jh25li',140,9,'2016-5-20 6:50:39'),
  ('loginwbhqjsagi6',20,8,'2016-10-2 20:45:10'),
  ('login5a36nonxjn',13,9,'2016-12-12 10:37:41'),
  ('loginmva4n2za1r',14,2,'2016-7-25 0:38:25'),
  ('login66s0v465g4',3,7,'2016-4-30 1:12:59'),
  ('loginyj8z368thf',130,6,'2016-3-29 17:20:49'),
  ('logini7t94grubo',232,8,'2016-5-8 17:14:44'),
  ('login6chftnh6hz',131,10,'2016-6-2 23:45:29'),
  ('login78lc85tfjh',242,2,'2016-11-27 0:36:54'),
  ('loginoid7domy3v',119,6,'2016-4-15 16:6:8'),
  ('logint7lxwvd02x',216,9,'2016-3-7 22:39:4'),
  ('loginynogu22g3f',90,5,'2016-11-1 3:28:23'),
  ('logind5lv79ln59',16,2,'2016-9-2 17:59:4'),
  ('loginhfc4d7uek0',153,5,'2016-9-30 13:20:38'),
  ('login24cfgk9ezi',69,10,'2016-2-11 14:0:4'),
  ('loginym735324ft',22,4,'2016-5-22 14:17:38'),
  ('loginotzrykf1vx',184,1,'2016-10-26 22:59:3'),
  ('login7m46lpca7j',67,7,'2016-7-6 3:45:35'),
  ('login4kplqlk79y',72,7,'2016-10-4 21:5:36'),
  ('loginxak3v1idnf',32,3,'2016-10-5 4:19:51'),
  ('loginzm4kerfau6',193,7,'2016-6-6 19:38:9'),
  ('login5cyzf9dst9',55,9,'2016-12-29 7:57:56'),
  ('logina3qoyxi1qv',154,2,'2016-2-20 15:35:57'),
  ('loginxu04scj73w',238,6,'2016-1-9 3:10:5'),
  ('login8cdlo0j12l',38,4,'2016-1-5 14:16:42'),
  ('loginlotlp6a9i0',67,2,'2016-5-16 5:56:48'),
  ('loginvz8nhoy4fn',128,7,'2016-8-20 15:37:34'),
  ('loginos8jdf3f1k',203,5,'2016-10-21 5:59:33'),
  ('loginvn1ulkeymg',166,4,'2016-2-25 1:55:5'),
  ('loginotzrykf1vx',130,9,'2016-10-10 8:31:8'),
  ('loginyyjt8jjssq',9,4,'2016-11-19 2:51:36'),
  ('loginp1lfk5bjki',256,4,'2016-8-12 6:45:37'),
  ('logingxrmzeyeur',63,0,'2016-11-10 0:37:26'),
  ('login0zvpsr4bxy',174,4,'2016-12-28 13:49:19'),
  ('loginztdvzjhhzb',0,3,'2016-11-20 19:22:46'),
  ('login2cpwwwmas9',228,1,'2016-9-14 11:36:44'),
  ('login1pesumlh4t',214,8,'2016-3-18 17:21:58'),
  ('login62bn1sjufa',101,6,'2016-5-24 16:27:22'),
  ('loginjp89m78rmn',205,2,'2016-8-15 23:0:53'),
  ('login2cpwwwmas9',172,7,'2016-8-21 16:53:11'),
  ('loginenpu26jq6a',100,5,'2016-6-17 14:8:52'),
  ('loginp1lfk5bjki',189,6,'2016-3-22 12:47:56'),
  ('loginffq7r7b81x',167,0,'2016-2-14 10:28:24'),
  ('logind5lv79ln59',216,9,'2016-1-3 17:15:41'),
  ('login7nkvqu4vie',224,1,'2016-8-1 3:4:41'),
  ('loginvsj84qowmq',56,10,'2016-8-12 6:3:25'),
  ('logins580e2q6ht',205,7,'2016-5-29 15:35:35'),
  ('login9mgrofsu3t',56,2,'2016-4-3 9:38:51'),
  ('loginq1cc0xn8xw',190,0,'2016-5-12 13:15:12'),
  ('login25xzwfsix9',163,4,'2016-5-27 1:30:46'),
  ('loginzau0hxdiyi',104,0,'2016-9-18 19:55:11'),
  ('loginhracli4vfw',196,3,'2016-9-21 21:42:27'),
  ('logint6ptns3co0',38,2,'2016-6-27 16:45:17'),
  ('loginh120zadygj',256,9,'2016-3-20 2:13:18'),
  ('login5r0imyyg5q',97,4,'2016-6-10 10:35:43'),
  ('loginu1sw25fftz',138,9,'2016-12-17 16:56:4'),
  ('loginbojxy9tb0n',46,10,'2016-5-20 16:36:29'),
  ('login078j3slezg',21,10,'2016-12-12 13:39:13'),
  ('loginxtnldshrf5',151,9,'2016-5-8 8:7:59'),
  ('loginv8wrespfgf',219,1,'2016-9-26 8:39:19'),
  ('loginu0irwvlk8w',240,0,'2016-7-23 16:58:15'),
  ('loginr6vs0dzzg6',258,2,'2016-6-29 22:44:20'),
  ('login1csuk692xe',72,1,'2016-8-24 8:31:20'),
  ('loginqwh71rryho',149,6,'2016-4-2 22:19:19'),
  ('loginobpsaj818c',20,0,'2016-12-23 13:54:44'),
  ('loginh1jwfdrdz2',257,1,'2016-11-11 16:56:43'),
  ('loginousn26fbbu',91,8,'2016-8-26 22:56:53'),
  ('loginnlyk5wshqo',220,8,'2016-9-5 9:52:21'),
  ('loginadyjwhkp0w',2,6,'2016-12-27 18:1:59'),
  ('login9mgrofsu3t',185,4,'2016-9-2 8:24:0'),
  ('logindcrbqwan23',19,0,'2016-9-14 0:41:3'),
  ('loginzm4kerfau6',33,8,'2016-4-23 11:39:8'),
  ('logintd5na5l9zp',155,0,'2016-11-4 5:49:12'),
  ('login5u9vaqj83a',175,4,'2016-11-19 17:51:30'),
  ('loginrp47lyisj9',239,7,'2016-7-4 16:42:25'),
  ('loginh87dutmlig',120,9,'2016-1-9 1:3:44'),
  ('loginmry2yume7q',18,5,'2016-2-16 0:52:56'),
  ('loginf92g86yhti',202,5,'2016-12-20 16:57:22'),
  ('loginlaq8job2ej',14,5,'2016-3-3 18:28:44'),
  ('login24cfgk9ezi',151,2,'2016-12-5 14:48:22'),
  ('loginvsj84qowmq',185,9,'2016-7-14 15:30:11'),
  ('logint7lxwvd02x',209,5,'2016-2-21 17:26:54'),
  ('loginnif1g5ne6v',98,7,'2016-11-29 20:22:35'),
  ('loginis6zg9path',38,3,'2016-6-29 7:3:53'),
  ('logincx5honqpwx',189,6,'2016-7-19 23:21:7'),
  ('loginogra2w3kuf',144,3,'2016-8-3 16:3:57'),
  ('loging3i8929ja6',14,2,'2016-12-20 8:16:22'),
  ('login0t4gq1rgt4',104,7,'2016-1-10 16:35:30'),
  ('logingce6nmdewg',236,2,'2016-7-7 20:31:10'),
  ('loginukst4hlcya',177,4,'2016-2-18 16:7:8'),
  ('login2wpu2ktym8',225,10,'2016-11-19 10:27:26'),
  ('loginbwgz9ag30a',46,8,'2016-6-6 21:20:16'),
  ('logindjufl9w4hg',130,1,'2016-5-5 1:3:32'),
  ('loginqocnfgb3pn',114,10,'2016-11-6 6:50:42'),
  ('loginpv9xqk8vyy',177,2,'2016-2-24 16:41:6'),
  ('loginynogu22g3f',38,0,'2016-9-14 1:2:19'),
  ('loginvn3pi0si9w',224,5,'2016-3-4 20:33:12'),
  ('loginjssedsc8t4',45,2,'2016-9-13 21:57:16'),
  ('loginlyl2junwcw',39,6,'2016-11-24 12:28:55'),
  ('logingxrmzeyeur',204,4,'2016-7-14 1:46:24'),
  ('logina3yvieric7',232,10,'2016-7-23 22:54:18'),
  ('loginc8eo199m77',105,1,'2016-7-2 2:35:5'),
  ('loginvjqdj7jw6r',123,6,'2016-12-19 18:44:44'),
  ('loginfit0cghwbd',165,1,'2016-2-30 8:47:22'),
  ('login3petsgiq5q',116,1,'2016-3-2 14:33:31'),
  ('login7vpw9qijw2',248,6,'2016-9-22 9:48:33'),
  ('loginnos767az7u',109,9,'2016-11-19 16:7:37'),
  ('loginhdfnjun11j',236,5,'2016-8-12 11:25:14'),
  ('logingidfnofwb6',179,5,'2016-1-11 6:10:6'),
  ('loginc8eo199m77',3,10,'2016-7-11 21:8:57'),
  ('loginko0h8ra6d6',20,4,'2016-10-26 23:3:35'),
  ('login1wb546qyz7',183,2,'2016-3-30 14:57:15'),
  ('loginlfgy00v82m',30,10,'2016-11-29 3:58:11'),
  ('logincm6iebv5qy',48,1,'2016-5-21 3:44:21'),
  ('loginzb9iheowpm',214,9,'2016-3-16 6:47:25'),
  ('logini7t94grubo',164,9,'2016-12-23 20:58:53'),
  ('login8dx46yc7h8',165,6,'2016-7-28 8:20:51'),
  ('loginslubp1j3q8',72,4,'2016-11-30 23:27:19'),
  ('loginxw4ls1oaff',113,2,'2016-8-20 15:52:12'),
  ('loginxak3v1idnf',77,6,'2016-12-24 2:40:57'),
  ('loginf92g86yhti',55,1,'2016-7-26 10:32:5'),
  ('login1hvt4elyvd',170,10,'2016-1-22 20:29:25'),
  ('logingwty9sw8as',87,10,'2016-7-19 15:12:11'),
  ('logina3qoyxi1qv',159,4,'2016-5-9 12:15:58'),
  ('loginn4a3mj78sg',51,4,'2016-6-19 5:46:18'),
  ('login6ufac5uei7',254,0,'2016-3-11 23:35:7'),
  ('loginwbhqjsagi6',257,10,'2016-7-13 10:37:18'),
  ('logint5hekphj8z',148,1,'2016-1-16 21:8:9'),
  ('logina7bnqv5l6m',4,6,'2016-11-17 4:55:25'),
  ('loginbwgz9ag30a',222,6,'2016-1-2 12:48:31'),
  ('login7u8rcqrm0l',146,9,'2016-3-11 19:11:34'),
  ('loginsh8mxsj8si',225,10,'2016-7-15 18:34:1'),
  ('loginxf960g3v39',126,10,'2016-8-1 12:14:27'),
  ('login2zrkk6raoi',64,6,'2016-7-28 6:52:28'),
  ('logingidfnofwb6',224,3,'2016-1-30 15:20:6'),
  ('loginoeh7xtm8wo',2,1,'2016-6-30 15:1:18'),
  ('loginhmgfveg1jr',28,9,'2016-12-22 17:19:51'),
  ('loginx33pki1ude',119,6,'2016-9-9 10:47:23'),
  ('login7hrsyfyl72',171,9,'2016-12-13 17:2:43'),
  ('loginybh3tbdyhq',220,7,'2016-4-22 7:22:21'),
  ('loginfgjepeah3i',179,1,'2016-10-30 14:54:37'),
  ('loginp1gj2japq9',214,2,'2016-3-19 12:38:50'),
  ('loginzau0hxdiyi',88,7,'2016-12-24 6:36:0'),
  ('loginda0no9cah6',207,2,'2016-8-21 23:28:18'),
  ('loginos8jdf3f1k',171,5,'2016-12-23 0:4:26'),
  ('loginhmgfveg1jr',4,8,'2016-5-30 7:44:21'),
  ('loginjk25rzmu4t',210,8,'2016-1-19 2:3:5'),
  ('loginp2cjjqzfjv',149,9,'2016-5-22 11:19:31'),
  ('login6rfgw4ijsb',91,9,'2016-9-5 11:28:1'),
  ('loginuj43ssxqr0',9,7,'2016-12-30 0:57:15'),
  ('loginmva4n2za1r',31,4,'2016-2-14 9:5:35'),
  ('loginqkrgp5lzi6',12,1,'2016-5-13 22:23:18'),
  ('login1zswvc3aep',140,6,'2016-1-14 18:14:51'),
  ('loginely1r97vhq',43,8,'2016-2-2 3:41:36'),
  ('loginqczv7p7ghw',187,7,'2016-1-16 14:16:5'),
  ('login5f7j6lrqal',97,2,'2016-7-28 21:17:55'),
  ('loginfinll6o03m',115,8,'2016-4-9 2:47:22'),
  ('logintfokv1vzjk',80,5,'2016-4-11 19:53:25'),
  ('loginx4d16wrtae',195,7,'2016-1-6 22:23:28'),
  ('loginnlyk5wshqo',29,6,'2016-11-20 11:52:25'),
  ('login8xqzjlmi3u',152,0,'2016-2-5 23:14:37'),
  ('login8w7enfqwk5',152,7,'2016-10-15 5:0:45'),
  ('logincgcg5din82',138,1,'2016-2-21 4:59:27'),
  ('login2cve1f4lu0',256,0,'2016-8-10 14:32:36'),
  ('login1e2rn0n8mm',11,10,'2016-7-12 4:31:30'),
  ('login9mbmif84bs',60,6,'2016-9-28 4:43:56'),
  ('logini7t94grubo',231,6,'2016-4-13 5:11:11'),
  ('login1hvt4elyvd',102,3,'2016-4-9 0:49:57'),
  ('loginx1zpd27pwd',175,9,'2016-3-10 6:26:1'),
  ('logint5hekphj8z',69,6,'2016-11-26 14:56:51'),
  ('login8u4wnysl96',249,1,'2016-7-3 13:3:59'),
  ('logincq9ysmbddc',10,4,'2016-6-14 21:8:7'),
  ('login3517y2m43n',170,8,'2016-2-25 1:52:38'),
  ('loginml3q0xaqtd',181,8,'2016-6-3 13:33:10'),
  ('login38i3seb40x',33,10,'2016-7-22 23:31:15'),
  ('loginrhga32f7t2',120,1,'2016-2-24 18:0:18'),
  ('loginjp89m78rmn',12,6,'2016-8-5 0:52:6'),
  ('loging6hnh0uovw',29,10,'2016-12-20 13:33:35'),
  ('login8xdtunvdwm',130,7,'2016-12-20 9:16:4'),
  ('loginxak3v1idnf',18,1,'2016-8-18 19:38:3'),
  ('login1f1z2luypd',240,0,'2016-1-5 0:7:53'),
  ('logina3qoyxi1qv',67,9,'2016-3-25 3:13:53'),
  ('loginecqm5kwz50',37,5,'2016-6-13 20:13:33'),
  ('login1e2rn0n8mm',130,1,'2016-8-1 12:44:50'),
  ('loginksfadrycnm',173,8,'2016-5-11 4:39:58'),
  ('login0p3kxnq2jg',141,1,'2016-5-6 19:4:41'),
  ('logingnvyntgurw',239,2,'2016-6-27 7:50:6'),
  ('logins6b7jnmavs',187,1,'2016-10-22 16:12:53'),
  ('loginx21ohz9l4z',84,0,'2016-8-11 18:34:9'),
  ('logindow3q2pt3m',1,10,'2016-12-16 9:38:17'),
  ('login9lxonsuw25',74,2,'2016-10-18 20:15:20'),
  ('login6nuvw1i018',178,4,'2016-10-7 12:17:39'),
  ('loginwbhqjsagi6',147,1,'2016-6-26 4:59:3'),
  ('login7u8rcqrm0l',109,8,'2016-10-13 16:11:32'),
  ('loginq9zf07z25y',39,5,'2016-11-17 23:37:10'),
  ('logindjufl9w4hg',198,0,'2016-8-6 3:52:41'),
  ('login3petsgiq5q',119,8,'2016-4-10 6:10:19'),
  ('loginl3yrk10308',59,3,'2016-1-19 13:56:59'),
  ('loginhnm21hnml2',90,4,'2016-9-26 6:47:9'),
  ('login0yntf4t4ct',89,6,'2016-8-27 10:43:21'),
  ('loginqu14t015xq',60,9,'2016-8-17 21:16:41'),
  ('login618sssd8ua',257,2,'2016-3-29 19:52:5'),
  ('loginfiwn3igiad',27,8,'2016-12-12 11:14:48'),
  ('login7qbfnslon1',61,7,'2016-10-24 13:36:10'),
  ('login9quzdptsfx',211,2,'2016-7-20 13:0:38'),
  ('loging8o5wv6a54',75,1,'2016-10-1 7:11:59'),
  ('loginmbnb51wkx4',126,4,'2016-5-5 11:36:32'),
  ('logingkdvdb973n',174,10,'2016-11-27 16:59:49'),
  ('loginvxv1ho2ubx',149,2,'2016-1-23 2:54:49'),
  ('loginhzol30m8df',210,1,'2016-9-5 13:49:0'),
  ('loginm95pfexz2x',53,0,'2016-2-3 17:51:12'),
  ('loginmyl9xlyz12',60,1,'2016-9-16 14:34:41'),
  ('login7m46lpca7j',23,8,'2016-11-28 15:35:47'),
  ('loginxf960g3v39',153,4,'2016-7-24 1:59:48'),
  ('logink8nnn6h6o8',11,3,'2016-4-25 18:10:44'),
  ('login6qre1op5qr',145,10,'2016-9-20 12:59:3'),
  ('login544xypysab',249,10,'2016-11-30 1:34:39'),
  ('loginy87p1ot64i',9,3,'2016-2-20 22:24:28'),
  ('loginb74ukkt0cr',153,1,'2016-4-9 9:46:37'),
  ('loginm95pfexz2x',70,8,'2016-11-23 21:53:58'),
  ('loginxak3v1idnf',48,1,'2016-3-11 3:39:9'),
  ('loginxl5k8m24lx',130,0,'2016-9-25 8:28:15'),
  ('loginlqy66utl6f',15,5,'2016-4-15 20:34:46'),
  ('login2cve1f4lu0',253,8,'2016-4-13 6:57:2'),
  ('logint195jowq1a',154,1,'2016-9-7 18:14:2'),
  ('logint38vhlqond',170,0,'2016-4-26 5:16:58'),
  ('login1ops7yx5ne',156,1,'2016-2-19 21:50:56'),
  ('login1ops7yx5ne',123,8,'2016-10-25 3:14:48'),
  ('login4buq7pj1ab',235,10,'2016-10-25 2:40:37'),
  ('loginbojxy9tb0n',166,5,'2016-7-17 15:3:52'),
  ('login162t4vq0q4',33,3,'2016-4-15 16:54:2'),
  ('login0udrnu2uxr',25,0,'2016-10-11 23:40:11'),
  ('loginro0wz5xcko',210,0,'2016-3-7 14:36:7'),
  ('loginff1z7a9ejh',209,9,'2016-2-4 11:9:13'),
  ('logindddwju3qof',250,0,'2016-4-30 19:30:52'),
  ('loginyj8z368thf',243,9,'2016-9-1 15:55:36'),
  ('loginn4a3mj78sg',173,0,'2016-11-1 20:58:35'),
  ('loginp1mm5cbsgt',123,3,'2016-4-18 12:30:14'),
  ('loginlximyqzggu',243,1,'2016-4-23 0:23:11'),
  ('login4o47zru1qt',23,9,'2016-1-6 15:19:30'),
  ('loginvxv1ho2ubx',136,7,'2016-5-23 13:39:34'),
  ('loginki9dg83rbc',257,2,'2016-7-19 15:3:26'),
  ('login3xy09rah5c',4,1,'2016-2-12 3:36:34'),
  ('logintug2gwroev',229,10,'2016-4-4 10:21:57'),
  ('login7kvlsmqig6',41,8,'2016-11-26 0:9:3'),
  ('logins6b7jnmavs',139,6,'2016-10-23 8:59:30'),
  ('logins0ifj855vn',108,3,'2016-4-13 1:26:42'),
  ('login7v4hy2u8sz',209,1,'2016-12-21 5:28:18'),
  ('loginbnsy4vz16o',115,0,'2016-11-29 23:26:46'),
  ('loginoeh7xtm8wo',15,4,'2016-9-2 10:30:49'),
  ('loginbwgz9ag30a',224,2,'2016-8-4 22:36:30'),
  ('login7m46lpca7j',98,7,'2016-11-2 4:37:9'),
  ('loginbg00i8myy6',89,7,'2016-11-3 6:38:48'),
  ('loginksfadrycnm',114,10,'2016-4-15 2:41:23'),
  ('login78lc85tfjh',250,10,'2016-5-19 14:50:26'),
  ('loginr7oow13gfk',257,4,'2016-11-11 10:34:52'),
  ('loginn4xbdf75hm',231,0,'2016-6-14 19:43:16'),
  ('loginyj8z368thf',25,0,'2016-3-24 4:15:41'),
  ('login22gt77m679',55,10,'2016-2-7 4:0:47'),
  ('loginfzv3unesdw',39,4,'2016-2-30 4:53:53'),
  ('login7m46lpca7j',136,5,'2016-7-17 8:55:6'),
  ('login2dgjbno5nz',196,0,'2016-11-29 11:4:55'),
  ('loginnos767az7u',65,6,'2016-1-21 21:14:24'),
  ('login7csr2i9e6t',249,0,'2016-2-26 14:30:20'),
  ('login3dxpt6oedk',104,7,'2016-12-17 10:58:35'),
  ('loginl6x2gjw6cy',193,9,'2016-6-27 4:8:23'),
  ('loginvsbwun0e13',64,1,'2016-5-12 12:49:38'),
  ('login24icbmyg8r',170,4,'2016-9-3 19:39:24'),
  ('login2dgjbno5nz',172,8,'2016-4-18 12:34:59'),
  ('loginapn3phykcu',171,6,'2016-1-18 11:40:23'),
  ('login0h737xuh9d',116,4,'2016-10-16 15:32:28'),
  ('loginaqlagscdyr',110,0,'2016-6-9 8:42:37'),
  ('login1e2rn0n8mm',112,5,'2016-3-22 3:17:4'),
  ('logingidfnofwb6',106,9,'2016-12-14 3:39:3'),
  ('loginp1lfk5bjki',213,5,'2016-7-25 15:44:2'),
  ('loginksfadrycnm',55,4,'2016-4-16 1:42:28'),
  ('loginybh3tbdyhq',189,5,'2016-9-21 3:14:56'),
  ('loginxluj7xr2ki',210,3,'2016-7-16 1:45:2'),
  ('loginieif17lwbx',182,6,'2016-2-5 11:59:49'),
  ('loginj91jh3amru',147,4,'2016-1-27 1:48:48'),
  ('login0dxlnllfma',20,10,'2016-5-29 23:25:7'),
  ('logind9kpwv3ymb',154,2,'2016-3-12 1:38:40'),
  ('logint195jowq1a',253,6,'2016-2-29 21:55:40'),
  ('login8b2hdoxu0u',101,7,'2016-8-30 13:6:33'),
  ('loginfegt9s3s2m',105,10,'2016-1-13 20:55:36'),
  ('loginebwq8pde12',0,4,'2016-10-22 6:55:46'),
  ('loginvg1b3g1gbz',12,10,'2016-3-26 2:32:24'),
  ('loginarldktc1z7',120,10,'2016-9-19 1:42:12'),
  ('login399gg3ahz5',175,4,'2016-4-30 5:47:35'),
  ('logins44mw2i37v',27,5,'2016-1-11 21:43:7'),
  ('loginj8cxxds7mj',194,1,'2016-1-27 21:24:48'),
  ('loginaqjvj5p4i3',43,0,'2016-4-17 8:19:44'),
  ('loginncepr08gs2',193,6,'2016-2-16 8:29:49'),
  ('loginfinll6o03m',14,0,'2016-9-7 17:27:35'),
  ('loginc8eo199m77',139,7,'2016-8-24 3:37:25'),
  ('logintug2gwroev',236,2,'2016-4-16 23:22:30'),
  ('logingidfnofwb6',67,4,'2016-3-10 7:53:25'),
  ('login3petsgiq5q',9,9,'2016-8-24 8:53:43'),
  ('loginyubw7ik9dm',20,0,'2016-12-9 16:42:18'),
  ('loginqtam7mvwpn',249,10,'2016-3-29 17:34:5'),
  ('loginlelrqb4o8z',57,10,'2016-11-15 22:20:40'),
  ('logins44mw2i37v',210,7,'2016-3-8 3:3:38'),
  ('login9mkfafj6d1',29,9,'2016-9-28 0:51:55'),
  ('login9lxonsuw25',116,0,'2016-8-4 20:35:34'),
  ('loginb74ukkt0cr',218,7,'2016-6-22 3:17:45'),
  ('loginva2agzg997',91,7,'2016-7-20 1:40:29'),
  ('loginev7zwofk3o',250,6,'2016-11-5 6:41:9'),
  ('login19l2s6m54z',36,0,'2016-7-13 18:21:52'),
  ('logint38vhlqond',16,0,'2016-8-23 15:44:28'),
  ('loginjkz8dn9a86',176,6,'2016-10-11 4:29:27'),
  ('login3517y2m43n',26,5,'2016-10-13 14:31:3'),
  ('login81v85ei4tw',130,1,'2016-12-26 23:21:31'),
  ('login6qre1op5qr',197,8,'2016-2-22 9:42:54'),
  ('loginhqbv78v0xk',36,8,'2016-10-24 1:13:53'),
  ('loginxw4ls1oaff',252,1,'2016-10-29 22:9:41'),
  ('login2cve1f4lu0',195,10,'2016-11-3 0:46:40'),
  ('loginizj7nnx6nn',154,4,'2016-2-9 19:50:50'),
  ('login8b2hdoxu0u',235,8,'2016-9-17 12:20:58'),
  ('login3hidkqghse',121,7,'2016-4-15 16:12:40'),
  ('loginecht8lp3ts',220,0,'2016-4-17 1:20:18'),
  ('login0fjjf0dh0l',113,10,'2016-9-27 10:48:5'),
  ('loginwdl5jy2vsj',145,8,'2016-5-29 16:22:50'),
  ('loginyubw7ik9dm',33,2,'2016-2-23 1:14:40'),
  ('loginn11hts3bk3',244,10,'2016-3-16 14:19:41'),
  ('login8b2hdoxu0u',71,6,'2016-7-12 2:20:58'),
  ('loginifxuzeektn',61,10,'2016-12-3 9:8:50'),
  ('login892lrm1exu',65,7,'2016-1-23 20:58:47'),
  ('loginr7oow13gfk',168,8,'2016-1-19 18:28:14'),
  ('loginmva4n2za1r',161,9,'2016-4-12 22:15:22'),
  ('login6x06mnmnmv',35,5,'2016-4-3 5:13:21'),
  ('loginyyjt8jjssq',188,3,'2016-1-17 6:57:51'),
  ('loginweano9qtl5',198,4,'2016-8-26 10:6:53'),
  ('loginrsn2wkteor',183,7,'2016-1-16 19:56:51'),
  ('logind5lv79ln59',109,4,'2016-12-23 22:33:32'),
  ('logink8nnn6h6o8',121,9,'2016-3-6 11:17:16'),
  ('loginvxv1ho2ubx',241,4,'2016-9-23 17:45:44'),
  ('loginw3lgyuirmj',136,2,'2016-12-14 12:39:0'),
  ('loginjssedsc8t4',252,8,'2016-7-15 17:56:6'),
  ('login892lrm1exu',227,10,'2016-9-10 6:4:21'),
  ('loginff1z7a9ejh',68,3,'2016-12-5 4:58:18'),
  ('loginb7n44lftiy',257,9,'2016-10-2 6:17:6'),
  ('loginyj8z368thf',152,0,'2016-11-15 9:23:35'),
  ('login8cdlo0j12l',73,8,'2016-4-9 20:5:54'),
  ('loginzau0hxdiyi',3,0,'2016-1-8 23:20:44'),
  ('logina3qoyxi1qv',101,1,'2016-8-1 13:37:7'),
  ('loginryouo43b5t',107,7,'2016-11-16 11:57:24'),
  ('loginme8bh5ls0u',258,7,'2016-1-2 9:21:8'),
  ('logint4gu8iuzxt',143,6,'2016-9-12 13:47:56'),
  ('loginww4yp2nb48',193,3,'2016-8-13 21:39:55'),
  ('login6z3jf8e0kf',23,5,'2016-7-11 19:42:44'),
  ('loginqu14t015xq',40,3,'2016-2-17 8:34:22'),
  ('login1wb546qyz7',244,2,'2016-2-15 19:31:50'),
  ('login4bbydl53rh',73,6,'2016-11-2 1:23:9'),
  ('login3ixzwivexj',236,4,'2016-7-10 21:19:4'),
  ('loginyyjt8jjssq',180,1,'2016-5-29 22:11:9'),
  ('loginrdbq8g2mi9',158,10,'2016-1-10 21:25:40'),
  ('loginely1r97vhq',115,6,'2016-2-11 6:50:41'),
  ('logine62suqjb7g',43,1,'2016-6-18 20:47:59'),
  ('loginqddsd5khx1',33,1,'2016-8-26 6:24:56'),
  ('loginnn73j10gkn',64,9,'2016-3-11 7:8:49'),
  ('loginfegt9s3s2m',177,4,'2016-11-18 7:47:28'),
  ('loginviybl7z2q4',179,9,'2016-10-18 12:46:33'),
  ('logincm6iebv5qy',239,7,'2016-5-4 14:34:19'),
  ('logineld4r1yewi',187,8,'2016-6-8 12:52:38'),
  ('login6qre1op5qr',117,10,'2016-8-5 9:54:41'),
  ('loginieif17lwbx',133,1,'2016-2-11 3:40:39'),
  ('login19l2s6m54z',228,10,'2016-2-15 16:44:59'),
  ('logindddwju3qof',98,9,'2016-3-18 8:50:1'),
  ('loginkrvx5s6bbo',238,3,'2016-12-8 0:7:28'),
  ('logina2he41ruqt',171,10,'2016-10-11 3:2:36'),
  ('login0x51jh25li',43,0,'2016-1-21 8:2:3'),
  ('logint38vhlqond',59,9,'2016-11-7 17:57:42'),
  ('loginzm4kerfau6',93,9,'2016-10-28 15:27:46'),
  ('loginl7ekvt7e0x',226,2,'2016-6-6 1:43:5'),
  ('logini4x16jjddm',2,9,'2016-8-17 11:40:36'),
  ('loginul3hg7tm0c',47,5,'2016-4-23 1:21:0'),
  ('loginbaic48p0lk',32,8,'2016-12-16 11:33:34'),
  ('loginj91jh3amru',86,10,'2016-6-14 16:51:13'),
  ('loginr7oow13gfk',91,8,'2016-5-19 21:31:13'),
  ('loginqu14t015xq',75,1,'2016-4-1 20:10:11'),
  ('logingo6dqmbd16',90,2,'2016-4-11 8:58:13'),
  ('loginl0jkqvp2vd',93,8,'2016-6-12 21:55:12'),
  ('loginnlyk5wshqo',48,1,'2016-7-14 18:18:34'),
  ('loginaqjvj5p4i3',154,0,'2016-5-15 16:17:39'),
  ('login0udrnu2uxr',73,6,'2016-8-9 17:12:6'),
  ('login62bn1sjufa',116,3,'2016-2-9 20:30:43'),
  ('loging053b8tlc4',68,10,'2016-5-6 21:21:40'),
  ('logineld4r1yewi',88,8,'2016-5-13 23:13:26'),
  ('login6chftnh6hz',59,9,'2016-3-19 3:53:6'),
  ('logini81e6oc6hv',169,2,'2016-10-14 0:16:1'),
  ('login81v85ei4tw',84,3,'2016-1-7 19:41:34'),
  ('loging053b8tlc4',37,9,'2016-11-26 21:2:5'),
  ('loginlfgy00v82m',234,3,'2016-1-8 10:4:40'),
  ('login6rfgw4ijsb',145,3,'2016-6-3 6:49:35'),
  ('loginyyjt8jjssq',39,10,'2016-6-24 15:57:21'),
  ('loginecht8lp3ts',44,2,'2016-6-2 0:21:46'),
  ('login1csuk692xe',104,0,'2016-5-2 2:54:12'),
  ('login162t4vq0q4',255,5,'2016-11-23 18:26:48'),
  ('loginx1zpd27pwd',31,3,'2016-8-29 7:9:52'),
  ('login3xy09rah5c',173,6,'2016-12-27 10:17:32'),
  ('login2amb16mkze',105,9,'2016-1-1 6:58:7'),
  ('logindxj7l8b82i',167,3,'2016-3-27 7:34:9'),
  ('loginrhga32f7t2',52,2,'2016-2-20 21:5:19'),
  ('logincrx8io9l90',103,5,'2016-4-17 23:38:20'),
  ('logingnvyntgurw',63,4,'2016-12-3 10:56:36'),
  ('loginxgugcc0yn6',192,5,'2016-11-19 2:53:56'),
  ('loginryouo43b5t',143,9,'2016-10-21 21:34:39'),
  ('loginme8bh5ls0u',36,0,'2016-5-27 13:40:37'),
  ('loginmyl9xlyz12',190,3,'2016-10-10 19:44:52'),
  ('logintioqq0iyu8',94,0,'2016-11-18 14:7:16'),
  ('logintav6657n6m',21,9,'2016-7-5 20:35:12'),
  ('loginyp1865nydm',43,10,'2016-5-21 22:16:3'),
  ('loginvz8nhoy4fn',128,6,'2016-11-21 21:47:46'),
  ('loginc8mmc4thr7',182,5,'2016-4-25 1:17:30'),
  ('loginslubp1j3q8',106,4,'2016-1-8 14:8:44'),
  ('login618sssd8ua',182,2,'2016-7-11 14:13:43'),
  ('login5ho8d9mcta',121,5,'2016-7-19 20:31:54'),
  ('logincm6iebv5qy',179,2,'2016-4-11 5:34:57'),
  ('login0udrnu2uxr',197,6,'2016-4-6 14:57:29'),
  ('loginpv9xqk8vyy',87,1,'2016-7-2 10:47:9'),
  ('login1e2rn0n8mm',222,4,'2016-2-26 3:47:17'),
  ('loginxluj7xr2ki',164,9,'2016-8-6 6:27:10'),
  ('loginofo5fvrtbe',44,1,'2016-4-30 2:15:23'),
  ('login9mbmif84bs',128,8,'2016-5-28 6:34:43'),
  ('logini4x16jjddm',188,3,'2016-8-9 23:56:30'),
  ('loginfegt9s3s2m',120,7,'2016-1-26 1:38:35'),
  ('loging053b8tlc4',16,6,'2016-1-14 11:5:37'),
  ('logincgcg5din82',215,6,'2016-5-17 22:35:35'),
  ('loginl1wb8w8fx3',116,10,'2016-1-17 20:20:26'),
  ('loginuugvsr5fay',75,1,'2016-9-26 18:13:23'),
  ('logindg7e1r450p',201,7,'2016-11-15 16:44:43'),
  ('login04cz7tvwie',95,3,'2016-6-2 21:41:17'),
  ('loginffq7r7b81x',169,7,'2016-5-5 5:26:52'),
  ('loginml3q0xaqtd',95,7,'2016-5-24 21:7:55'),
  ('login1hvt4elyvd',36,4,'2016-6-15 11:2:10'),
  ('loginy87p1ot64i',126,5,'2016-2-27 16:37:40'),
  ('loginecht8lp3ts',101,6,'2016-12-19 23:14:36'),
  ('login5u9vaqj83a',157,1,'2016-2-14 13:5:34'),
  ('loginlyl2junwcw',66,4,'2016-2-11 1:41:33'),
  ('loginzqtucz2yrk',12,9,'2016-12-28 10:29:56'),
  ('login5a36nonxjn',80,6,'2016-6-7 14:37:7'),
  ('loginayempauzl9',219,0,'2016-2-3 7:30:41'),
  ('login38i3seb40x',188,4,'2016-3-12 21:8:56'),
  ('loginj9dxat750i',109,2,'2016-8-14 9:55:34'),
  ('loginn3n3xudwa2',143,6,'2016-7-25 13:17:4'),
  ('login6x06mnmnmv',87,5,'2016-7-3 6:34:27'),
  ('loginsvr7ithgjv',124,9,'2016-2-3 4:16:8'),
  ('login1wb546qyz7',136,6,'2016-7-3 22:26:29'),
  ('loginncepr08gs2',207,10,'2016-7-22 9:25:16'),
  ('logincm6iebv5qy',7,1,'2016-4-18 8:17:44'),
  ('logingdhs22womi',151,10,'2016-5-16 2:48:53'),
  ('loginvsj84qowmq',217,5,'2016-11-1 8:39:50'),
  ('loginc8eo199m77',144,7,'2016-3-22 21:14:18'),
  ('logindxzrcotfyi',256,1,'2016-8-20 14:0:1'),
  ('loginv8wrespfgf',18,9,'2016-5-13 2:12:13'),
  ('loginousn26fbbu',210,6,'2016-9-8 17:52:24'),
  ('loginv8wrespfgf',223,0,'2016-5-27 14:26:14'),
  ('loginqbvdo878sf',90,3,'2016-1-13 15:6:57'),
  ('login1zswvc3aep',101,6,'2016-10-29 17:36:26'),
  ('login2amb16mkze',118,3,'2016-1-19 6:39:51'),
  ('login5r0imyyg5q',206,1,'2016-6-14 0:36:9'),
  ('loginybh3tbdyhq',107,3,'2016-9-4 5:19:44'),
  ('logindg7e1r450p',59,5,'2016-9-12 11:41:40'),
  ('loginmry2yume7q',23,2,'2016-3-3 18:40:0'),
  ('login6n4zkpq04a',245,9,'2016-6-15 15:20:2'),
  ('logingmtgrbpxos',129,5,'2016-10-6 21:15:59'),
  ('loginqdds0487rv',241,6,'2016-4-20 19:50:22'),
  ('loginsh8mxsj8si',157,10,'2016-3-21 11:45:58'),
  ('login057jgbayur',32,1,'2016-6-22 14:34:6'),
  ('loginknji8smuij',193,9,'2016-7-9 2:47:42'),
  ('logindogovd5u53',157,8,'2016-8-22 22:31:4'),
  ('loginbdqd7uyrhk',119,6,'2016-5-21 18:8:50'),
  ('logink6yn2qtlvo',227,7,'2016-12-18 2:51:16'),
  ('logindpw1bbse6u',164,9,'2016-4-13 1:22:24'),
  ('loginncepr08gs2',239,10,'2016-2-24 8:36:39'),
  ('login0dxlnllfma',83,5,'2016-6-29 6:56:59'),
  ('login9mbmif84bs',48,0,'2016-1-7 22:54:8'),
  ('loginqr97b08j3i',5,5,'2016-4-10 22:56:49'),
  ('login6269a1e15j',122,0,'2016-12-2 20:18:18'),
  ('loginizj7nnx6nn',91,2,'2016-8-23 1:42:29'),
  ('login5f7j6lrqal',59,1,'2016-2-3 7:24:23'),
  ('login8xdtunvdwm',9,9,'2016-5-18 12:50:17'),
  ('login0t4gq1rgt4',233,10,'2016-8-6 7:52:50'),
  ('login078j3slezg',209,2,'2016-4-2 0:33:13'),
  ('loginlph7q4sqld',207,0,'2016-1-5 1:35:0'),
  ('logino2t76uko5r',109,0,'2016-2-24 9:51:5'),
  ('loginfxclfaj5s6',235,10,'2016-8-10 21:2:10'),
  ('login1pesumlh4t',255,7,'2016-11-11 14:33:50'),
  ('loginfgjepeah3i',82,9,'2016-4-7 8:5:52'),
  ('logind2g10622pq',4,0,'2016-7-26 6:55:49'),
  ('login892lrm1exu',92,6,'2016-2-9 17:21:18'),
  ('loginh120zadygj',44,0,'2016-3-15 0:54:57'),
  ('loginrdbq8g2mi9',67,7,'2016-1-13 15:6:30'),
  ('loginysi57ozqv6',136,9,'2016-8-8 10:50:40'),
  ('login9mbmif84bs',77,6,'2016-8-28 16:12:19'),
  ('loginqaz6upc7cs',212,10,'2016-6-18 2:20:33'),
  ('loginn11hts3bk3',224,6,'2016-6-13 10:12:7'),
  ('loginh1jwfdrdz2',54,10,'2016-5-11 15:13:14'),
  ('loginwbhqjsagi6',252,10,'2016-12-7 13:55:40'),
  ('login7lagvpe0np',141,3,'2016-6-16 23:20:14'),
  ('logint4gu8iuzxt',28,8,'2016-2-14 7:57:30'),
  ('loginzclsczgd40',257,9,'2016-6-29 1:7:56'),
  ('logina3yvieric7',231,1,'2016-4-24 14:10:42'),
  ('loginnif1g5ne6v',70,0,'2016-5-5 12:9:33'),
  ('loginoxow1a74y8',23,6,'2016-4-7 16:24:47'),
  ('loginq1cc0xn8xw',209,9,'2016-3-7 6:12:25'),
  ('login8dx46yc7h8',202,3,'2016-2-9 4:18:28'),
  ('logincrx8io9l90',46,6,'2016-5-11 21:56:29'),
  ('login162t4vq0q4',185,0,'2016-10-19 18:33:23'),
  ('login5s6r4idw9j',96,10,'2016-4-23 8:17:41'),
  ('loginq1cc0xn8xw',250,8,'2016-1-22 14:42:34'),
  ('loginj8cxxds7mj',52,8,'2016-4-3 5:47:19'),
  ('loginhdfnjun11j',257,2,'2016-3-26 0:5:49'),
  ('login1pesumlh4t',132,4,'2016-9-9 19:21:41'),
  ('loginuj43ssxqr0',90,8,'2016-12-18 14:30:5'),
  ('logincrx8io9l90',232,7,'2016-8-23 1:56:18'),
  ('loginviybl7z2q4',182,8,'2016-2-17 23:23:41'),
  ('login5f7j6lrqal',218,0,'2016-2-12 13:52:44'),
  ('loginhqbv78v0xk',179,0,'2016-9-26 9:47:4'),
  ('login1hvt4elyvd',165,7,'2016-11-27 13:3:22'),
  ('logintav6657n6m',14,10,'2016-5-1 11:3:16'),
  ('loginr0boo23fpl',126,2,'2016-7-21 0:18:43'),
  ('loginebwq8pde12',76,4,'2016-7-23 11:40:4'),
  ('login751ervgjfd',121,2,'2016-7-18 20:6:4'),
  ('login2z3kaiokor',159,7,'2016-3-4 23:22:18'),
  ('login1ops7yx5ne',181,5,'2016-4-19 16:12:17'),
  ('loginp1gj2japq9',154,7,'2016-6-27 15:45:8'),
  ('login1hvt4elyvd',68,5,'2016-2-22 11:51:23'),
  ('loginos8jdf3f1k',161,9,'2016-4-14 0:14:57'),
  ('logint195jowq1a',150,3,'2016-5-17 11:41:10'),
  ('loginn11hts3bk3',37,9,'2016-1-2 2:10:36'),
  ('loginxmud4dva96',125,3,'2016-7-2 22:9:0'),
  ('logint5hekphj8z',150,0,'2016-7-23 18:13:20'),
  ('loginxw4ls1oaff',89,4,'2016-11-18 3:45:43'),
  ('loginfiwn3igiad',128,8,'2016-10-26 23:36:29'),
  ('loginlqy66utl6f',29,9,'2016-10-12 16:21:46'),
  ('loginx33pki1ude',228,3,'2016-2-1 0:15:12'),
  ('login9quzdptsfx',255,9,'2016-8-9 4:8:3'),
  ('loginnn73j10gkn',50,9,'2016-8-2 19:30:31'),
  ('loginrp47lyisj9',179,3,'2016-6-22 14:49:18'),
  ('loginn11hts3bk3',7,4,'2016-12-19 7:22:31'),
  ('loginqwh71rryho',233,9,'2016-1-28 19:47:39'),
  ('loginecqm5kwz50',78,0,'2016-11-3 10:12:4'),
  ('loginoid7domy3v',29,9,'2016-1-25 11:35:59'),
  ('loginbv1vg3pqu2',61,8,'2016-9-20 3:8:52'),
  ('login9mkfafj6d1',36,10,'2016-3-5 12:33:18'),
  ('loginga0ah9wgvo',4,1,'2016-7-10 23:23:14'),
  ('login8o5vj4mdkd',205,9,'2016-6-27 21:30:13'),
  ('login4kplqlk79y',4,7,'2016-9-10 23:44:52'),
  ('loginaqjvj5p4i3',107,10,'2016-12-11 19:55:49'),
  ('loginq9zf07z25y',140,4,'2016-8-13 0:26:1'),
  ('logindxzrcotfyi',100,9,'2016-1-16 14:11:25'),
  ('login0yntf4t4ct',86,2,'2016-8-22 0:27:38'),
  ('logini4x16jjddm',79,4,'2016-1-14 11:43:55'),
  ('loginsh8mxsj8si',165,6,'2016-2-20 14:53:52'),
  ('login481vc9edd6',63,10,'2016-2-12 2:57:50'),
  ('loginmy9h9en5wi',62,6,'2016-6-3 2:31:23'),
  ('loginzclsczgd40',50,3,'2016-7-27 1:47:48'),
  ('loginmbnb51wkx4',52,9,'2016-1-3 0:40:3'),
  ('loginfegt9s3s2m',118,1,'2016-5-5 14:4:16'),
  ('loginrdbq8g2mi9',8,5,'2016-11-26 16:30:26'),
  ('logins580e2q6ht',55,10,'2016-4-14 9:42:37'),
  ('loginpl2axw4a5s',20,3,'2016-9-22 8:36:23'),
  ('login8b2hdoxu0u',169,0,'2016-10-20 22:24:24'),
  ('loginbnsy4vz16o',115,10,'2016-7-29 15:12:3'),
  ('loginjp89m78rmn',105,4,'2016-10-21 14:53:17'),
  ('loginfit0cghwbd',245,2,'2016-2-4 11:36:3'),
  ('login1yjsmgw0v5',167,7,'2016-9-16 6:10:34'),
  ('logins580e2q6ht',40,1,'2016-2-20 18:3:19'),
  ('login7m46lpca7j',87,1,'2016-11-7 21:51:12'),
  ('login9lxonsuw25',44,2,'2016-4-2 4:8:35'),
  ('loginybh3tbdyhq',59,5,'2016-10-13 9:57:28'),
  ('login22gt77m679',175,2,'2016-1-3 22:17:5'),
  ('login8ikmmuzzvx',160,9,'2016-1-12 17:28:11'),
  ('login8l172tugru',73,10,'2016-12-14 0:24:56'),
  ('loginadyjwhkp0w',129,7,'2016-1-21 20:1:4'),
  ('login7pgw8kwqum',121,5,'2016-10-9 15:49:30'),
  ('loginme8bh5ls0u',200,5,'2016-6-16 15:8:54'),
  ('logingwty9sw8as',32,5,'2016-4-4 11:21:54'),
  ('loginnepmc7rmzc',234,5,'2016-2-2 2:6:22'),
  ('loginlelrqb4o8z',108,7,'2016-6-26 1:24:45'),
  ('login1yeky7f5ll',200,10,'2016-12-29 19:56:24'),
  ('loginxtnldshrf5',184,4,'2016-5-10 0:2:15'),
  ('logincx5honqpwx',63,7,'2016-5-8 16:45:13'),
  ('loginx5rvhszib7',5,5,'2016-5-20 15:44:27'),
  ('loginti4ys1gcsg',228,4,'2016-9-30 9:7:41'),
  ('login481vc9edd6',256,3,'2016-3-12 12:19:13'),
  ('loginrp47lyisj9',12,5,'2016-10-30 18:21:45'),
  ('login22gt77m679',214,3,'2016-3-26 22:51:34'),
  ('login5lo48unl8m',125,0,'2016-7-23 4:53:45'),
  ('loginux7gd6xkd5',80,3,'2016-11-25 19:33:36'),
  ('loginvtehjmyxsv',224,2,'2016-1-24 20:38:31'),
  ('login3hcyfb6mau',229,5,'2016-9-2 17:21:33'),
  ('loginh2afhgz7qt',236,3,'2016-9-28 17:30:9'),
  ('logindpzj8jsbvp',232,9,'2016-3-15 8:35:7'),
  ('login3xy09rah5c',160,1,'2016-10-18 9:17:38'),
  ('login2amb16mkze',134,0,'2016-9-14 22:48:53'),
  ('loginuj43ssxqr0',152,5,'2016-7-16 11:7:33'),
  ('loginl6x2gjw6cy',230,3,'2016-4-8 0:25:42'),
  ('loginynogu22g3f',59,2,'2016-10-29 6:53:23'),
  ('loginiiikjgyj59',25,4,'2016-9-11 22:46:8'),
  ('loginl1wb8w8fx3',137,10,'2016-8-17 23:55:11'),
  ('loginenpu26jq6a',48,9,'2016-7-17 15:4:14'),
  ('loginbpxfc51u5u',236,1,'2016-11-11 22:42:9'),
  ('login5lo48unl8m',126,1,'2016-7-29 0:26:50');*/



